Season,Date,HomeTeam,AwayTeam,Home_Mean_Pre,Away_Mean_Pre,Home_Mean_Post,Away_Mean_Post
2022-23,05/08/2022,Crystal Palace,Arsenal,-0.07759604979645664,0.4356984706543588,-0.3272666801542848,0.6921924875387309
2022-23,06/08/2022,Bournemouth,Aston Villa,-1.8093739677251688,0.4672105189204179,-1.5223596805885466,0.12930779669088643
2022-23,06/08/2022,Everton,Chelsea,-1.245300722565699,2.077189068768167,-1.2512805271646579,2.085488231869888
2022-23,06/08/2022,Fulham,Liverpool,-1.8093739677251688,3.133562056323242,-1.600106578512226,2.9595201283425263
2022-23,06/08/2022,Leeds,Wolves,-1.389777381274593,-0.3728677227834312,-1.2791389600756606,-0.4960433830032356
2022-23,06/08/2022,Newcastle,Nott'm Forest,-0.2351647603380073,-1.8093739677251688,-0.07507644273660677,-1.93685815249821
2022-23,06/08/2022,Tottenham,Southampton,0.5925444408572376,-0.5177466157979027,0.9753549030411441,-0.7887993829059168
2022-23,07/08/2022,Leicester,Brentford,0.3006890190346309,-0.4555423252108795,0.24119105651792605,-0.3858245647170057
2022-23,07/08/2022,Man United,Brighton,0.2173849739420444,-0.107825398134808,0.049238592643800455,0.05704539199014151
2022-23,07/08/2022,West Ham,Man City,-0.01076284570626321,3.733918669124854,-0.11832697360413151,3.8336832932344276
2022-23,13/08/2022,Arsenal,Leicester,0.6921924875387309,0.24119105651792605,0.8751892074261015,0.08268146277143748
2022-23,13/08/2022,Aston Villa,Everton,0.12930779669088643,-1.2512805271646579,0.15568862030307623,-1.2719948292460177
2022-23,13/08/2022,Brentford,Man United,-0.3933717059793466,0.049238592643800455,0.06567512061950725,-0.39610628275383697
2022-23,13/08/2022,Brighton,Newcastle,0.036861029113884086,-0.07507644273660677,0.0005416326608455035,-0.03167691666413196
2022-23,13/08/2022,Man City,Bournemouth,3.8336832932344276,-1.521211998608171,4.0195707413074295,-1.7110420237012778
2022-23,13/08/2022,Southampton,Leeds,-0.7887993829059168,-1.2791389600756606,-0.8423972806675348,-1.233899616291157
2022-23,13/08/2022,Wolves,Fulham,-0.4940894287488819,-1.600106578512226,-0.5680638861786482,-1.5104734047456545
2022-23,14/08/2022,Chelsea,Tottenham,2.0843390676810096,0.9719219550188596,1.992488524812807,1.0796093785153633
2022-23,14/08/2022,Nott'm Forest,West Ham,-1.9349662135552308,-0.10981592927659276,-1.7837596790874604,-0.2685686060157034
2022-23,15/08/2022,Liverpool,Crystal Palace,2.963453414654075,-0.3188055044636735,2.8000736907165584,-0.14744123895775352
2022-23,20/08/2022,Bournemouth,Arsenal,-1.711320657020461,0.8837483183481495,-1.9542804240236458,1.1465853749434178
2022-23,20/08/2022,Crystal Palace,Aston Villa,-0.13585344247051276,0.1345323355741814,0.06338114217609461,-0.08446151913574915
2022-23,20/08/2022,Everton,Nott'm Forest,-1.2847548554611627,-1.7837785759520741,-1.3299129702101113,-1.7346160439154208
2022-23,20/08/2022,Fulham,Brentford,-1.518167614602545,0.06610292565562582,-1.357364932643497,-0.0808950982922305
2022-23,20/08/2022,Leicester,Southampton,0.10594843470894469,-0.8377627742685084,-0.05509065899055007,-0.6570420434619094
2022-23,20/08/2022,Tottenham,Wolves,1.090330094434158,-0.5614397040600403,1.1064351723212096,-0.5725169099567966
2022-23,21/08/2022,Leeds,Chelsea,-1.2298643547052401,1.9910839274347145,-0.8642021376370346,1.485863133582376
2022-23,21/08/2022,Newcastle,Man City,-0.021418112213677253,4.002849348829601,0.13232015707139302,3.8806268799772283
2022-23,21/08/2022,West Ham,Brighton,-0.2719872757505777,0.0073715106632721945,-0.5108969972033421,0.24410004890560563
2022-23,22/08/2022,Man United,Liverpool,-0.3937163851758922,2.8156997268906174,-0.18350092584742583,2.6155126188567634
2022-23,27/08/2022,Arsenal,Fulham,1.1470532947695637,-1.3666289549037385,1.1244683993021285,-1.3418324431863347
2022-23,27/08/2022,Brentford,Everton,-0.07762023882417397,-1.3487384516931216,-0.16006847672001862,-1.278675543699307
2022-23,27/08/2022,Brighton,Leeds,0.25273710805213007,-0.8640644682133883,0.2848612764946464,-0.8919872005300069
2022-23,27/08/2022,Chelsea,Leicester,1.48793346047626,-0.0581870081667328,1.5061094457801658,-0.07214348454947306
2022-23,27/08/2022,Liverpool,Bournemouth,2.6162404091430322,-1.9692386773838906,3.331475249224904,-2.678695393266006
2022-23,27/08/2022,Man City,Crystal Palace,3.843824831156157,0.08160789910214938,3.8765197581482496,0.04649755384737279
2022-23,27/08/2022,Southampton,Man United,-0.643942130759403,-0.15524059809287677,-0.7609823931629554,-0.03806795017214039
2022-23,28/08/2022,Aston Villa,West Ham,-0.11794182270588262,-0.5086133687289657,-0.28287097713582243,-0.3587212618680996
2022-23,28/08/2022,Nott'm Forest,Tottenham,-1.7297568506127494,1.073750570779115,-1.8542497892520933,1.2500703851686983
2022-23,28/08/2022,Wolves,Newcastle,-0.551701640229109,0.14036911811815778,-0.5544703073965647,0.14377233395847022
2022-23,30/08/2022,Crystal Palace,Brentford,0.040151492814567404,-0.1537286970808263,0.004007550761410815,-0.11649740964017571
2022-23,30/08/2022,Fulham,Brighton,-1.3124327395687352,0.2964645720405067,-1.1633888979726716,0.16501909521513544
2022-23,30/08/2022,Leeds,Everton,-0.8987793553651384,-1.287431413874478,-0.9366019284998964,-1.2487777756228755
2022-23,30/08/2022,Southampton,Chelsea,-0.7555443296485289,1.5131861039038665,-0.5984584917368206,1.331087560934369
2022-23,31/08/2022,Arsenal,Aston Villa,1.0994189986093188,-0.2835737376124101,1.1209207963453485,-0.306505626817108
2022-23,31/08/2022,Bournemouth,Wolves,-2.683413489719164,-0.5506100721540319,-2.6343412911113284,-0.5993965366037942
2022-23,31/08/2022,Liverpool,Newcastle,3.3407165685806772,0.13551801381130113,3.2954712957131718,0.18991209840163092
2022-23,31/08/2022,Man City,Nott'm Forest,3.8834005530699955,-1.8514383304239992,4.22743744868362,-2.2027435787969676
2022-23,31/08/2022,West Ham,Tottenham,-0.36997213047832306,1.227333317315666,-0.33931994502003665,1.1863843930721791
2022-23,01/09/2022,Leicester,Man United,-0.07521942819072647,-0.036381875760358034,-0.19199058705492544,0.09364915610462349
2022-23,03/09/2022,Aston Villa,Man City,-0.30272434934662373,4.228570256442772,-0.1548005923898993,4.101282614393956
2022-23,03/09/2022,Brentford,Leeds,-0.10855886563927755,-0.9396810632976148,0.1365251493793471,-1.1459888386577213
2022-23,03/09/2022,Chelsea,West Ham,1.3133074604034842,-0.3388392694998631,1.3255122493583573,-0.34937353804079846
2022-23,03/09/2022,Everton,Liverpool,-1.2617741997617509,3.3022485512710262,-1.1391250995744922,3.1691017561489496
2022-23,03/09/2022,Newcastle,Crystal Palace,0.17776700598184778,0.022732534628305313,0.1396786945299438,0.05596729611790943
2022-23,03/09/2022,Nott'm Forest,Bournemouth,-2.2052981115688883,-2.6269925703897146,-2.3409122688465795,-2.4916898916612005
2022-23,03/09/2022,Tottenham,Fulham,1.1781636574884429,-1.160676209179714,1.1597242110487103,-1.1450430530840126
2022-23,03/09/2022,Wolves,Southampton,-0.6040940009906989,-0.6088986522005577,-0.5373924098592278,-0.6794620398693603
2022-23,04/09/2022,Brighton,Leicester,0.16226745639511084,-0.1852106650142298,0.4146494597408694,-0.41644195010257073
2022-23,04/09/2022,Man United,Arsenal,0.09551800230169036,1.1247903842433118,0.3021389745843412,0.9141488181017596
2022-23,16/09/2022,Aston Villa,Southampton,-0.15252213201875028,-0.6803728540107565,-0.09877397314430479,-0.7300647493327829
2022-23,16/09/2022,Nott'm Forest,Fulham,-2.3407974667675275,-1.1404073292675134,-2.41698755388488,-1.052022932610099
2022-23,17/09/2022,Newcastle,Bournemouth,0.14537543560870572,-2.4976409628369476,0.010089107623226179,-2.384465864981364
2022-23,17/09/2022,Tottenham,Leicester,1.1576130505483744,-0.4172420716239051,1.5415318017841684,-0.6851956033151896
2022-23,17/09/2022,Wolves,Man City,-0.5222052290299626,4.100015725253923,-0.6650867079455918,4.241301709455889
2022-23,18/09/2022,Brentford,Arsenal,0.13442223765519834,0.9139675732575309,-0.15656572541751884,1.2031591195576614
2022-23,18/09/2022,Everton,West Ham,-1.153250683088135,-0.32634167573355555,-1.066859642944391,-0.4232940981388214
2022-23,01/10/2022,Arsenal,Tottenham,1.20325594197017,1.5302558729655722,1.3736036599145707,1.3156578715451945
2022-23,01/10/2022,Bournemouth,Brentford,-2.3674584463739885,-0.14664257641461279,-2.320341350740864,-0.19723946053360192
2022-23,01/10/2022,Crystal Palace,Chelsea,0.05670463840122116,1.3084185176762733,-0.02109360228429804,1.3976373397852941
2022-23,01/10/2022,Fulham,Newcastle,-1.0469144368961063,0.01019340456534928,-1.3372327546396865,0.30828086672999294
2022-23,01/10/2022,Liverpool,Brighton,3.1872725624170823,0.4067965321163077,3.067879552463549,0.5294103060078964
2022-23,01/10/2022,Southampton,Everton,-0.7355680974900028,-1.0698488479640067,-0.8652749844186455,-0.9544577221573736
2022-23,01/10/2022,West Ham,Wolves,-0.41978950403339654,-0.6751568093768131,-0.2711090463462116,-0.8170433735400399
2022-23,02/10/2022,Leeds,Aston Villa,-1.1473849423169304,-0.06664978453968322,-1.137818385402602,-0.0781134574310022
2022-23,02/10/2022,Man City,Man United,4.248274725210807,0.28855118848187244,4.35723956724548,0.16818987141951502
2022-23,03/10/2022,Leicester,Nott'm Forest,-0.6921840472000728,-2.391836903629479,-0.43235531052876314,-2.665179185900999
2022-23,08/10/2022,Bournemouth,Leicester,-2.3255047082176064,-0.43235531052876314,-2.204613087733805,-0.5476548694416623
2022-23,08/10/2022,Brighton,Tottenham,0.5347376286083227,1.2958668957913861,0.44472896148257296,1.4080599727737015
2022-23,08/10/2022,Chelsea,Wolves,1.413119644176796,-0.8064604386781024,1.6112108405088585,-0.9660363720028734
2022-23,08/10/2022,Man City,Southampton,4.346594122865746,-0.8627029032593786,4.497246242638907,-1.0228797442313728
2022-23,08/10/2022,Newcastle,Brentford,0.2972158421890268,-0.20138747365781076,0.6497196665944459,-0.5213521159763717
2022-23,09/10/2022,Arsenal,Liverpool,1.3562165765907823,3.0801069233955354,1.4785522385160614,2.960667746877595
2022-23,09/10/2022,Crystal Palace,Leeds,0.003594807192420041,-1.1533106136850213,0.030380228586062197,-1.1767164780208266
2022-23,09/10/2022,Everton,Man United,-0.9697838897614585,0.16012408587215946,-1.0388041416921225,0.24016226901713486
2022-23,09/10/2022,West Ham,Fulham,-0.27078384174409315,-1.3544238330919627,-0.15480237491948862,-1.4827416783557772
2022-23,10/10/2022,Nott'm Forest,Aston Villa,-2.6470965380154174,-0.06365895919270353,-2.590227357231541,-0.12756401149445154
2022-23,14/10/2022,Brentford,Brighton,-0.5212666002947509,0.4535567299940324,-0.33874819699995906,0.2716243653254285
2022-23,15/10/2022,Fulham,Bournemouth,-1.4810070139462996,-2.1968413299182945,-1.5324297426590312,-2.1519926659919397
2022-23,15/10/2022,Leicester,Crystal Palace,-0.5460090836576557,0.0343164805471166,-0.5514548087152887,0.040467156543754934
2022-23,15/10/2022,Tottenham,Everton,1.400344420659717,-1.030468717370154,1.4889702372496334,-1.0934352226508024
2022-23,15/10/2022,Wolves,Nott'm Forest,-0.9534418729497243,-2.589655618461856,-0.9440843143042965,-2.599076773185714
2022-23,16/10/2022,Aston Villa,Chelsea,-0.12753446947130187,1.6073321987750815,-0.27786495557929214,1.7716821896642654
2022-23,16/10/2022,Leeds,Arsenal,-1.1810968488887994,1.479707445346934,-1.204757609619458,1.5062931326902702
2022-23,16/10/2022,Liverpool,Man City,2.950952937564463,4.512520863159007,3.061945213668857,4.407407426888639
2022-23,16/10/2022,Man United,Newcastle,0.23912601429749575,0.6439076285127975,0.2272861058590155,0.656769320862424
2022-23,16/10/2022,Southampton,West Ham,-1.0281512882685078,-0.16465167521749102,-1.0251131984580863,-0.16767519347731255
2022-23,18/10/2022,Brighton,Nott'm Forest,0.27603107749964606,-2.6065487679180595,0.16150846471520772,-2.4987098521843416
2022-23,18/10/2022,Crystal Palace,Wolves,0.04139814049321835,-0.9394248188277772,0.07204381742412255,-0.9677723215665537
2022-23,19/10/2022,Bournemouth,Southampton,-2.152689767393268,-1.0258193573500705,-2.222265911264225,-0.9532317302752307
2022-23,19/10/2022,Brentford,Chelsea,-0.3453915219887951,1.7738106296779992,-0.303094895164449,1.7255567030706707
2022-23,19/10/2022,Liverpool,West Ham,3.057307126859776,-0.16767866599568082,3.0180948372893184,-0.1284514933348576
2022-23,19/10/2022,Man United,Tottenham,0.22590849458016352,1.4982398132193187,0.41250649071642076,1.2723948163852263
2022-23,19/10/2022,Newcastle,Everton,0.6604265736440472,-1.0879382898319534,0.6672177025692763,-1.0933947797498689
2022-23,20/10/2022,Fulham,Aston Villa,-1.5343602493176092,-0.2777041497450492,-1.245689104062749,-0.5604530300307295
2022-23,20/10/2022,Leicester,Leeds,-0.544489834668118,-1.215088722871436,-0.4314824043406028,-1.3271382938554275
2022-23,22/10/2022,Chelsea,Man United,1.7073581972485856,0.41716924431788266,1.6364935717992162,0.4801997835773101
2022-23,22/10/2022,Everton,Crystal Palace,-1.1043716791291636,0.05944668002812332,-0.8740934297214915,-0.20353961550907246
2022-23,22/10/2022,Man City,Brighton,4.402431083056688,0.17484706883680884,4.414973792500591,0.1617224799575671
2022-23,22/10/2022,Nott'm Forest,Liverpool,-2.496771649807651,3.0339011386757413,-2.2822166107914175,2.811803166693272
2022-23,23/10/2022,Aston Villa,Brentford,-0.560361841004665,-0.29118791512012665,-0.23163453258651956,-0.605606398951705
2022-23,23/10/2022,Leeds,Fulham,-1.3307244094566415,-1.2450438914139819,-1.4230832442541665,-1.1344854166216962
2022-23,23/10/2022,Southampton,Arsenal,-0.9494270212583231,1.4948123388466346,-0.8995070475320076,1.4424049056225383
2022-23,23/10/2022,Tottenham,Newcastle,1.3089211615043372,0.6716515119449338,1.158414110512721,0.8068429935674576
2022-23,23/10/2022,Wolves,Leicester,-0.9699777902262453,-0.4495920416837204,-1.2873527037528505,-0.1443660661166956
2022-23,24/10/2022,West Ham,Bournemouth,-0.12956746370375585,-2.2104914630909307,-0.052988348017597414,-2.2843240768009654
2022-23,29/10/2022,Bournemouth,Tottenham,-2.2843240768009654,1.1606855031070324,-2.2853064595349584,1.1619471549067448
2022-23,29/10/2022,Brentford,Wolves,-0.5953758439182223,-1.287208158192628,-0.638593563323727,-1.2467701303005916
2022-23,29/10/2022,Brighton,Chelsea,0.1624154848163286,1.6323766025051896,0.42186690936328153,1.337903424842508
2022-23,29/10/2022,Crystal Palace,Southampton,-0.22013093339437398,-0.9134502496485901,-0.18286723370193403,-0.9496540442829514
2022-23,29/10/2022,Fulham,Everton,-1.1386029506756434,-0.88255123261952,-1.1547016349814951,-0.8691656925436047
2022-23,29/10/2022,Leicester,Man City,-0.14824450705179515,4.42953541828841,-0.11886213981213914,4.398437740008963
2022-23,29/10/2022,Liverpool,Leeds,2.825936195868641,-1.4249259082080021,2.6018708771746253,-1.2192211621105722
2022-23,29/10/2022,Newcastle,Aston Villa,0.7944845786777229,-0.2374950736686989,1.0840687330605463,-0.5153301952860664
2022-23,30/10/2022,Arsenal,Nott'm Forest,1.4349501403196339,-2.26767027787129,1.7111285522397492,-2.5212861759796175
2022-23,30/10/2022,Man United,West Ham,0.48703731118752436,-0.07800396266151681,0.5282479783633393,-0.11775413159326703
2022-23,05/11/2022,Everton,Leicester,-0.8756504402664347,-0.11088255729982126,-1.0151168552672252,0.030956321734877265
2022-23,05/11/2022,Leeds,Bournemouth,-1.2189919199915762,-2.289702579373102,-1.1963416432750917,-2.3135086099297757
2022-23,05/11/2022,Man City,Fulham,4.388246383850257,-1.1607159307649435,4.289593865666689,-1.0509256278204804
2022-23,05/11/2022,Nott'm Forest,Brentford,-2.5225171697319873,-0.6186357423371102,-2.491718224492945,-0.6512838713708925
2022-23,05/11/2022,Wolves,Brighton,-1.2460690526747835,0.42674327785265564,-1.2947397001006575,0.47849953239900395
2022-23,06/11/2022,Aston Villa,Man United,-0.5198057826003537,0.5262790149929796,-0.3494161040351619,0.3613594634535495
2022-23,06/11/2022,Chelsea,Arsenal,1.3383815031760091,1.7203164335085126,1.238736220716595,1.81093017570819
2022-23,06/11/2022,Southampton,Newcastle,-0.947555507200161,1.072750327635407,-1.1404952650165858,1.2866922638587717
2022-23,06/11/2022,Tottenham,Liverpool,1.1704927944426156,2.614469786617711,1.100879826619539,2.6709753041805233
2022-23,06/11/2022,West Ham,Crystal Palace,-0.12930725697304846,-0.17181210949517203,-0.22801253782585795,-0.06985760527801595
2022-23,12/11/2022,Bournemouth,Everton,-2.3091608198690445,-1.013630069084121,-2.0799887375915285,-1.2300147937729633
2022-23,12/11/2022,Liverpool,Southampton,2.6713017490872684,-1.1420886839522688,2.6943213637566727,-1.1652154142675848
2022-23,12/11/2022,Man City,Brentford,4.299648014179389,-0.6415844849451054,4.07484165528044,-0.4064259777151269
2022-23,12/11/2022,Newcastle,Chelsea,1.2897510407643102,1.23025542743732,1.34627208100042,1.1716543768104883
2022-23,12/11/2022,Nott'm Forest,Crystal Palace,-2.477886040392521,-0.0753652887455206,-2.3631389885123646,-0.1976258734920669
2022-23,12/11/2022,Tottenham,Leeds,1.1021455534284696,-1.1884030205994087,1.0907091760818513,-1.179792718493898
2022-23,12/11/2022,West Ham,Leicester,-0.2358261885553735,0.01848987065319131,-0.3979036853740149,0.1689604691575543
2022-23,12/11/2022,Wolves,Arsenal,-1.292945697768507,1.8237988584679063,-1.3735860639880746,1.9117576732116026
2022-23,13/11/2022,Brighton,Aston Villa,0.4754302967022982,-0.3509568548573037,0.3558838855966142,-0.22600341832895357
2022-23,13/11/2022,Fulham,Man United,-1.0360098966217004,0.35413639337227404,-1.0976161139666532,0.4127701070719139
2022-23,26/12/2022,Arsenal,West Ham,1.9152458391722684,-0.39992024422804906,1.9802310298587749,-0.4618808503031725
2022-23,26/12/2022,Aston Villa,Liverpool,-0.22612201835956897,2.68445302522813,-0.31858983031653,2.77114873255198
2022-23,26/12/2022,Brentford,Tottenham,-0.4029319605821609,1.0891177961552045,-0.38346018690720096,1.065988137834927
2022-23,26/12/2022,Crystal Palace,Fulham,-0.19373054757663738,-1.0979975986095736,-0.4608045741170212,-0.8169937463768546
2022-23,26/12/2022,Everton,Wolves,-1.2228469779162792,-1.3777853620421967,-1.3113978864408895,-1.2845544529105555
2022-23,26/12/2022,Leicester,Newcastle,0.16148944555796638,1.3439370287319918,-0.028494316976898554,1.570210587104742
2022-23,26/12/2022,Southampton,Brighton,-1.176047203864743,0.36617365380501976,-1.2997679298764846,0.49199163653759703
2022-23,27/12/2022,Chelsea,Bournemouth,1.160162415771891,-2.0678526562727697,1.2034770195969602,-2.104402050341123
2022-23,27/12/2022,Man United,Nott'm Forest,0.4211257906948988,-2.3605499778723127,0.5468335332688536,-2.4783948285395487
2022-23,28/12/2022,Leeds,Man City,-1.1791553883606014,4.076524498034336,-1.2022383497169722,4.101030669945245
2022-23,30/12/2022,Liverpool,Leicester,2.7753058796635153,-0.028092502473048286,2.7531038542001305,-0.007399368731226694
2022-23,30/12/2022,West Ham,Brentford,-0.4650752505661846,-0.3761871080017195,-0.6222982217437294,-0.21515417217948668
2022-23,31/12/2022,Bournemouth,Crystal Palace,-2.107180737667221,-0.46424175233814396,-2.220841200844891,-0.3433551602962128
2022-23,31/12/2022,Brighton,Arsenal,0.4937377107309176,1.9748269992346383,0.3698815493039543,2.1019137384994586
2022-23,31/12/2022,Fulham,Southampton,-0.8071407591045745,-1.2999723023308236,-0.76673082326419,-1.3374525639016606
2022-23,31/12/2022,Man City,Everton,4.098326114184487,-1.3125075902998222,3.9413504680819837,-1.1657010645667931
2022-23,31/12/2022,Newcastle,Leeds,1.5726007809337335,-1.1981181905849765,1.471911625252266,-1.1138014721566316
2022-23,31/12/2022,Wolves,Man United,-1.2858212665319848,0.5442301388928672,-1.326905032210889,0.5882362538798924
2022-23,01/01/2023,Nott'm Forest,Chelsea,-2.479401343168104,1.2105431577712058,-2.406568386067628,1.1247414638630295
2022-23,01/01/2023,Tottenham,Aston Villa,1.0774946765006728,-0.31233525064720435,0.84346076323584,-0.10651644111233202
2022-23,02/01/2023,Brentford,Liverpool,-0.21636892306066288,2.7503303103528602,-0.020296628784887888,2.558834551530321
2022-23,03/01/2023,Arsenal,Newcastle,2.102657150858795,1.4707123695266247,2.066069954081483,1.5092412272654174
2022-23,03/01/2023,Everton,Brighton,-1.1665082600832184,0.3640564625576441,-1.3373610288331101,0.5537427624177779
2022-23,03/01/2023,Leicester,Fulham,-0.01419322161121803,-0.7659556267103813,-0.1133614933572632,-0.6511347552922889
2022-23,03/01/2023,Man United,Bournemouth,0.5885987591429506,-2.2238330486168723,0.7069004600488833,-2.3349614575400004
2022-23,04/01/2023,Aston Villa,Wolves,-0.1017858622957509,-1.3270120542388788,-0.1549380523639865,-1.27876598056856
2022-23,04/01/2023,Crystal Palace,Tottenham,-0.3437135788051268,0.8458346738976025,-0.6111593186054253,1.1587221767366038
2022-23,04/01/2023,Leeds,West Ham,-1.1173040595472812,-0.6207250307667762,-1.1236370082211053,-0.6138919062757873
2022-23,04/01/2023,Southampton,Nott'm Forest,-1.3427651606057667,-2.403360888533234,-1.4574120180323114,-2.292518040714088
2022-23,05/01/2023,Chelsea,Man City,1.130126125941261,3.9437825414502337,1.1110975693208363,3.9601777082949967
2022-23,12/01/2023,Fulham,Chelsea,-0.6484960782468471,1.1110975693208363,-0.5514223861324274,1.0089251806249253
2022-23,13/01/2023,Aston Villa,Leeds,-0.1529191807945276,-1.1265837460406358,-0.12816390491994076,-1.1481565371777838
2022-23,14/01/2023,Brentford,Bournemouth,-0.013841928968615046,-2.333326313403227,0.043443146012435395,-2.387585296719024
2022-23,14/01/2023,Brighton,Liverpool,0.5678049779388424,2.564221607521566,0.7965338298150124,2.340071147770825
2022-23,14/01/2023,Everton,Southampton,-1.3345278254280386,-1.458566843027761,-1.4141308338220095,-1.3715650648492606
2022-23,14/01/2023,Man United,Man City,0.7173684438285737,3.960807340131585,0.8456108320462257,3.838893170900406
2022-23,14/01/2023,Nott'm Forest,Leicester,-2.291031427803836,-0.10986473501080626,-2.131241198161232,-0.2634689945642049
2022-23,14/01/2023,Wolves,West Ham,-1.270160233363003,-0.6128458913465209,-1.2099363514722166,-0.675228752022485
2022-23,15/01/2023,Chelsea,Crystal Palace,1.016611891157386,-0.6194339000779746,1.0247405499262188,-0.6269987317696346
2022-23,15/01/2023,Newcastle,Fulham,1.515717297931611,-0.5499509599722604,1.5125870811390791,-0.5469642684347202
2022-23,15/01/2023,Tottenham,Arsenal,1.1630753743381317,2.0802612106897045,1.01340437219556,2.21023378582847
2022-23,18/01/2023,Crystal Palace,Man United,-0.6279823489908177,0.8451608982719317,-0.6106337388140961,0.8277835371251154
2022-23,19/01/2023,Man City,Tottenham,3.8381977658974193,1.013416497089473,3.8810157527485174,0.9613609228990158
2022-23,21/01/2023,Bournemouth,Nott'm Forest,-2.3934289421587867,-2.1327055214238806,-2.404962944490238,-2.1211585128197434
2022-23,21/01/2023,Crystal Palace,Newcastle,-0.6111057761322847,1.5110168440158736,-0.5795593144132325,1.4764404603723658
2022-23,21/01/2023,Leicester,Brighton,-0.2647283967676732,0.7951246351140903,-0.25831714505547404,0.7881315743909431
2022-23,21/01/2023,Liverpool,Chelsea,2.3374639339377143,1.0243218074727156,2.2878896391305554,1.0789408203047701
2022-23,21/01/2023,Southampton,Aston Villa,-1.3723978784205786,-0.12462905320358078,-1.4245624401178494,-0.06946266194807627
2022-23,21/01/2023,West Ham,Everton,-0.6754194512135587,-1.418894056062409,-0.5834558837875105,-1.503559135353797
2022-23,22/01/2023,Arsenal,Man United,2.210143844183682,0.8289387188226871,2.2239079435343982,0.8157089485913792
2022-23,22/01/2023,Leeds,Brentford,-1.1526692057025565,0.04245115148762255,-1.1433554522873868,0.032186638507373314
2022-23,22/01/2023,Man City,Wolves,3.880840607216274,-1.2073890724652818,3.9322174195189747,-1.2591935557370244
2022-23,23/01/2023,Fulham,Tottenham,-0.5488902900570086,0.9623817136274433,-0.5964550993566791,1.0151149290573354
2022-23,03/02/2023,Chelsea,Fulham,1.0796096959611632,-0.5964550993566791,1.0188715629524305,-0.5384835150184837
2022-23,04/02/2023,Aston Villa,Leicester,-0.06881038549183778,-0.258797278930813,-0.22680309781414365,-0.11893379651084951
2022-23,04/02/2023,Brentford,Southampton,0.031511538571560985,-1.4305259135823516,0.1724638119915839,-1.5690154383741601
2022-23,04/02/2023,Brighton,Bournemouth,0.790394191481256,-2.4017140256092766,0.7606833490466536,-2.3733719885795646
2022-23,04/02/2023,Everton,Arsenal,-1.5076406410968572,2.223417319258065,-1.384830772606147,2.084671661617684
2022-23,04/02/2023,Man United,Crystal Palace,0.8122232958255003,-0.5794781482795942,0.8249310181866313,-0.5921678145476724
2022-23,04/02/2023,Newcastle,West Ham,1.4733746799832688,-0.5830647253538321,1.4014160442090007,-0.5173774639608751
2022-23,04/02/2023,Wolves,Liverpool,-1.258946914579043,2.2873381606072742,-1.0115115396382628,2.0319272040049197
2022-23,05/02/2023,Nott'm Forest,Leeds,-2.118332391004986,-1.1455921406993177,-2.051661787472003,-1.2094263107579495
2022-23,05/02/2023,Tottenham,Man City,1.0109751332589683,3.9399952371155664,1.1391875638605287,3.8341138465735263
2022-23,08/02/2023,Man United,Leeds,0.8250945993732234,-1.2083143876915974,0.7605481513079142,-1.1484854462680498
2022-23,11/02/2023,Arsenal,Brentford,2.089635878864696,0.17309357059830252,2.0273241204239802,0.2341122174593744
2022-23,11/02/2023,Bournemouth,Newcastle,-2.370442770298768,1.4024870321045269,-2.3055623220331616,1.3293338761936244
2022-23,11/02/2023,Crystal Palace,Brighton,-0.5967041007321723,0.7547098278105789,-0.583318147439704,0.7411462411481028
2022-23,11/02/2023,Fulham,Nott'm Forest,-0.5402274316983448,-2.049676952225809,-0.46656792438854744,-2.1178387160185213
2022-23,11/02/2023,Leicester,Tottenham,-0.11992625656721066,1.1390331862512264,0.05931998587603575,0.9174902974682533
2022-23,11/02/2023,Southampton,Wolves,-1.5682895889653565,-1.0151540742724527,-1.634026506454811,-0.951816814318557
2022-23,11/02/2023,West Ham,Chelsea,-0.5115667873012887,1.0171957832909493,-0.4946877314907047,0.9986336319639687
2022-23,12/02/2023,Leeds,Man United,-1.1493903768929246,0.7568070425499658,-1.2370778263035254,0.8514071891551742
2022-23,12/02/2023,Man City,Aston Villa,3.830580158410265,-0.23588177509496608,3.843268502676207,-0.24986081722251754
2022-23,13/02/2023,Liverpool,Everton,2.030750449159365,-1.3855986798584716,2.058611637153322,-1.4113717880783734
2022-23,15/02/2023,Arsenal,Man City,2.0221302615058194,3.8433322731272486,1.9205205956076992,3.937257112852496
2022-23,18/02/2023,Aston Villa,Arsenal,-0.24781872793135432,1.9205205956076992,-0.34033503901793727,2.00955936658398
2022-23,18/02/2023,Brentford,Crystal Palace,0.2307320644482798,-0.583470142569716,0.1955015819098744,-0.5488564685926767
2022-23,18/02/2023,Brighton,Fulham,0.7439741653948848,-0.4745598808850351,0.6400680317665473,-0.36731446036108073
2022-23,18/02/2023,Chelsea,Southampton,1.002648493599537,-1.6366397695695645,0.8569383304423314,-1.5033428263394426
2022-23,18/02/2023,Everton,Leeds,-1.409239476898587,-1.2404270980890906,-1.366045136259422,-1.283027233542644
2022-23,18/02/2023,Newcastle,Liverpool,1.3323281067808854,2.0567157667387597,1.202390364320627,2.1754069277940666
2022-23,18/02/2023,Nott'm Forest,Man City,-2.114928210003547,3.934566925882842,-2.002125422578454,3.8254971979145953
2022-23,18/02/2023,Wolves,Bournemouth,-0.9494561696633248,-2.3107767434206856,-1.052247000959965,-2.2075367964582995
2022-23,19/02/2023,Man United,Leicester,0.8494361341892301,0.05882656340285801,0.9912921310025472,-0.07672756649312669
2022-23,19/02/2023,Tottenham,West Ham,0.9158268678983236,-0.5000181444581192,0.9966918244018478,-0.5700622317331052
2022-23,24/02/2023,Fulham,Wolves,-0.3695320525161806,-1.0527105396415843,-0.4019877149788909,-1.0227344924263944
2022-23,25/02/2023,Bournemouth,Man City,-2.2061778207445712,3.8293395627457967,-2.2661354394339894,3.887402262157282
2022-23,25/02/2023,Crystal Palace,Liverpool,-0.5517366661313129,2.176172483318927,-0.5096542884966149,2.134296838224684
2022-23,25/02/2023,Everton,Aston Villa,-1.3656548545813483,-0.339073277197159,-1.4680575132383207,-0.22227514993679243
2022-23,25/02/2023,Leeds,Southampton,-1.2789338833887862,-1.5028741206339036,-1.2451336923843266,-1.5400154432754838
2022-23,25/02/2023,Leicester,Arsenal,-0.07406242366678244,2.017065474304733,-0.10204109940440338,2.047351679671299
2022-23,25/02/2023,West Ham,Nott'm Forest,-0.5712062049037738,-2.002474811495648,-0.385742104725451,-2.182937556117947
2022-23,26/02/2023,Tottenham,Chelsea,1.0028035753168372,0.8602437014266076,1.111928288525313,0.7564149197090465
2022-23,01/03/2023,Arsenal,Everton,2.0504658860209477,-1.4638252005988546,2.1909046462644715,-1.5919188998077882
2022-23,01/03/2023,Liverpool,Wolves,2.131110879055642,-1.0180735096304454,2.1627867312952014,-1.0488205195664837
2022-23,04/03/2023,Arsenal,Bournemouth,2.1909291557662898,-2.268519046001937,2.138486266420525,-2.2172432808754166
2022-23,04/03/2023,Aston Villa,Crystal Palace,-0.22150810733124693,-0.5092695507248237,-0.18501506068736479,-0.5439786157971367
2022-23,04/03/2023,Brighton,West Ham,0.6395163795963198,-0.38808067883678216,0.836483316777999,-0.5777556845714366
2022-23,04/03/2023,Chelsea,Leeds,0.7515764291887308,-1.2458392850725055,0.7503902506920768,-1.2448466998863918
2022-23,04/03/2023,Man City,Newcastle,3.891216158256807,1.2068366799482668,3.9300402613209755,1.1609265942204856
2022-23,04/03/2023,Southampton,Leicester,-1.5439940022037348,-0.0966684056181847,-1.4723947308230567,-0.16380975831817424
2022-23,04/03/2023,Wolves,Tottenham,-1.0494220527348213,1.1092658772408068,-0.968633878329033,1.0115330703518026
2022-23,05/03/2023,Liverpool,Man United,2.1659149722518096,0.9964059546362724,2.5154916330285237,0.6373091254318035
2022-23,05/03/2023,Nott'm Forest,Everton,-2.187019350745583,-1.5884800697176575,-2.1904902489117464,-1.5852387692886747
2022-23,06/03/2023,Brentford,Fulham,0.20063626224038486,-0.40273937321831393,0.22978759414992475,-0.4320061175892492
2022-23,11/03/2023,Bournemouth,Liverpool,-2.2167606240219953,2.5154506180586633,-2.082976461742121,2.381068267068667
2022-23,11/03/2023,Crystal Palace,Man City,-0.5487678082113642,3.9242355234188495,-0.5283081644967385,3.9049851054602813
2022-23,11/03/2023,Everton,Brentford,-1.5878099653438693,0.23322103487365095,-1.5171920704077255,0.15241112889762945
2022-23,11/03/2023,Leeds,Brighton,-1.2514461102615064,0.8372184276879121,-1.2264518841440608,0.8089301437645695
2022-23,11/03/2023,Leicester,Chelsea,-0.17535226441533466,0.7479471305979511,-0.2769157361239459,0.8656214200261607
2022-23,11/03/2023,Tottenham,Nott'm Forest,1.010358383048172,-2.189041493425591,1.0442840353592375,-2.217903337901151
2022-23,12/03/2023,Fulham,Arsenal,-0.4309635210826608,2.1290904247686533,-0.566478648256816,2.257931823979933
2022-23,12/03/2023,Man United,Southampton,0.635962947420347,-1.4692738657943354,0.5768227084922356,-1.41016837588005
2022-23,12/03/2023,Newcastle,Wolves,1.164288818566913,-0.9635702117688666,1.160151474039185,-0.9600348002457325
2022-23,12/03/2023,West Ham,Aston Villa,-0.5754876793369231,-0.1776331211081257,-0.5830472840716462,-0.16966914088942206
2022-23,15/03/2023,Brighton,Crystal Palace,0.8045266039382872,-0.5283663909226514,0.817294815766754,-0.5407198941258192
2022-23,15/03/2023,Southampton,Brentford,-1.4099483522324359,0.1533834644698207,-1.5031825980911822,0.2501602877057688
2022-23,17/03/2023,Nott'm Forest,Newcastle,-2.2209123940174864,1.1600603761432122,-2.2228557869349954,1.162272598614651
2022-23,18/03/2023,Aston Villa,Bournemouth,-0.17181196718282676,-2.080849249235242,-0.056383628229121324,-2.187640715731333
2022-23,18/03/2023,Brentford,Leicester,0.24850998108560304,-0.2756197744067446,0.22196545001677048,-0.2510637907384969
2022-23,18/03/2023,Chelsea,Everton,0.8633102281592892,-1.5109032354206888,0.7945963023500455,-1.453357195031854
2022-23,18/03/2023,Southampton,Tottenham,-1.5012146341896737,1.0422225416802637,-1.4665067232991316,1.0019016780045817
2022-23,18/03/2023,Wolves,Leeds,-0.9646382355454088,-1.221140373988445,-1.0891095992813837,-1.1010824500862992
2022-23,19/03/2023,Arsenal,Crystal Palace,2.2586155499717853,-0.53907460738431,2.3500478016941138,-0.6293515530526899
2022-23,01/04/2023,Arsenal,Leeds,2.3500478016941138,-1.1010620936387978,2.4273276003201243,-1.1724198140828594
2022-23,01/04/2023,Bournemouth,Fulham,-2.188177659000303,-0.5666790275276736,-2.119947224194329,-0.6414152473055338
2022-23,01/04/2023,Brighton,Brentford,0.8147091494918618,0.22543983762479838,0.787055842353686,0.2526414486269385
2022-23,01/04/2023,Chelsea,Aston Villa,0.7914667417674518,-0.051452276032575676,0.6422027400293082,0.09289534841342903
2022-23,01/04/2023,Crystal Palace,Leicester,-0.6280256889858389,-0.2533992976808222,-0.5829243812715202,-0.29670646635591946
2022-23,01/04/2023,Man City,Liverpool,3.903446582682905,2.3770660504711514,4.014858230795245,2.261752434113382
2022-23,01/04/2023,Nott'm Forest,Wolves,-2.2239966663846364,-1.0906236789592854,-2.216943014280267,-1.0975094973680422
2022-23,02/04/2023,Newcastle,Man United,1.154695136439334,0.577766321603038,1.2431913692151964,0.4959025975189256
2022-23,02/04/2023,West Ham,Southampton,-0.5852725581114384,-1.4701791754132614,-0.5639598740480715,-1.4907174826738856
2022-23,03/04/2023,Everton,Tottenham,-1.4505623522292235,0.999163675208038,-1.4204644383729883,0.961645516747263
2022-23,04/04/2023,Bournemouth,Brighton,-2.114865875378217,0.7847343032889814,-2.1770540636030127,0.8507614639156489
2022-23,04/04/2023,Chelsea,Liverpool,0.642234822341324,2.2624202520557666,0.6600584914765978,2.2460358652160477
2022-23,04/04/2023,Leeds,Nott'm Forest,-1.1729179248488633,-2.2160595286991183,-1.1567293443166868,-2.233220621027507
2022-23,04/04/2023,Leicester,Aston Villa,-0.2979469645476583,0.09628960120014404,-0.3543308265109706,0.1589884567522887
2022-23,05/04/2023,Man United,Brentford,0.49435147209491026,0.25220304323948645,0.5280008628360876,0.21873123097639735
2022-23,05/04/2023,West Ham,Newcastle,-0.5615792393089352,1.2416939350320086,-0.7540544087653174,1.4501750453567133
2022-23,08/04/2023,Aston Villa,Nott'm Forest,0.1557940827679428,-2.2328263467731277,0.20089376204803588,-2.2747602340809707
2022-23,08/04/2023,Brentford,Newcastle,0.2198297466609695,1.4494273727734908,0.17666138289909722,1.496193338704279
2022-23,08/04/2023,Fulham,West Ham,-0.6393754246526224,-0.7527833251383548,-0.7129771569248049,-0.6837042973361565
2022-23,08/04/2023,Leicester,Bournemouth,-0.3545064141067927,-2.1732329823939387,-0.45008531533176505,-2.0746921962676175
2022-23,08/04/2023,Man United,Everton,0.5315000916871087,-1.4218980027016932,0.5842255303745835,-1.4699927599646079
2022-23,08/04/2023,Southampton,Man City,-1.4934301874978317,4.0238352411657,-1.558057410850279,4.087197430892351
2022-23,08/04/2023,Tottenham,Brighton,0.9533444938560068,0.8458081592938181,0.993290778345486,0.8101271841251315
2022-23,08/04/2023,Wolves,Chelsea,-1.09314336680327,0.6553147153223943,-1.0253789663628181,0.5797148375657699
2022-23,09/04/2023,Leeds,Crystal Palace,-1.1575221456056466,-0.5770718288965003,-1.351431819588322,-0.3661190184759199
2022-23,09/04/2023,Liverpool,Arsenal,2.260639623847252,2.4293456678358147,2.249300788690309,2.4408753770366407
2022-23,15/04/2023,Aston Villa,Newcastle,0.2011811872635417,1.507260248581347,0.36901461412307035,1.3310178219587188
2022-23,15/04/2023,Chelsea,Brighton,0.5839863598428234,0.8105009114405086,0.5188723298900653,0.8727087942237466
2022-23,15/04/2023,Everton,Fulham,-1.4733905252527664,-0.7139505563289527,-1.5678369538497503,-0.6042808955067891
2022-23,15/04/2023,Man City,Leicester,4.093642905762572,-0.4435867788399706,4.095878722013857,-0.44573809834993383
2022-23,15/04/2023,Southampton,Crystal Palace,-1.5600781402298871,-0.3661385558572428,-1.6533453940997325,-0.2729425054248552
2022-23,15/04/2023,Tottenham,Bournemouth,0.9923522366073032,-2.068478014476557,0.8530630287002634,-1.9508861660417456
2022-23,15/04/2023,Wolves,Brentford,-1.033837014361984,0.17421139515161488,-0.9275685154706951,0.06294140942427111
2022-23,16/04/2023,Nott'm Forest,Man United,-2.273662175200614,0.5766475852126043,-2.33452088544975,0.6403989523912096
2022-23,16/04/2023,West Ham,Arsenal,-0.6900372503205526,2.4434457125395714,-0.6451825605626998,2.39882412940483
2022-23,17/04/2023,Leeds,Liverpool,-1.3520611436940306,2.2494025149930463,-1.537572886201815,2.450016404488618
2022-23,21/04/2023,Arsenal,Southampton,2.3996546147476767,-1.6584941204075043,2.3104099457511156,-1.5702352725827384
2022-23,22/04/2023,Brentford,Aston Villa,0.06039294486334549,0.3629062925431355,0.05178930913904301,0.37176644274866905
2022-23,22/04/2023,Crystal Palace,Everton,-0.2751825106563595,-1.5746343967568943,-0.3131889559657049,-1.5391555704567876
2022-23,22/04/2023,Fulham,Leeds,-0.6082440486203711,-1.53776884872321,-0.5881226256208553,-1.5549282883752593
2022-23,22/04/2023,Leicester,Wolves,-0.45035685282571164,-0.9254388381075618,-0.4247620979449635,-0.9517201411329068
2022-23,22/04/2023,Liverpool,Nott'm Forest,2.4474317720078362,-2.3356459766602526,2.3955500110003474,-2.284854438333792
2022-23,23/04/2023,Bournemouth,West Ham,-1.9501658049889767,-0.6429808217040206,-2.1341892859943132,-0.4508067273614643
2022-23,23/04/2023,Newcastle,Tottenham,1.3415542798918423,0.8573425034479173,1.5848094588090962,0.6024186029002402
2022-23,25/04/2023,Aston Villa,Fulham,0.3767632569433792,-0.5886087677469457,0.3950198247692338,-0.6074674878603029
2022-23,25/04/2023,Leeds,Leicester,-1.5560032909002206,-0.43195205245893004,-1.5500330255647783,-0.43807036270435373
2022-23,25/04/2023,Wolves,Crystal Palace,-0.9529071941696481,-0.30989254377623343,-0.8601777961696385,-0.4053880703627998
2022-23,26/04/2023,Chelsea,Brentford,0.5177694670840255,0.0518051546705336,0.3872296118715632,0.1724238885528862
2022-23,26/04/2023,Man City,Arsenal,4.097109624259182,2.3046738818781702,4.197512886199146,2.203087788378687
2022-23,26/04/2023,Nott'm Forest,Brighton,-2.282945098910558,0.8647598165684459,-2.1459127618550897,0.7171376896564503
2022-23,26/04/2023,West Ham,Liverpool,-0.4559064795194581,2.392636424472439,-0.46747090409389624,2.403959504647812
2022-23,27/04/2023,Everton,Newcastle,-1.5428276961499037,1.590968318205852,-1.6396329423975944,1.7044621030845029
2022-23,27/04/2023,Southampton,Bournemouth,-1.5746717055370556,-2.129713570753749,-1.6473959357210617,-2.0589101298292927
2022-23,27/04/2023,Tottenham,Man United,0.6008865546360378,0.645915607284213,0.5861520248286035,0.6592662769269232
2022-23,29/04/2023,Brentford,Nott'm Forest,0.16845951620072994,-2.1437055536494927,0.16188487545568053,-2.1373897484697846
2022-23,29/04/2023,Brighton,Wolves,0.7187850449883468,-0.8548254348447462,0.9772564877005949,-1.0940907351136095
2022-23,29/04/2023,Crystal Palace,West Ham,-0.4087383034054856,-0.46625374310171747,-0.37541645858296313,-0.5001277907710605
2022-23,30/04/2023,Bournemouth,Leeds,-2.0595310661671125,-1.554058586843468,-1.9229496516840965,-1.6835404511701182
2022-23,30/04/2023,Fulham,Man City,-0.6065812764060575,4.202241112358327,-0.5813560467072251,4.178841242759479
2022-23,30/04/2023,Liverpool,Tottenham,2.407140198174286,0.5895108506339362,2.4093671516819217,0.5869506119390342
2022-23,30/04/2023,Man United,Aston Villa,0.6576360514928334,0.3959612488844372,0.6883908318647409,0.36504099278613905
2022-23,30/04/2023,Newcastle,Southampton,1.7042975929740156,-1.651731295861416,1.7292960880709325,-1.674602320538351
2022-23,01/05/2023,Leicester,Everton,-0.43811553605534315,-1.6422265175900763,-0.47134817414334074,-1.6093785996799155
2022-23,02/05/2023,Arsenal,Chelsea,2.202063468293816,0.37860984320453683,2.2523135655335826,0.32410784540192517
2022-23,03/05/2023,Liverpool,Fulham,2.410664402752061,-0.5812422094138399,2.3926583684271723,-0.5617770830325661
2022-23,03/05/2023,Man City,West Ham,4.179116948545986,-0.4967468684906927,4.2259487862153104,-0.5443324090050836
2022-23,04/05/2023,Brighton,Man United,0.9756488075189257,0.6898026254932349,1.0058323106584737,0.6599132754081994
2022-23,06/05/2023,Bournemouth,Chelsea,-1.9226983466798864,0.32374793943342134,-1.989136497472646,0.3983995005813958
2022-23,06/05/2023,Liverpool,Brentford,2.3930398532792543,0.1645519071899322,2.3882360362746566,0.16953307597014514
2022-23,06/05/2023,Man City,Leeds,4.224533453613013,-1.6831044985797654,4.156462063085277,-1.6190079236626236
2022-23,06/05/2023,Tottenham,Crystal Palace,0.5861959634190379,-0.3766630573847734,0.6054497025613529,-0.39351745250398207
2022-23,06/05/2023,Wolves,Aston Villa,-1.0940462751797988,0.3649392151956327,-1.0367500550891557,0.3033982008210968
2022-23,07/05/2023,Newcastle,Arsenal,1.7266507073131094,2.2509357306895885,1.6200222938903128,2.3496858849466578
2022-23,07/05/2023,West Ham,Man United,-0.5453868456604778,0.6584440144760797,-0.49089049663120454,0.6027817081298628
2022-23,08/05/2023,Brighton,Everton,1.0080869399737282,-1.609941152218033,0.7527565728987289,-1.3776121210398204
2022-23,08/05/2023,Fulham,Leicester,-0.5615601336071792,-0.4712201772294683,-0.4745826621992122,-0.5491931291694732
2022-23,08/05/2023,Nott'm Forest,Southampton,-2.139954265141606,-1.6730860094595459,-2.0990688343043327,-1.7150288712969861
2022-23,13/05/2023,Aston Villa,Tottenham,0.30699335690150414,0.605199720249665,0.34631121669149467,0.5622344239324744
2022-23,13/05/2023,Chelsea,Nott'm Forest,0.40028628955061885,-2.0993491884373343,0.3396391927470699,-2.0452305025509583
2022-23,13/05/2023,Crystal Palace,Bournemouth,-0.39853963043593243,-1.9937066274914639,-0.34624432311859904,-2.0447117562365817
2022-23,13/05/2023,Leeds,Newcastle,-1.619481502814715,1.626285157218743,-1.580370007233382,1.5802225260933018
2022-23,13/05/2023,Man United,Wolves,0.601831886067258,-1.043459451465411,0.6542570433567896,-1.0934766534766036
2022-23,13/05/2023,Southampton,Fulham,-1.7159876417639333,-0.4768650054672958,-1.800100507099406,-0.38815054679552363
2022-23,14/05/2023,Arsenal,Brighton,2.3522885532895152,0.7550722779267014,2.1713253784415993,0.9390849280995678
2022-23,14/05/2023,Brentford,West Ham,0.16802320827448503,-0.4916097458636132,0.2370839753231746,-0.5595409726513871
2022-23,14/05/2023,Everton,Man City,-1.3761664826027853,4.151582557171178,-1.4305320682964233,4.208571267963214
2022-23,15/05/2023,Leicester,Liverpool,-0.548080563219183,2.390068507051584,-0.6450420557435935,2.4902064998005273
2022-23,18/05/2023,Newcastle,Brighton,1.5792885253829814,0.9385816902488137,1.7014415831133223,0.8232405832176927
2022-23,20/05/2023,Bournemouth,Man United,-2.0438570784787498,0.6539706396384476,-2.0566725370697054,0.667348941814095
2022-23,20/05/2023,Fulham,Crystal Palace,-0.38747591476084786,-0.3469319523475152,-0.40026168605035856,-0.33480894413898205
2022-23,20/05/2023,Liverpool,Aston Villa,2.4907903573689074,0.3437744986004353,2.443074408953671,0.39458007220160946
2022-23,20/05/2023,Nott'm Forest,Arsenal,-2.0421621412536526,2.172685618576949,-1.9413290598538044,2.068252896312233
2022-23,20/05/2023,Tottenham,Brentford,0.5606373181157286,0.23707518628147667,0.4379393509576654,0.3464912502559313
2022-23,20/05/2023,Wolves,Everton,-1.0877658110834398,-1.4305286751663167,-1.105977025234443,-1.4129650907555713
2022-23,21/05/2023,Brighton,Southampton,0.8212105670441285,-1.8024545058759953,0.8556632271333507,-1.8365798460151141
2022-23,21/05/2023,Man City,Chelsea,4.207890262383746,0.3358097403048321,4.176280383485271,0.37093935933694994
2022-23,21/05/2023,West Ham,Leeds,-0.5577504652648834,-1.5769903637555192,-0.4965521138826948,-1.6338340984786295
2022-23,22/05/2023,Newcastle,Leicester,1.700234202614457,-0.6478798774178078,1.64451810607378,-0.5984434806981527
2022-23,24/05/2023,Brighton,Man City,0.8563424700137311,4.1761497590554075,0.8989382667524469,4.1347060699016644
2022-23,25/05/2023,Man United,Chelsea,0.6659564382395374,0.37189082082804475,0.78397324928948,0.2455073762253858
2022-23,28/05/2023,Arsenal,Wolves,2.0669783323560926,-1.106421595471682,2.227425750685199,-1.2607922492209176
2022-23,28/05/2023,Aston Villa,Brighton,0.3918231190871835,0.8987690017433689,0.4337858087125971,0.8587635302464202
2022-23,28/05/2023,Brentford,Man City,0.3478935176245451,4.134694776251638,0.4437996965574684,4.0432886439773394
2022-23,28/05/2023,Chelsea,Newcastle,0.2465871239807887,1.6472146986335667,0.2576323891521798,1.636201297181221
2022-23,28/05/2023,Crystal Palace,Nott'm Forest,-0.33709082135672874,-1.9418625017969893,-0.3762317633240259,-1.903635054260809
2022-23,28/05/2023,Everton,Bournemouth,-1.412498620893607,-2.0576622225835357,-1.3922598971579898,-2.0787058170797117
2022-23,28/05/2023,Leeds,Tottenham,-1.6340117491756116,0.43942321192989203,-1.7379237145372863,0.5665539933427051
2022-23,28/05/2023,Leicester,West Ham,-0.5963508693557138,-0.49569854863113244,-0.5642233906901115,-0.529464568505457
2022-23,28/05/2023,Man United,Fulham,0.7866019510520021,-0.4012653462936581,0.7990415280845343,-0.41435738228485935
2022-23,28/05/2023,Southampton,Liverpool,-1.834436546158251,2.4443394424456866,-1.776479329173808,2.387610661602422
2023-24,11/08/2023,Burnley,Man City,-1.4868898024138864,4.044897713514047,-1.6658489317570733,4.205943490279317
2023-24,12/08/2023,Arsenal,Nott'm Forest,2.2296259888547065,-1.901941802192805,2.1288872973543427,-1.805036324817433
2023-24,12/08/2023,Bournemouth,West Ham,-2.076949382276,-0.5294175135275868,-2.0431190404727295,-0.5647051832038951
2023-24,12/08/2023,Brighton,Luton,0.8607738502940955,-1.4868898024138864,1.0809545317174587,-1.7366366540903344
2023-24,12/08/2023,Everton,Fulham,-1.3905602282837108,-0.4142529273322171,-1.4955754313788272,-0.3244296738152953
2023-24,12/08/2023,Newcastle,Aston Villa,1.6379476184725437,0.43587797413117674,2.0273401848822403,0.01575333667998169
2023-24,12/08/2023,Sheffield United,Crystal Palace,-1.4868898024138864,-0.3745046368102834,-1.5935852546597076,-0.26576208909349053
2023-24,13/08/2023,Brentford,Tottenham,0.4454749336428375,0.5664578611890577,0.4137034612949701,0.5948107088737608
2023-24,13/08/2023,Chelsea,Liverpool,0.2593829010792092,2.387610661602422,0.32056416458830184,2.339194328251564
2023-24,14/08/2023,Man United,Wolves,0.7991416214030118,-1.2586620927188723,0.7957559372399001,-1.2535148683625428
2023-24,18/08/2023,Nott'm Forest,Sheffield United,-1.805036324817433,-1.5935852546597076,-1.7131942991569393,-1.6869104318800354
2023-24,19/08/2023,Fulham,Brentford,-0.3244296738152953,0.4137034612949701,-0.6057043212953472,0.8001308068495203
2023-24,19/08/2023,Liverpool,Bournemouth,2.339194328251564,-2.0431190404727295,2.348719678717105,-2.0547379219155792
2023-24,19/08/2023,Man City,Newcastle,4.205943490279317,2.0273401848822403,4.195206432186614,2.03713963671858
2023-24,19/08/2023,Tottenham,Man United,0.612632622891816,0.7957559372399001,0.8202677745519332,0.653512258950917
2023-24,19/08/2023,Wolves,Brighton,-1.2602419039855433,1.0809545317174587,-1.544585549691727,1.3584958021474587
2023-24,20/08/2023,Aston Villa,Everton,0.01623806388395748,-1.5077931600582621,0.4044659163615368,-1.8489491973298193
2023-24,20/08/2023,West Ham,Chelsea,-0.5652546523732048,0.32100825296955265,-0.32510089659317964,0.08434403094987489
2023-24,21/08/2023,Crystal Palace,Arsenal,-0.27024948004489113,2.1333160570887872,-0.31757828539889155,2.18077953789072
2023-24,25/08/2023,Chelsea,Luton,0.08434403094987489,-1.7222078492206925,0.31118699630022945,-1.9866015129076764
2023-24,26/08/2023,Arsenal,Fulham,2.18077953789072,-0.6176703815370159,2.0285873721991954,-0.4983933300335441
2023-24,26/08/2023,Bournemouth,Tottenham,-2.0438542380318214,0.8201127669647688,-2.177329134303127,0.9555308649426212
2023-24,26/08/2023,Brentford,Crystal Palace,0.8221494615894943,-0.32458854389278424,0.7363860530811237,-0.24407125254437695
2023-24,26/08/2023,Brighton,West Ham,1.3468240260774134,-0.32087642398120997,1.0274519598806484,0.0061429184811028215
2023-24,26/08/2023,Everton,Wolves,-1.844078044420208,-1.5593713891272005,-1.967031372387228,-1.426181304861743
2023-24,26/08/2023,Man United,Nott'm Forest,0.6524829454761906,-1.7176573758337166,0.6403496861828959,-1.7000540147280137
2023-24,27/08/2023,Burnley,Aston Villa,-1.6664016082897422,0.398887779566851,-1.875323687008553,0.5759631527586069
2023-24,27/08/2023,Newcastle,Liverpool,2.0613716470753056,2.344912779980098,1.9306394618375469,2.451546549335676
2023-24,27/08/2023,Sheffield United,Man City,-1.6851350156119074,4.180046420131428,-1.5864148575598906,4.074952310547162
2023-24,01/09/2023,Luton,West Ham,-2.00124109544142,0.006778313538515096,-2.067875981555093,0.06507856387955159
2023-24,02/09/2023,Brentford,Bournemouth,0.7364289240128201,-2.156909283855777,0.5790831040154868,-2.0164428130653613
2023-24,02/09/2023,Brighton,Newcastle,1.033022502980665,1.926394776980678,1.2503642351647022,1.7095996630459585
2023-24,02/09/2023,Burnley,Tottenham,-1.8825799915079446,0.9517188417015103,-2.17638191265085,1.186966821447604
2023-24,02/09/2023,Chelsea,Nott'm Forest,0.32934600971328765,-1.6956006754667183,0.11188859507813737,-1.4788834375626998
2023-24,02/09/2023,Man City,Fulham,4.051850500479322,-0.5098488166311859,4.287166701773998,-0.6885970912985195
2023-24,02/09/2023,Sheffield United,Everton,-1.5681492297813089,-1.9680574996235267,-1.614890600877409,-1.9247400796278287
2023-24,03/09/2023,Arsenal,Man United,2.0341023469061486,0.654219296600257,2.1689149519312303,0.5632539179796955
2023-24,03/09/2023,Crystal Palace,Wolves,-0.24169228479662294,-1.4188441050996266,-0.21052546495424554,-1.4495123827936027
2023-24,03/09/2023,Liverpool,Aston Villa,2.4419113877483842,0.54900514830326,2.6182371607460286,0.3196365776222809
2023-24,16/09/2023,Aston Villa,Crystal Palace,0.3196365776222809,-0.2105448900319921,0.48458181644263426,-0.3714671705827921
2023-24,16/09/2023,Fulham,Luton,-0.6831735630032236,-2.067234290800701,-0.6655938822552803,-2.091841274958988
2023-24,16/09/2023,Man United,Brighton,0.5620239963241254,1.2474841921397286,0.41284003801645985,1.4573089996363995
2023-24,16/09/2023,Newcastle,Brentford,1.730984392725247,0.577388407122956,1.760669744417009,0.5446778387551412
2023-24,16/09/2023,Tottenham,Sheffield United,1.1761386503011428,-1.620304760605053,1.1440844754932538,-1.5875757794965613
2023-24,16/09/2023,West Ham,Man City,0.07982508631479483,4.288938324436903,0.00359142066856305,4.369506315420964
2023-24,16/09/2023,Wolves,Liverpool,-1.4538733014199852,2.625137015492744,-1.535810539632947,2.6913901355356358
2023-24,17/09/2023,Bournemouth,Chelsea,-2.0034594142869664,0.11838735236619816,-1.953215927794936,0.06696396260702203
2023-24,17/09/2023,Everton,Arsenal,-1.9296413512291095,2.157314013955467,-1.9079686095126833,2.133575947892908
2023-24,18/09/2023,Nott'm Forest,Burnley,-1.4872194533476082,-2.165306510267256,-1.5415617368174568,-2.0985475195077887
2023-24,23/09/2023,Brentford,Everton,0.545823565752551,-1.9080245175175192,0.20225780287940498,-1.609795043574667
2023-24,23/09/2023,Burnley,Man United,-2.0986191589667067,0.4075833655446756,-2.142061536772639,0.43304808854393667
2023-24,23/09/2023,Crystal Palace,Fulham,-0.3875058531471764,-0.6652380138601756,-0.426991393562221,-0.6334236624228794
2023-24,23/09/2023,Luton,Wolves,-2.0866247543287915,-1.5241771179546035,-2.0951684254237377,-1.5166240154290496
2023-24,23/09/2023,Man City,Nott'm Forest,4.37162759349246,-1.54144006416226,4.3227558533930415,-1.49580592847998
2023-24,24/09/2023,Arsenal,Tottenham,2.1454665585940256,1.1345643752438526,2.078510179289638,1.199084028638236
2023-24,24/09/2023,Brighton,Bournemouth,1.4529109524653627,-1.9644606341394757,1.49801001836833,-2.0089869027737457
2023-24,24/09/2023,Chelsea,Aston Villa,0.06393655373902746,0.5005116418301345,-0.04740476882798253,0.6175549535367392
2023-24,24/09/2023,Liverpool,West Ham,2.690270452551171,-0.0038636294865301572,2.749841971343268,-0.0771070981626327
2023-24,24/09/2023,Sheffield United,Newcastle,-1.5743224674663903,1.7601069366551676,-2.2829044891753028,2.453189455055912
2023-24,30/09/2023,Aston Villa,Brighton,0.6464144303646667,1.5210602521174574,1.1532495898365767,1.0423812575462685
2023-24,30/09/2023,Bournemouth,Arsenal,-2.0291767234396465,2.0756382516758687,-2.2894362448328796,2.348753960266556
2023-24,30/09/2023,Everton,Luton,-1.6027626999396423,-2.122703876205537,-1.7358573118380045,-1.9622794391679252
2023-24,30/09/2023,Man United,Crystal Palace,0.4294752088878159,-0.42111366457151017,0.318220071489738,-0.2626321462912373
2023-24,30/09/2023,Newcastle,Burnley,2.4541180370225537,-2.11756000493725,2.4571362548679017,-2.121236261108849
2023-24,30/09/2023,Tottenham,Liverpool,1.167436495808559,2.7792068137853883,1.2930234337720055,2.6741292023090577
2023-24,30/09/2023,West Ham,Sheffield United,-0.10241950788540621,-2.2747365055270596,-0.013483024726361773,-2.363536132371795
2023-24,30/09/2023,Wolves,Man City,-1.5308835798478868,4.319011072717052,-1.252452020035407,4.0256280467756325
2023-24,01/10/2023,Nott'm Forest,Brentford,-1.5366705039594504,0.22558226181114244,-1.50163655527702,0.18758405770806524
2023-24,02/10/2023,Fulham,Chelsea,-0.6322459120385159,-0.03279487317489441,-0.7980726162035151,0.1663209494394689
2023-24,03/10/2023,Luton,Burnley,-1.945822466262375,-2.127900309203245,-2.0862720534990586,-1.979572490834589
2023-24,07/10/2023,Burnley,Chelsea,-1.979572490834589,0.16123427516748096,-2.243081555035446,0.39072895422179443
2023-24,07/10/2023,Crystal Palace,Nott'm Forest,-0.26348758622787927,-1.4913939204023696,-0.3330955003089636,-1.4236050183114264
2023-24,07/10/2023,Everton,Bournemouth,-1.7405453762910321,-2.270657598958375,-1.5188216704955801,-2.5002207905589606
2023-24,07/10/2023,Fulham,Sheffield United,-0.7909843677651222,-2.366574973375733,-0.7023895839759169,-2.4734437314926736
2023-24,07/10/2023,Luton,Tottenham,-2.075149805287076,1.2728231716647562,-2.0800746942583674,1.2773056325828056
2023-24,07/10/2023,Man United,Brentford,0.32589993680279195,0.18389467161498232,0.3709604668413959,0.11700344104891275
2023-24,08/10/2023,Arsenal,Man City,2.3493378071861826,4.018497386880438,2.475669233996986,3.887649618820127
2023-24,08/10/2023,Brighton,Liverpool,1.036791371347432,2.6905013404241633,1.066900413072439,2.6651819733238367
2023-24,08/10/2023,West Ham,Newcastle,-0.029737546215384263,2.4237546750745307,0.028374173253727424,2.366882932907071
2023-24,08/10/2023,Wolves,Aston Villa,-1.255573217569545,1.1645553520995628,-1.1987656475937956,1.1056749706910558
2023-24,21/10/2023,Bournemouth,Wolves,-2.4958401307203815,-1.1987656475937956,-2.5665628601094177,-1.1258466686247082
2023-24,21/10/2023,Brentford,Burnley,0.11288295880378099,-2.2483448231402035,0.2893041450128179,-2.4356980203877163
2023-24,21/10/2023,Chelsea,Arsenal,0.3776597027304597,2.4740081657064765,0.42151382305173696,2.42903074167759
2023-24,21/10/2023,Liverpool,Everton,2.6660905097784484,-1.512949526528973,2.6794832919522755,-1.5280820511678566
2023-24,21/10/2023,Man City,Brighton,3.8837116745877314,1.0675255013530205,3.8532710188848625,1.095980474742308
2023-24,21/10/2023,Newcastle,Crystal Palace,2.3644815990942334,-0.32209687870890097,2.6063112876091106,-0.5720283491765157
2023-24,21/10/2023,Nott'm Forest,Luton,-1.438853617052746,-2.07695282246797,-1.4850710071867184,-2.0266750212100617
2023-24,21/10/2023,Sheffield United,Man United,-2.4814839802229565,0.3694379223117915,-2.5026802987484835,0.38484109117783716
2023-24,22/10/2023,Aston Villa,West Ham,1.1046999702513856,0.03789325624487685,1.3217742327019826,-0.17191300386217598
2023-24,23/10/2023,Tottenham,Fulham,1.2771688036407407,-0.7080305770134757,1.3651488128091551,-0.7827381260669218
2023-24,27/10/2023,Crystal Palace,Tottenham,-0.5688283930480967,1.3651488128091551,-0.6193282978189465,1.4141083175402265
2023-24,28/10/2023,Arsenal,Sheffield United,2.4173310516589828,-2.5095129171737485,2.6741377966186066,-2.762366478795369
2023-24,28/10/2023,Bournemouth,Burnley,-2.5528540048416386,-2.412578197783008,-2.4876879186109946,-2.4881338578391814
2023-24,28/10/2023,Chelsea,Brentford,0.4284162424946565,0.28719459317127904,0.22648390694399412,0.5039667173911518
2023-24,28/10/2023,Wolves,Newcastle,-1.123740058006728,2.5997558379038495,-1.0284013570230421,2.506266835221555
2023-24,29/10/2023,Aston Villa,Luton,1.3103187476647353,-2.0377433563947003,1.3537717932602038,-2.082777781210167
2023-24,29/10/2023,Brighton,Fulham,1.1081950009251818,-0.7830911310748098,1.0232315361427327,-0.7105744889118415
2023-24,29/10/2023,Liverpool,Nott'm Forest,2.687049196008867,-1.4901456397861763,2.773911983706239,-1.5929236898878976
2023-24,29/10/2023,Man United,Man City,0.38878717528757495,3.8416864733106286,0.2591268244894866,4.027344221221662
2023-24,29/10/2023,West Ham,Everton,-0.1820068161776501,-1.5063473482339207,-0.3373135764711097,-1.360522659881613
2023-24,04/11/2023,Brentford,West Ham,0.5003983540261728,-0.3373135764711097,0.5370749934361757,-0.3719167664306392
2023-24,04/11/2023,Burnley,Crystal Palace,-2.4917706603224286,-0.6142124263465171,-2.6421275553972894,-0.47852637009207205
2023-24,04/11/2023,Everton,Brighton,-1.3604405263197124,1.0220332231489757,-1.3128738886535882,0.9724040461798771
2023-24,04/11/2023,Fulham,Man United,-0.6973777624990409,0.2587826920994593,-0.7647701625711463,0.31789492120810975
2023-24,04/11/2023,Man City,Bournemouth,4.014317079347895,-2.4890212781333085,4.21994879716785,-2.680065347673958
2023-24,04/11/2023,Newcastle,Arsenal,2.5132380488456687,2.682286286201828,2.578209222436944,2.615148058266583
2023-24,04/11/2023,Sheffield United,Wolves,-2.752366771227566,-1.0140761209890417,-2.637321851279962,-1.1292506506914914
2023-24,05/11/2023,Luton,Liverpool,-2.0992934118096755,2.7655249758869576,-1.9622114531957207,2.6581075236195444
2023-24,05/11/2023,Nott'm Forest,Aston Villa,-1.5794305159442195,1.3505683210389638,-1.34537964028708,1.1057644515948761
2023-24,06/11/2023,Tottenham,Chelsea,1.418660066000181,0.2091104488113647,1.1084162475863515,0.5219443607353653
2023-24,11/11/2023,Arsenal,Burnley,2.626588893883844,-2.6325003594001966,2.6082772471224254,-2.6123062320783212
2023-24,11/11/2023,Bournemouth,Newcastle,-2.6882249492010972,2.567609833086173,-2.396055457088327,2.2727469433529417
2023-24,11/11/2023,Crystal Palace,Everton,-0.4970514135733063,-1.3210536281298815,-0.6292930049109067,-1.1978141866975889
2023-24,11/11/2023,Man United,Luton,0.31668348449228084,-1.9571351303551572,0.3092244233031973,-1.9464419071547423
2023-24,11/11/2023,Wolves,Tottenham,-1.1374848867464982,1.1133829840053227,-1.0101716614442091,0.9882712989135348
2023-24,12/11/2023,Aston Villa,Fulham,1.112245256281978,-0.7583290621690837,1.1999113826960428,-0.8301712300709864
2023-24,12/11/2023,Brighton,Sheffield United,0.973410106423678,-2.6525461274296203,0.8425678580042868,-2.5195379680876915
2023-24,12/11/2023,Chelsea,Man City,0.5280057756485054,4.22934754979182,0.6159572770527808,4.136608327547462
2023-24,12/11/2023,Liverpool,Brentford,2.663641848746831,0.5382013896417137,2.7980287158828543,0.3694037149377948
2023-24,12/11/2023,West Ham,Nott'm Forest,-0.3578523788862311,-1.3354398855093084,-0.32852243088935085,-1.3644106660599709
2023-24,25/11/2023,Brentford,Arsenal,0.36941414160959124,2.6034848492573444,0.33087606059708324,2.640441577017922
2023-24,25/11/2023,Burnley,West Ham,-2.6256451436138692,-0.3296992431421371,-2.6642316991383312,-0.2950390525982967
2023-24,25/11/2023,Luton,Crystal Palace,-1.942879642029129,-0.6326290726937255,-1.8413006547860615,-0.7291278457170265
2023-24,25/11/2023,Man City,Liverpool,4.13723326636536,2.8007896729496515,4.072411347536382,2.8534004026940205
2023-24,25/11/2023,Newcastle,Chelsea,2.268878239113689,0.617045208231981,2.4340732693682363,0.4503635226516298
2023-24,25/11/2023,Nott'm Forest,Brighton,-1.3700164329096944,0.8535149652505454,-1.4066105784101197,0.8899016391936719
2023-24,25/11/2023,Sheffield United,Bournemouth,-2.520915285028217,-2.395748898886383,-2.699198452816742,-2.2219708829798765
2023-24,26/11/2023,Everton,Man United,-1.1896282658108082,0.29370903072277427,-1.3981542021177262,0.45922027728265646
2023-24,26/11/2023,Tottenham,Aston Villa,0.9908274156262777,1.1972070716548797,0.8962156764498633,1.2964024426521912
2023-24,27/11/2023,Fulham,Wolves,-0.8458007991388834,-1.002011759038191,-0.8009157925268426,-1.054867714260315
2023-24,02/12/2023,Arsenal,Wolves,2.6295796863879675,-1.054867714260315,2.579308056867262,-1.0052502182108711
2023-24,02/12/2023,Brentford,Luton,0.32804510623418803,-1.8452613894883583,0.40250241482321003,-1.9202726516548088
2023-24,02/12/2023,Burnley,Sheffield United,-2.658835549542142,-2.703700307969265,-2.2564085785037244,-3.0657549849051464
2023-24,02/12/2023,Newcastle,Man United,2.439897555799789,0.45761549874581675,2.438856902759339,0.458415096188598
2023-24,02/12/2023,Nott'm Forest,Everton,-1.4032528585538049,-1.4056025666823158,-1.5017534204478673,-1.3114070063730459
2023-24,03/12/2023,Bournemouth,Aston Villa,-2.226601452839168,1.3073832851407452,-2.1496936738733856,1.226087356735111
2023-24,03/12/2023,Chelsea,Brighton,0.46431835712320785,0.8786765071887629,0.5311533052299493,0.8123663859754944
2023-24,03/12/2023,Liverpool,Fulham,2.8528011384382843,-0.8093518856794317,2.8106503941580683,-0.7670713010503267
2023-24,03/12/2023,Man City,Tottenham,4.077123063060034,0.9002262760776405,3.9599171962514093,1.0108916726409711
2023-24,03/12/2023,West Ham,Crystal Palace,-0.29882035000104334,-0.7288737900092576,-0.3330240116794867,-0.6943098443573761
2023-24,05/12/2023,Luton,Arsenal,-1.9068929173199602,2.589126337760738,-1.8770788784850319,2.5606750042786772
2023-24,05/12/2023,Wolves,Burnley,-1.01617802868578,-2.257788307521653,-0.9967310043823674,-2.2793197922096593
2023-24,06/12/2023,Aston Villa,Man City,1.22994969748358,3.9579484133671086,1.3629294345768692,3.823464368951867
2023-24,06/12/2023,Brighton,Brentford,0.8090796832464934,0.42242036748865824,0.8515903629371533,0.3768994890347565
2023-24,06/12/2023,Crystal Palace,Bournemouth,-0.6919164773507751,-2.1532787806686873,-0.9066918092944364,-1.9461297360847074
2023-24,06/12/2023,Fulham,Nott'm Forest,-0.7709110603103112,-1.5150942238834644,-0.48316199291019085,-1.8475816466756978
2023-24,06/12/2023,Man United,Chelsea,0.4490406317540633,0.532714786331699,0.4922539717913532,0.47633914383626813
2023-24,06/12/2023,Sheffield United,Liverpool,-3.069739711160539,2.8129419686114256,-3.078413629650971,2.82035306174704
2023-24,07/12/2023,Everton,Newcastle,-1.3106873079812866,2.431646173833864,-1.017962703342217,2.1278853795254946
2023-24,07/12/2023,Tottenham,West Ham,1.016707616848842,-0.3459937458575537,0.884407246483601,-0.21148576125936402
2023-24,09/12/2023,Aston Villa,Arsenal,1.3601964020351116,2.5482333774099217,1.4469687393318955,2.4628101279634036
2023-24,09/12/2023,Brighton,Burnley,0.8607152114332651,-2.3028524847264156,0.7567188959951573,-2.18621069022337
2023-24,09/12/2023,Crystal Palace,Liverpool,-0.9043226896100398,2.820106715276015,-0.8976400897247765,2.814441179599398
2023-24,09/12/2023,Man United,Bournemouth,0.48761085739798904,-1.9488114450770313,0.2511752043216299,-1.647096960068237
2023-24,09/12/2023,Sheffield United,Brentford,-3.0777300772387606,0.37466277471161985,-2.932629967171138,0.22183379589060054
2023-24,09/12/2023,Wolves,Nott'm Forest,-0.9841326834298241,-1.841979401476948,-1.0280031282205413,-1.7985801075490966
2023-24,10/12/2023,Everton,Chelsea,-1.0145970738461,0.4681196163745868,-0.8570435501683275,0.30345386552055253
2023-24,10/12/2023,Fulham,West Ham,-0.4874204655396193,-0.19852871324735646,-0.1823207877396154,-0.5537579826983894
2023-24,10/12/2023,Luton,Man City,-1.8856101347671474,3.8194512155029092,-1.8222796440563915,3.757308304562452
2023-24,10/12/2023,Tottenham,Newcastle,0.8828492864946809,2.121829811288035,1.111683970140289,1.8933239591826796
2023-24,15/12/2023,Nott'm Forest,Tottenham,-1.8003665967379217,1.111683970140289,-1.8856948825257829,1.1966209278942028
2023-24,16/12/2023,Burnley,Everton,-2.1996768889247043,-0.8653081556099902,-2.3398085027305697,-0.7444558159414546
2023-24,16/12/2023,Chelsea,Sheffield United,0.3002207512892802,-2.9334365363699435,0.337326825591477,-2.9708268259486736
2023-24,16/12/2023,Man City,Crystal Palace,3.75325237444912,-0.8930311413755004,3.605934334634346,-0.7497683663435286
2023-24,16/12/2023,Newcastle,Fulham,1.894439675173343,-0.17458403252839363,2.0322580622718576,-0.2954204688024138
2023-24,17/12/2023,Arsenal,Brighton,2.4756297230582214,0.7438975883043912,2.5533948714373427,0.6682301063742137
2023-24,17/12/2023,Brentford,Aston Villa,0.2260110074053943,1.4546567034913758,0.16410741618624403,1.515202949718008
2023-24,17/12/2023,Liverpool,Man United,2.8210455399251844,0.2549171425527655,2.7446134185379756,0.3232840892891974
2023-24,17/12/2023,West Ham,Wolves,-0.5582869076412476,-1.0163855745234678,-0.3767655987953761,-1.1978344209876266
2023-24,21/12/2023,Crystal Palace,Brighton,-0.7473809404340587,0.6679106967864465,-0.7306555446809997,0.6515942401406638
2023-24,22/12/2023,Aston Villa,Sheffield United,1.5131797902199722,-2.971912521603235,1.375449881160777,-2.8379467922314916
2023-24,23/12/2023,Fulham,Burnley,-0.29583565141424845,-2.333955290634954,-0.4781561653642197,-2.102521365895896
2023-24,23/12/2023,Liverpool,Arsenal,2.7412584064428445,2.5524672636331496,2.720059669312616,2.5773349258302063
2023-24,23/12/2023,Luton,Newcastle,-1.821048360358218,2.0342454834806363,-1.660221552228113,1.8886236533843117
2023-24,23/12/2023,Nott'm Forest,Bournemouth,-1.8834958549744163,-1.6527399279955928,-1.965829628593702,-1.5693760219024475
2023-24,23/12/2023,Tottenham,Everton,1.1978742594045184,-0.7381107683211896,1.1981165716296636,-0.7383446192918562
2023-24,23/12/2023,West Ham,Man United,-0.3749007642680609,0.3244540674383987,-0.23655682276294576,0.21751706378936525
2023-24,24/12/2023,Wolves,Chelsea,-1.19387021590146,0.34204152040999813,-1.1048409216224873,0.25375987235329844
2023-24,26/12/2023,Bournemouth,Fulham,-1.5679960296758177,-0.47816794012509617,-1.3553874151418115,-0.6623844244624486
2023-24,26/12/2023,Burnley,Liverpool,-2.098626458852786,2.722550911567342,-2.1361449602005327,2.752184649977613
2023-24,26/12/2023,Man United,Aston Villa,0.21806419165557606,1.3832598556865656,0.27881723275821046,1.3030423376786322
2023-24,26/12/2023,Newcastle,Nott'm Forest,1.891833528809847,-1.9646398871463393,1.6451632698623038,-1.716536241194019
2023-24,26/12/2023,Sheffield United,Luton,-2.8378071632446695,-1.6670846142640197,-2.8951521086035954,-1.6048517582619293
2023-24,27/12/2023,Brentford,Wolves,0.17051437748893278,-1.1048370287888511,-0.10208835401145944,-0.85174935909366
2023-24,27/12/2023,Chelsea,Crystal Palace,0.2532213131387512,-0.7249230831574295,0.2771195852163419,-0.7492515231243887
2023-24,27/12/2023,Everton,Man City,-0.7377189281006724,3.6190037045210364,-0.7813006226712036,3.6677552794834614
2023-24,28/12/2023,Arsenal,West Ham,2.5752683862021666,-0.23691750241139728,2.3485204987075767,-0.012699185851423461
2023-24,28/12/2023,Brighton,Tottenham,0.6550078140512252,1.19901093146787,0.7828883609179955,1.0711263655235799
2023-24,30/12/2023,Aston Villa,Burnley,1.3027412721112794,-2.1374132688961525,1.266644053758486,-2.0988769045438276
2023-24,30/12/2023,Crystal Palace,Brentford,-0.7490822513234291,-0.10322989658259905,-0.622582321842159,-0.23818756563836713
2023-24,30/12/2023,Luton,Chelsea,-1.6054993240043203,0.2770702643070023,-1.6464541766141056,0.3145301748765487
2023-24,30/12/2023,Man City,Sheffield United,3.6709721523486265,-2.895877061887598,3.622903755892308,-2.850777002205918
2023-24,30/12/2023,Nott'm Forest,Man United,-1.7171826535567567,0.278350530717812,-1.6231574807888545,0.2045391184201009
2023-24,30/12/2023,Wolves,Everton,-0.8510946882883775,-0.7808213389986789,-0.6739489799976679,-0.9494501473999852
2023-24,31/12/2023,Fulham,Arsenal,-0.6628458145355208,2.3495244014860437,-0.5599269466127469,2.2295966059871377
2023-24,31/12/2023,Tottenham,Bournemouth,1.0713563273626259,-1.3571747520361193,1.123609386967835,-1.4102865957394144
2023-24,01/01/2024,Liverpool,Newcastle,2.7513882271327432,1.6450649824412815,2.825049674897733,1.5612726301769304
2023-24,02/01/2024,West Ham,Brighton,-0.012894839166239555,0.7826954727310536,-0.012228189768725766,0.7820384925885075
2023-24,12/01/2024,Burnley,Luton,-2.09920563386045,-1.6450380159188251,-2.107067047145729,-1.6372548962081708
2023-24,13/01/2024,Chelsea,Fulham,0.3147636762039663,-0.5603150052694811,0.3396197647118292,-0.5821210059581385
2023-24,13/01/2024,Newcastle,Man City,1.5613991696103835,3.623138820591393,1.529074775312455,3.658062613858585
2023-24,14/01/2024,Everton,Aston Villa,-0.9503875197033643,1.2663533279661954,-0.9183187348111367,1.2318340101173162
2023-24,14/01/2024,Man United,Tottenham,0.20397001682441457,1.1232507831875718,0.20676179336539505,1.119726284229476
2023-24,20/01/2024,Arsenal,Crystal Palace,2.2286887790852354,-0.6225985760310621,2.461520319667727,-0.8551758380398062
2023-24,20/01/2024,Brentford,Nott'm Forest,-0.24395126751371501,-1.62385502991173,-0.2298873488401431,-1.636798258808767
2023-24,21/01/2024,Bournemouth,Liverpool,-1.410951274357062,2.824419916346678,-1.5841584104445452,2.974498546250047
2023-24,21/01/2024,Sheffield United,West Ham,-2.8506152489731487,-0.01300899791114062,-2.8026432812183795,-0.0610147748504254
2023-24,22/01/2024,Brighton,Wolves,0.7801165813530977,-0.6751341409426098,0.7292514244568945,-0.6235422534583519
2023-24,30/01/2024,Aston Villa,Newcastle,1.2310009979273537,1.5316860776591568,1.0940986214126451,1.6631852956376518
2023-24,30/01/2024,Crystal Palace,Sheffield United,-0.8559049585040667,-2.802832252443174,-0.8559357867383844,-2.8028017323311385
2023-24,30/01/2024,Fulham,Everton,-0.5782493044927896,-0.9213211507575751,-0.6004873188557492,-0.8970142901262097
2023-24,30/01/2024,Luton,Brighton,-1.6333028876873694,0.7290931477362015,-1.3293384180280894,0.4516991268971661
2023-24,30/01/2024,Nott'm Forest,Arsenal,-1.6368716142930735,2.4609634908603732,-1.6230135276185542,2.4468175835207577
2023-24,31/01/2024,Liverpool,Chelsea,2.977779845053808,0.346303674124137,3.0721953819655496,0.23866890073465352
2023-24,31/01/2024,Man City,Burnley,3.6616467846779273,-2.1042686355895053,3.6352254709817977,-2.0771171797005286
2023-24,31/01/2024,Tottenham,Brentford,1.1149625935033132,-0.22964829801633163,1.128359213310957,-0.24423927049965066
2023-24,01/02/2024,West Ham,Bournemouth,-0.06866465004684265,-1.5885048417152223,-0.12059488544956842,-1.5365137069782473
2023-24,01/02/2024,Wolves,Man United,-0.6295972061584997,0.20638853254703213,-0.6904474504314941,0.2541301914571349
2023-24,03/02/2024,Brighton,Crystal Palace,0.4477865812461695,-0.8569029965348237,0.580594286710847,-0.9927603370800203
2023-24,03/02/2024,Burnley,Fulham,-2.077997268475094,-0.6033677194264248,-2.0608678933018623,-0.617125319035323
2023-24,03/02/2024,Everton,Tottenham,-0.8990943194176847,1.129931777269732,-0.8722657405231957,1.1022208869757992
2023-24,03/02/2024,Newcastle,Luton,1.6645669532476477,-1.3303806156280096,1.5826104724559567,-1.2406364960333511
2023-24,03/02/2024,Sheffield United,Aston Villa,-2.807888504288718,1.094633503304154,-3.038737165854456,1.3312865906880404
2023-24,04/02/2024,Arsenal,Liverpool,2.4424237208798028,3.0715486250048825,2.5618958899541613,2.96837279633827
2023-24,04/02/2024,Bournemouth,Nott'm Forest,-1.5411442410614522,-1.6196402839037118,-1.5599692849952422,-1.60102052768586
2023-24,04/02/2024,Chelsea,Wolves,0.23880246157264723,-0.6852862394795368,0.08204071630543255,-0.5273362781354498
2023-24,04/02/2024,Man United,West Ham,0.2581080938046312,-0.12266873164747448,0.3820987784018097,-0.280014383323863
2023-24,05/02/2024,Brentford,Man City,-0.24838744553340542,3.6274766361571706,-0.3044103469607644,3.6829365508937686
2023-24,10/02/2024,Fulham,Bournemouth,-0.617246441158023,-1.5649570835313695,-0.5458739242752719,-1.6463734143379123
2023-24,10/02/2024,Liverpool,Burnley,2.961532233694593,-2.050746441216869,2.954799078081455,-2.04237866721636
2023-24,10/02/2024,Luton,Sheffield United,-1.2422454805623306,-3.0421078830670703,-1.4283563046650871,-2.869373695919295
2023-24,10/02/2024,Man City,Everton,3.6863544789841325,-0.8629780905419024,3.688867178142684,-0.8652467777605511
2023-24,10/02/2024,Nott'm Forest,Newcastle,-1.6034441999065463,1.581261490009559,-1.609818470737829,1.587604705415763
2023-24,10/02/2024,Tottenham,Brighton,1.100751956919177,0.5776433774920814,1.1312685014074728,0.5471043922339738
2023-24,10/02/2024,Wolves,Brentford,-0.5277492574105141,-0.30459985524957156,-0.6568670173542568,-0.1664809510562429
2023-24,11/02/2024,Aston Villa,Man United,1.3342138593097137,0.37982375761384995,1.2343502168398384,0.4569973638747559
2023-24,11/02/2024,West Ham,Arsenal,-0.2784986193648845,2.5605803519337225,-0.5867034624111235,2.8719737297195036
2023-24,12/02/2024,Crystal Palace,Chelsea,-0.9850597374016581,0.07378579197912127,-1.0975504162817211,0.1843790147887901
2023-24,17/02/2024,Brentford,Liverpool,-0.16977678240757257,2.961720902005551,-0.301471444334101,3.069930525096803
2023-24,17/02/2024,Burnley,Arsenal,-2.0482698408599496,2.8707369068339776,-2.2638890152897364,3.0713895364154973
2023-24,17/02/2024,Fulham,Aston Villa,-0.5404948530410587,1.2275162734460883,-0.5727050387432072,1.2649875465222433
2023-24,17/02/2024,Man City,Chelsea,3.68135134079418,0.18442356233881824,3.585748128403432,0.2741754802725513
2023-24,17/02/2024,Newcastle,Bournemouth,1.5843279578868759,-1.6488030166438785,1.500325492052008,-1.5635330794019824
2023-24,17/02/2024,Nott'm Forest,West Ham,-1.5994391621225414,-0.5823327043864986,-1.4799528351083062,-0.7029036748800473
2023-24,17/02/2024,Tottenham,Wolves,1.1317792053862612,-0.656864016346208,1.021324820225269,-0.544941681663875
2023-24,18/02/2024,Luton,Man United,-1.4364167308632465,0.45086325738104116,-1.4731974588562047,0.4780542478888026
2023-24,18/02/2024,Sheffield United,Brighton,-2.8884939374064396,0.529271590882348,-3.120301242552989,0.7581765699942954
2023-24,19/02/2024,Everton,Crystal Palace,-0.8742619742755311,-1.0963915443614873,-0.8944305246047813,-1.0751171217262934
2023-24,20/02/2024,Man City,Brentford,3.5774796529526447,-0.2989028896084189,3.535289943092305,-0.2563096171759727
2023-24,21/02/2024,Liverpool,Luton,3.0710762851987585,-1.4734140337499186,3.1230293718637534,-1.5368164222552216
2023-24,24/02/2024,Arsenal,Newcastle,3.071421464538022,1.4998335187990217,3.193326122532507,1.3807904861727995
2023-24,24/02/2024,Aston Villa,Nott'm Forest,1.254181666549816,-1.4791490315271298,1.2951170585201555,-1.5188211287307603
2023-24,24/02/2024,Bournemouth,Man City,-1.5665433480968833,3.532400659499898,-1.5328717838977326,3.4976493799799697
2023-24,24/02/2024,Brighton,Everton,0.757000094635156,-0.8954688247408706,0.707111962478407,-0.847108557515072
2023-24,24/02/2024,Crystal Palace,Burnley,-1.0721933630138814,-2.2664785944392305,-0.9433203737274591,-2.4048799245632706
2023-24,24/02/2024,Man United,Fulham,0.4760712628589763,-0.5694025969701029,0.39919431264488087,-0.4844625419463975
2023-24,25/02/2024,Wolves,Sheffield United,-0.5413573796344625,-3.121020467629993,-0.5545512067871655,-3.107826046979878
2023-24,26/02/2024,West Ham,Brentford,-0.7032764398092144,-0.2548863443392917,-0.5973094892113756,-0.36539195572862243
2023-24,02/03/2024,Brentford,Chelsea,-0.36539195572862243,0.27688547084784065,-0.36804268736224033,0.27946499779019884
2023-24,02/03/2024,Everton,West Ham,-0.8435848302131688,-0.5973734097541987,-0.9601709521084243,-0.4757199822150585
2023-24,02/03/2024,Fulham,Brighton,-0.48644445011740645,0.711864089567165,-0.3306353197703299,0.5376178402661237
2023-24,02/03/2024,Luton,Aston Villa,-1.550484418950099,1.293555831296587,-1.5643094026070696,1.3067435413428203
2023-24,02/03/2024,Newcastle,Wolves,1.3796326776625727,-0.5639356272844793,1.489021802553774,-0.6747928290283179
2023-24,02/03/2024,Nott'm Forest,Liverpool,-1.5154431794714054,3.1202821232000653,-1.4919099245970942,3.0993552786090213
2023-24,02/03/2024,Tottenham,Crystal Palace,1.0134464211770777,-0.9517920603421784,1.0687657522616771,-1.00716346678707
2023-24,03/03/2024,Burnley,Bournemouth,-2.401754279359416,-1.5204900026039692,-2.5184094210572807,-1.4125554990757416
2023-24,03/03/2024,Man City,Man United,3.4920272060300364,0.4035021480748946,3.5254835166445915,0.377542745713551
2023-24,04/03/2024,Sheffield United,Arsenal,-3.111327229849122,3.199570474636897,-3.3299877295883658,3.420390237993492
2023-24,09/03/2024,Arsenal,Brentford,3.420390237993492,-0.36826975536914175,3.38335777183902,-0.33008224758007937
2023-24,09/03/2024,Bournemouth,Sheffield United,-1.4109197605221775,-3.3306643661802866,-1.4647572120490857,-3.276884242278919
2023-24,09/03/2024,Crystal Palace,Luton,-1.0083593563996045,-1.5705490579331567,-1.03502799400323,-1.5422583623662542
2023-24,09/03/2024,Man United,Everton,0.3781053714633337,-0.9636996664765377,0.4322238726815456,-1.0282795777109475
2023-24,09/03/2024,Wolves,Fulham,-0.6774373457726833,-0.3294327612137228,-0.6312479454784173,-0.3703245803288617
2023-24,10/03/2024,Aston Villa,Tottenham,1.302505728091042,1.069942810812483,1.0606028458858878,1.3085249713855855
2023-24,10/03/2024,Brighton,Nott'm Forest,0.5343870723529723,-1.4911444041003574,0.532805345511601,-1.4895572755474675
2023-24,10/03/2024,Liverpool,Man City,3.102139208932196,3.5209729205029237,3.0959533640989,3.5281940873937057
2023-24,10/03/2024,West Ham,Burnley,-0.47869755149309406,-2.5211764560869314,-0.5345426520096619,-2.4608453999612596
2023-24,11/03/2024,Chelsea,Newcastle,0.27877925291205624,1.4907224568613013,0.3427624787963406,1.428436403624032
2023-24,13/03/2024,Bournemouth,Luton,-1.4631332483294688,-1.5457509590081597,-1.425941484435851,-1.5854073201987409
2023-24,16/03/2024,Burnley,Brentford,-2.4610302084911972,-0.32472346969535965,-2.375547409874776,-0.4071690714782274
2023-24,16/03/2024,Fulham,Tottenham,-0.3703262552220863,1.3078403961933236,-0.2118228007032105,1.1277640250188605
2023-24,16/03/2024,Luton,Nott'm Forest,-1.5843801344660038,-1.4936488455765555,-1.5982032383731537,-1.4805432822436217
2023-24,17/03/2024,West Ham,Aston Villa,-0.5344356935952758,1.0604854909670278,-0.5182564071392886,1.0439600682141872
2023-24,30/03/2024,Aston Villa,Wolves,1.0439600682141872,-0.6297560319878082,1.1024073965320305,-0.6881160716983739
2023-24,30/03/2024,Bournemouth,Everton,-1.4247182428821157,-1.0301687164259596,-1.3795684420854606,-1.0743379096084393
2023-24,30/03/2024,Brentford,Man United,-0.41219152302144424,0.4290694484828501,-0.4107021152867684,0.42789150264005954
2023-24,30/03/2024,Chelsea,Burnley,0.34113404573895256,-2.3711921729152543,0.2724573233479918,-2.2996203539645483
2023-24,30/03/2024,Newcastle,West Ham,1.4272636701182315,-0.5150940942854582,1.4273260347064403,-0.5151560464947406
2023-24,30/03/2024,Nott'm Forest,Crystal Palace,-1.477966765402612,-1.0354548635400715,-1.4841564710916204,-1.029031968648658
2023-24,30/03/2024,Sheffield United,Fulham,-3.2817288351916565,-0.21171735062813796,-3.236276936578895,-0.25132672448125826
2023-24,30/03/2024,Tottenham,Luton,1.1273652659902964,-1.59560896467085,1.1123518003026958,-1.5800387003895866
2023-24,31/03/2024,Liverpool,Brighton,3.0984315863276004,0.5289873035648426,3.0875070933324134,0.5411770214978482
2023-24,31/03/2024,Man City,Arsenal,3.531180699244531,3.386514048094985,3.512829197694575,3.404494996385967
2023-24,02/04/2024,Bournemouth,Crystal Palace,-1.3783225570174353,-1.0271665421379015,-1.3350227208013494,-1.071693003420375
2023-24,02/04/2024,Burnley,Wolves,-2.299884940914779,-0.6897257219855739,-2.2828816782416856,-0.7058340808210638
2023-24,02/04/2024,Newcastle,Everton,1.4282663559000282,-1.0749505204358656,1.3659877176610502,-1.0144005976477368
2023-24,02/04/2024,Nott'm Forest,Fulham,-1.4844173799660285,-0.24929637683161732,-1.3732262787934821,-0.34912721006735253
2023-24,02/04/2024,West Ham,Tottenham,-0.5097166488953547,1.1121103922766837,-0.49360267603694113,1.095881299386968
2023-24,03/04/2024,Arsenal,Luton,3.403962472871055,-1.579333184207481,3.3976912275039854,-1.5729734728998055
2023-24,03/04/2024,Brentford,Brighton,-0.40865672857930696,0.5420564069663117,-0.40507789912576614,0.5385858098219616
2023-24,03/04/2024,Man City,Aston Villa,3.5144701425123346,1.1045539638507154,3.612339853176406,1.0094193022599671
2023-24,04/04/2024,Chelsea,Man United,0.27065334673271013,0.42891969664964275,0.31217712903925476,0.3957494570859046
2023-24,04/04/2024,Liverpool,Sheffield United,3.0928934919695723,-3.2366122968236355,3.064195484008316,-3.204271552879608
2023-24,06/04/2024,Aston Villa,Brentford,1.0100064324931064,-0.4029001246773375,0.9690154320351728,-0.36120545134598997
2023-24,06/04/2024,Brighton,Arsenal,0.539990459742133,3.401234710291436,0.4274482600578448,3.5161994218833543
2023-24,06/04/2024,Crystal Palace,Man City,-1.0646899168223396,3.6157392450518495,-1.0933569200709945,3.645005339319902
2023-24,06/04/2024,Everton,Burnley,-1.0183661214658426,-2.2801128413033602,-1.006016187916737,-2.2936689463343582
2023-24,06/04/2024,Fulham,Newcastle,-0.3505606748468464,1.3723667175866692,-0.3798155555469843,1.4053709035055177
2023-24,06/04/2024,Luton,Bournemouth,-1.5745489430329533,-1.33098343356416,-1.532391541701736,-1.37139932094169
2023-24,06/04/2024,Wolves,West Ham,-0.7097745013416941,-0.4945677668136992,-0.7712776099560406,-0.4342122528091688
2023-24,07/04/2024,Man United,Liverpool,0.3970483696422022,3.066427528187792,0.4268115544526647,3.0338466709963114
2023-24,07/04/2024,Sheffield United,Chelsea,-3.2058306788139648,0.3123630627420724,-3.154004739528217,0.259854964527898
2023-24,07/04/2024,Tottenham,Nott'm Forest,1.0919665704067307,-1.3739685771089318,1.1328493488605642,-1.4142235389316358
2023-24,13/04/2024,Bournemouth,Man United,-1.3700452816831554,0.42602541142779793,-1.3510822646348055,0.4102964843313967
2023-24,13/04/2024,Brentford,Sheffield United,-0.36222933414199193,-3.1534853774031064,-0.3271625425183791,-3.1879032096227338
2023-24,13/04/2024,Burnley,Brighton,-2.2943263461434866,0.4281592919773095,-2.2564186102442103,0.3925862155005574
2023-24,13/04/2024,Man City,Luton,3.6461278310519374,-1.5326866745731713,3.738976144495814,-1.6249962835328309
2023-24,13/04/2024,Newcastle,Tottenham,1.4038566328583313,1.1314974349982272,1.5833723883813862,0.9518086952468583
2023-24,13/04/2024,Nott'm Forest,Wolves,-1.4156882208892958,-0.7700637638147696,-1.4178851706072142,-0.7678069983182938
2023-24,14/04/2024,Arsenal,Aston Villa,3.5213908497644475,0.9729686749551892,3.3585943993803427,1.134485200188916
2023-24,14/04/2024,Liverpool,Crystal Palace,3.0338839799307014,-1.0989078302215196,2.907756992923187,-0.9559854425058023
2023-24,14/04/2024,West Ham,Fulham,-0.4312407330625881,-0.3800177689883339,-0.5435963165009644,-0.2796553150053367
2023-24,15/04/2024,Chelsea,Everton,0.266671142961013,-0.9973613322076262,0.5343091371071313,-1.2515359831052741
2023-24,20/04/2024,Luton,Brentford,-1.6189506008845662,-0.3247272379262638,-1.8095330209364313,-0.13505261373290556
2023-24,20/04/2024,Sheffield United,Burnley,-3.182553609896335,-2.25522151508419,-3.326429264081353,-2.1037149552036025
2023-24,20/04/2024,Wolves,Arsenal,-0.7596524541598431,3.3601511400384787,-0.7972750491983522,3.3981259616553046
2023-24,21/04/2024,Aston Villa,Bournemouth,1.131167593828652,-1.3573179911343638,1.1706207994856468,-1.395980596607501
2023-24,21/04/2024,Crystal Palace,West Ham,-0.9551124113317531,-0.5436670413928455,-0.8127157397910149,-0.6823509836973187
2023-24,21/04/2024,Everton,Nott'm Forest,-1.2487724916380705,-1.4164904334566422,-1.1700417810930686,-1.4962042232775332
2023-24,21/04/2024,Fulham,Liverpool,-0.2810205007472755,2.913888327675629,-0.3296811914855432,2.963247868520223
2023-24,23/04/2024,Arsenal,Chelsea,3.3974639270680074,0.5386266827233335,3.576155985070096,0.3561075392377827
2023-24,24/04/2024,Crystal Palace,Newcastle,-0.8117180780640516,1.5767967144885295,-0.6850684347103437,1.450406757228609
2023-24,24/04/2024,Everton,Liverpool,-1.173690955445392,2.9637132034585987,-1.0210098907774747,2.822064379769002
2023-24,24/04/2024,Man United,Sheffield United,0.4058242965483149,-3.3252754802734126,0.41977128600737673,-3.342045698263884
2023-24,24/04/2024,Wolves,Bournemouth,-0.7986861011350579,-1.3949030138758851,-0.8714977803230303,-1.3234095291368868
2023-24,25/04/2024,Brighton,Man City,0.3868503032281563,3.752703213592896,0.23882223280983922,3.90669503801484
2023-24,27/04/2024,Aston Villa,Chelsea,1.174573407214467,0.358597969139002,1.1463286368912757,0.3871345624079119
2023-24,27/04/2024,Everton,Brentford,-1.020672232637207,-0.1342366785482602,-0.9729064453890068,-0.185657066188253
2023-24,27/04/2024,Fulham,Crystal Palace,-0.33240430503864987,-0.6830417961620292,-0.350088064486507,-0.6631570393050805
2023-24,27/04/2024,Man United,Burnley,0.4218336384900999,-2.0985736491759894,0.3734179081888579,-2.0363756662381194
2023-24,27/04/2024,Newcastle,Sheffield United,1.4558205150231955,-3.3414977251803766,1.549056354564069,-3.4341419966768014
2023-24,27/04/2024,West Ham,Liverpool,-0.6786387312557789,2.8246958231440935,-0.6303213670838201,2.78148180740165
2023-24,27/04/2024,Wolves,Luton,-0.8720797452549749,-1.8058339228184066,-0.8544156682441896,-1.8242299985161254
2023-24,28/04/2024,Bournemouth,Brighton,-1.3187622565682122,0.23926832568207984,-1.1648650420155406,0.08146316985922805
2023-24,28/04/2024,Nott'm Forest,Man City,-1.4928614514330698,3.906893346024976,-1.5066365783318638,3.921431667473416
2023-24,28/04/2024,Tottenham,Arsenal,0.9554521636185529,3.5713177422019453,0.939925277259923,3.5866010360879637
2023-24,02/05/2024,Chelsea,Tottenham,0.3880615489628235,0.939925277259923,0.4805203951463743,0.8479228253716655
2023-24,03/05/2024,Luton,Everton,-1.824206062183726,-0.9697626586693093,-1.8226497801197905,-0.9712033685655592
2023-24,04/05/2024,Arsenal,Bournemouth,3.5867028654136193,-1.1666159378765437,3.632187660462566,-1.210907309467647
2023-24,04/05/2024,Brentford,Fulham,-0.18726954273304916,-0.3486194749762758,-0.20391549032144918,-0.33419397320114463
2023-24,04/05/2024,Burnley,Newcastle,-2.0357670081039214,1.5523807521693003,-2.133204115178978,1.644022598329887
2023-24,04/05/2024,Man City,Wolves,3.9225532835497945,-0.855374533392263,4.01787645834468,-0.9464960585199257
2023-24,04/05/2024,Sheffield United,Nott'm Forest,-3.4320997523149197,-1.5070048726192569,-3.5055677554447864,-1.4340654341073698
2023-24,05/05/2024,Brighton,Aston Villa,0.07787468183808467,1.1503512074241922,0.13012412464540535,1.0974527238331186
2023-24,05/05/2024,Chelsea,West Ham,0.4785162013971543,-0.6342401037069948,0.6820290542764162,-0.8353988111110477
2023-24,05/05/2024,Liverpool,Tottenham,2.7844750677338905,0.8485136964382013,2.826831965642263,0.8009261798799344
2023-24,06/05/2024,Crystal Palace,Man United,-0.6596896735368026,0.37075468378353643,-0.4643613873011191,0.20870004820931698
2023-24,11/05/2024,Bournemouth,Brentford,-1.2122868605587578,-0.20353479744838207,-1.2533148164001644,-0.16032053783573633
2023-24,11/05/2024,Everton,Sheffield United,-0.9688247502570556,-3.5022309193420678,-0.9784376149493345,-3.4922661247942557
2023-24,11/05/2024,Fulham,Man City,-0.33386752280087656,4.024867768685865,-0.4449347545949411,4.153994880703625
2023-24,11/05/2024,Newcastle,Brighton,1.6491982536214114,0.13332352638783038,1.6103143862759246,0.1722503735329469
2023-24,11/05/2024,Nott'm Forest,Chelsea,-1.4337329719580902,0.6860282596223944,-1.4565992583852554,0.7093297244472255
2023-24,11/05/2024,Tottenham,Burnley,0.802861174348802,-2.1289117830233493,0.7861507348306589,-2.111171077211051
2023-24,11/05/2024,West Ham,Luton,-0.8335171116149155,-1.8136516366286881,-0.7715132019943028,-1.8781563364369798
2023-24,11/05/2024,Wolves,Crystal Palace,-0.9468760711053228,-0.46295843087253563,-1.0434032193192286,-0.36578096438650665
2023-24,12/05/2024,Man United,Arsenal,0.20992481984816272,3.638437868654359,0.20917653507989478,3.6393388017871358
2023-24,13/05/2024,Aston Villa,Liverpool,1.095596185793943,2.832415521839221,1.1124157209065597,2.8176106251141597
2023-24,14/05/2024,Tottenham,Man City,0.7861733991800466,4.153319447415814,0.7389421506968997,4.202344472285484
2023-24,15/05/2024,Brighton,Chelsea,0.1721233611296788,0.7095817959367382,0.12280632169714545,0.7591103996689832
2023-24,15/05/2024,Man United,Newcastle,0.21016094937548463,1.6105792578940483,0.2575865098524741,1.5537986392069754
2023-24,19/05/2024,Arsenal,Everton,3.63889252330896,-0.9776768749079133,3.594021691091034,-0.9347437599362267
2023-24,19/05/2024,Brentford,Newcastle,-0.15797832638466114,1.5536425212795564,-0.2349382977275548,1.6271664898156908
2023-24,19/05/2024,Brighton,Man United,0.12081593835065975,0.2572156655026374,0.019647032707987913,0.34182036715484776
2023-24,19/05/2024,Burnley,Nott'm Forest,-2.113709060843976,-1.4591738628343813,-2.163623837520249,-1.41275723723746
2023-24,19/05/2024,Chelsea,Bournemouth,0.7562850214693353,-1.2557535865045002,0.7551846209150599,-1.2546653072453795
2023-24,19/05/2024,Crystal Palace,Aston Villa,-0.36859189508550894,1.109683973521963,-0.1300758257754771,0.8683671301736107
2023-24,19/05/2024,Liverpool,Wolves,2.8149505656619445,-1.0458951326182533,2.826966521793182,-1.0592716295847218
2023-24,19/05/2024,Luton,Fulham,-1.8810687009279226,-0.4465967805055809,-1.9637249532524548,-0.37499581916073177
2023-24,19/05/2024,Man City,West Ham,4.198179753018536,-0.7760544385944892,4.192805867154738,-0.7708191824455451
2023-24,19/05/2024,Sheffield United,Tottenham,-3.493679262147826,0.734894473017474,-3.571483502411877,0.8119257833980842
2024-25,16/08/2024,Man United,Fulham,0.34045886869579217,-0.3750636369443783,0.38819391621298505,-0.433431950312487
2024-25,17/08/2024,Arsenal,Wolves,3.590758705681544,-1.060247797420461,3.5910680820990137,-1.060674195839232
2024-25,17/08/2024,Everton,Brighton,-0.9378880948330021,0.018062465143659084,-1.296658508072262,0.3187499947000658
2024-25,17/08/2024,Ipswich,Liverpool,-1.3326268166935418,2.826074797709994,-1.4167361635887659,2.9101883947497367
2024-25,17/08/2024,Newcastle,Southampton,1.6242330516361283,-1.3326268166935418,1.5814853005927394,-1.2861754587651348
2024-25,17/08/2024,Nott'm Forest,Bournemouth,-1.4140647871030716,-1.2559612747469449,-1.437565406386456,-1.2256671858364636
2024-25,17/08/2024,West Ham,Aston Villa,-0.7708820321527369,0.867262575986789,-0.8453619988323393,0.9410590784951067
2024-25,18/08/2024,Brentford,Crystal Palace,-0.23798593803793971,-0.1311696520620716,-0.15208576778373567,-0.24600902357078785
2024-25,18/08/2024,Chelsea,Man City,0.7538765564862859,4.192741629112758,0.6265852145036864,4.341785959116203
2024-25,19/08/2024,Leicester,Tottenham,-1.3326268166935418,0.8119257833980842,-1.2609486788430964,0.7459726579136658
2024-25,24/08/2024,Aston Villa,Arsenal,0.9410590784951067,3.5910680820990137,0.8044423960241659,3.7308914308906584
2024-25,24/08/2024,Brighton,Man United,0.3187499947000658,0.38819391621298505,0.3927472409652308,0.3120642029933007
2024-25,24/08/2024,Crystal Palace,West Ham,-0.24600902357078785,-0.8511149922671429,-0.60764895880323,-0.5905731619787051
2024-25,24/08/2024,Fulham,Leicester,-0.4371902859049704,-1.2609486788430964,-0.38694158238261,-1.316641784176786
2024-25,24/08/2024,Man City,Ipswich,4.341785959116203,-1.4167361635887659,4.425201875019943,-1.4800790361962586
2024-25,24/08/2024,Southampton,Nott'm Forest,-1.2861754587651348,-1.437565406386456,-1.4465132779382883,-1.301906481752953
2024-25,24/08/2024,Tottenham,Everton,0.7431587579365263,-1.2931847360518052,1.114613819768961,-1.637677270923609
2024-25,25/08/2024,Bournemouth,Newcastle,-1.218653111891873,1.5743813664488253,-1.1229309693368292,1.4923551637642252
2024-25,25/08/2024,Liverpool,Brentford,2.9074573643995705,-0.16811881357358827,2.9703255854781547,-0.23280801213726832
2024-25,25/08/2024,Wolves,Chelsea,-1.052553355187176,0.630666845426222,-1.5735219842956485,1.0702959625720525
2024-25,31/08/2024,Arsenal,Brighton,3.709955935591292,0.3796801897071948,3.5539083225320836,0.5247839989948289
2024-25,31/08/2024,Brentford,Southampton,-0.23280696665268805,-1.4501028255230088,-0.0980455383256659,-1.5953294000717604
2024-25,31/08/2024,Everton,Bournemouth,-1.6311630768118566,-1.1235146376585354,-1.7533266138779808,-0.9894172413706424
2024-25,31/08/2024,Ipswich,Fulham,-1.47626536125996,-0.3858097338899368,-1.463957610533615,-0.39982399588055284
2024-25,31/08/2024,Leicester,Aston Villa,-1.2983452446822887,0.8077780054972002,-1.3638924262017107,0.8583600746871823
2024-25,31/08/2024,Nott'm Forest,Wolves,-1.298751811578582,-1.5819832582680502,-1.3363365455127763,-1.5291715253232279
2024-25,31/08/2024,West Ham,Man City,-0.5886532282931698,4.449773046686017,-0.631469491632031,4.506697986628874
2024-25,01/09/2024,Chelsea,Crystal Palace,1.0750553630269053,-0.6060454762391355,0.9711002159986128,-0.4829382609141397
2024-25,01/09/2024,Man United,Liverpool,0.3184116670446571,2.9767385936945296,0.09137250058196147,3.216496494872372
2024-25,01/09/2024,Newcastle,Tottenham,1.4917591297888801,1.1057968767913675,1.5526441785006757,1.0367353530105776
2024-25,14/09/2024,Aston Villa,Everton,0.8567928196453696,-1.7567450828693312,0.8328924512507907,-1.730127386283595
2024-25,14/09/2024,Bournemouth,Chelsea,-0.9872358847412478,0.9711378504285184,-1.0529245596411367,1.0336045661502438
2024-25,14/09/2024,Brighton,Ipswich,0.5127826201020395,-1.4527338088783863,0.4192386532163376,-1.351454980312175
2024-25,14/09/2024,Crystal Palace,Leicester,-0.4791499124502312,-1.3688048723933717,-0.5582711058694254,-1.2942424776313284
2024-25,14/09/2024,Fulham,West Ham,-0.40492347660320593,-0.6303195942998026,-0.4462913440672087,-0.5945676147343162
2024-25,14/09/2024,Liverpool,Nott'm Forest,3.220171201900812,-1.3386482445464578,2.9226835953853847,-1.0571575790761207
2024-25,14/09/2024,Man City,Brentford,4.511331426565832,-0.09775708671366756,4.386363515396457,0.002065851887980197
2024-25,14/09/2024,Southampton,Man United,-1.577281838716621,0.07558332232388296,-1.872201349419818,0.3292700618917277
2024-25,15/09/2024,Tottenham,Arsenal,1.0404125862877953,3.55372665161416,0.9992903602333904,3.588935278463876
2024-25,15/09/2024,Wolves,Newcastle,-1.5159737539852727,1.537589926403818,-1.536365874831325,1.5535705513415434
2024-25,21/09/2024,Aston Villa,Wolves,0.8375485600849638,-1.536365874831325,0.9158551245626061,-1.6407263737331974
2024-25,21/09/2024,Crystal Palace,Man United,-0.5531577450548075,0.3293258530528947,-0.5478574330657869,0.3254638669073763
2024-25,21/09/2024,Fulham,Newcastle,-0.43660073183196463,1.5494584369867643,-0.17091780781688803,1.3077811647800024
2024-25,21/09/2024,Leicester,Everton,-1.281288402727666,-1.7348095925668676,-1.334226265739926,-1.6885568678551208
2024-25,21/09/2024,Liverpool,Bournemouth,2.9356024728608543,-1.0504737757037896,3.05540046762283,-1.1911535398005129
2024-25,21/09/2024,Southampton,Ipswich,-1.8818125176940548,-1.353048769267288,-1.891131379681513,-1.3445645754446316
2024-25,21/09/2024,Tottenham,Brentford,0.989109747620195,-0.004971311820822678,1.1385517563260794,-0.13819543345366678
2024-25,21/09/2024,West Ham,Chelsea,-0.5861729014059216,1.0140420199232794,-0.8396372512462681,1.3034555063210647
2024-25,22/09/2024,Brighton,Nott'm Forest,0.4314105835481144,-1.0732920776775452,0.3559994241397184,-0.9961571049456138
2024-25,22/09/2024,Man City,Arsenal,4.382375924406231,3.5895864393577366,4.31227484889709,3.644234469549599
2024-25,28/09/2024,Arsenal,Leicester,3.644234469549599,-1.3284820451143953,3.633608455745087,-1.3153738129213481
2024-25,28/09/2024,Brentford,West Ham,-0.14042361546421087,-0.8421977407269221,-0.19217262438784136,-0.7926843014379756
2024-25,28/09/2024,Chelsea,Brighton,1.302857080127435,0.3574386581421055,1.4451917922719753,0.23872549093620432
2024-25,28/09/2024,Everton,Crystal Palace,-1.6943900610144171,-0.5462844126695487,-1.58141518800965,-0.681937976284519
2024-25,28/09/2024,Newcastle,Man City,1.3093324365384753,4.317586079948595,1.3876736997952022,4.221271552046548
2024-25,28/09/2024,Nott'm Forest,Fulham,-0.9993511592537017,-0.17805935262800923,-1.0861587005024798,-0.07548327072587663
2024-25,28/09/2024,Wolves,Liverpool,-1.6274917761524463,3.0483265133752395,-1.5752933931840405,3.007585940645025
2024-25,29/09/2024,Ipswich,Aston Villa,-1.3561023650258315,0.91750168197555,-1.3041384669942193,0.866943571472121
2024-25,29/09/2024,Man United,Tottenham,0.328725922844744,1.14595830676526,0.06409922742785729,1.4639514420137951
2024-25,30/09/2024,Bournemouth,Southampton,-1.1663511218900118,-1.904489584731161,-1.0105512734485913,-2.0506697424376337
2024-25,05/10/2024,Arsenal,Southampton,3.6386534859083217,-2.0506697424376337,3.604629499990708,-2.0132606139364344
2024-25,05/10/2024,Brentford,Wolves,-0.19465523763102308,-1.5779005184425765,-0.08405561246407356,-1.7149455635670408
2024-25,05/10/2024,Crystal Palace,Liverpool,-0.687420407618168,3.004422164506438,-0.6785201536690039,2.997460199279034
2024-25,05/10/2024,Everton,Newcastle,-1.5649316018191868,1.4009700691587461,-1.486742578776177,1.3263493287418617
2024-25,05/10/2024,Leicester,Bournemouth,-1.2971031750561646,-1.009627541121358,-1.2079681108639564,-1.0948139433092072
2024-25,05/10/2024,Man City,Fulham,4.224898728388687,-0.08308859022399216,4.128086606690635,0.0035014707807625445
2024-25,05/10/2024,West Ham,Ipswich,-0.7901716575404434,-1.3098317698097637,-0.5665822341102114,-1.5376515451817594
2024-25,06/10/2024,Aston Villa,Man United,0.8680331818691867,0.06362126464256937,0.8168705895039302,0.11374990871008267
2024-25,06/10/2024,Brighton,Tottenham,0.22806240992933974,1.472657895490359,0.32653947160180846,1.3521503251591787
2024-25,06/10/2024,Chelsea,Nott'm Forest,1.4445603676649552,-1.0875269682277509,1.323221126551027,-0.9835071055939446
2024-25,19/10/2024,Bournemouth,Arsenal,-1.095563656587827,3.596923487379994,-0.7494371271654368,3.2993688594498467
2024-25,19/10/2024,Fulham,Aston Villa,0.008952213878051054,0.8066570538102574,-0.18374037304564528,0.9752100095891729
2024-25,19/10/2024,Ipswich,Everton,-1.5375551804073502,-1.4712289834226526,-1.734644219776391,-1.260308366355086
2024-25,19/10/2024,Man United,Brentford,0.11189833624255453,-0.08539870379602826,0.16563750079476405,-0.14298607355452536
2024-25,19/10/2024,Newcastle,Brighton,1.3306095270727032,0.3197719325296041,1.182330844259306,0.45504446491440775
2024-25,19/10/2024,Southampton,Leicester,-2.0284390825972354,-1.2008351690866903,-2.1204994614609194,-1.0987972692320465
2024-25,19/10/2024,Tottenham,West Ham,1.3536258041479199,-0.5825824532586541,1.5516471013271138,-0.754143596962959
2024-25,20/10/2024,Liverpool,Chelsea,2.9974476268817116,1.333068297379936,3.006454252061442,1.3231173238373333
2024-25,20/10/2024,Wolves,Man City,-1.7342125103624706,4.078084230594789,-1.6415285258849657,3.9868035717387826
2024-25,21/10/2024,Nott'm Forest,Crystal Palace,-0.97461204878752,-0.6567068858562686,-0.9056658394810466,-0.748396420271087
2024-25,25/10/2024,Leicester,Nott'm Forest,-1.0945974219839574,-0.9056658394810466,-1.317759496056544,-0.7280059150202727
2024-25,26/10/2024,Aston Villa,Bournemouth,0.970364133619469,-0.7449528987488957,0.8951062423401922,-0.6562753420849173
2024-25,26/10/2024,Brentford,Ipswich,-0.1486086032130597,-1.7448065192242077,-0.1374730317430195,-1.7556926229302703
2024-25,26/10/2024,Brighton,Wolves,0.4679299122750129,-1.6337947195552514,0.3847869764624038,-1.5227575690776438
2024-25,26/10/2024,Everton,Fulham,-1.2642375543791717,-0.2032311649476798,-1.254528112104892,-0.21332160898879818
2024-25,26/10/2024,Man City,Southampton,3.9910390439294363,-2.1160652552075683,3.8330705212153187,-1.976753559208608
2024-25,27/10/2024,Arsenal,Liverpool,3.3098537342861793,3.021622640978135,3.2770935403638486,3.054632053485362
2024-25,27/10/2024,Chelsea,Newcastle,1.3295958551715132,1.1889987530960269,1.3913135350954637,1.1317343545550493
2024-25,27/10/2024,Crystal Palace,Tottenham,-0.7445876639469599,1.5366108360270831,-0.5814021618522873,1.3900173497169235
2024-25,27/10/2024,West Ham,Man United,-0.7663983981040013,0.17132041771358797,-0.677972802989276,0.08522735564054593
2024-25,02/11/2024,Bournemouth,Man City,-0.6501329113863611,3.8355022603450877,-0.4303131492368927,3.600636840128835
2024-25,02/11/2024,Ipswich,Leicester,-1.7629074975938905,-1.3036254927663642,-1.7721731735731883,-1.2925876341496993
2024-25,02/11/2024,Liverpool,Brighton,3.0658823343523656,0.3769379171702816,3.0433596776410794,0.3980354749710072
2024-25,02/11/2024,Newcastle,Arsenal,1.1269462466175821,3.272524958683604,1.2530873809808962,3.149909747121458
2024-25,02/11/2024,Nott'm Forest,West Ham,-0.7053339568852999,-0.6860876940855066,-0.49093439601386885,-0.906599676761406
2024-25,02/11/2024,Southampton,Everton,-1.9761531197317863,-1.2437299899554455,-1.8888631271054777,-1.3296300525074034
2024-25,02/11/2024,Wolves,Crystal Palace,-1.5291570693710028,-0.5850091105931852,-1.5226435011742916,-0.59156336452509
2024-25,03/11/2024,Man United,Chelsea,0.07996670170361801,1.4043290189232827,0.09607930712185027,1.3858544866566067
2024-25,03/11/2024,Tottenham,Aston Villa,1.3806208612330282,0.8911383549170875,1.613882365056277,0.6887682850301662
2024-25,04/11/2024,Fulham,Brentford,-0.23394498085558765,-0.13860894204623184,-0.16594620691355594,-0.20144612590550454
2024-25,09/11/2024,Brentford,Bournemouth,-0.20144612590550454,-0.42972705478176154,-0.15012240101546825,-0.4869695305968594
2024-25,09/11/2024,Brighton,Man City,0.4087870167472819,3.595325393702815,0.5495395165653544,3.4132478187725495
2024-25,09/11/2024,Crystal Palace,Fulham,-0.5827985166633157,-0.17074086736302752,-0.7904191193874373,0.0140583548071678
2024-25,09/11/2024,Liverpool,Aston Villa,3.0416183939051935,0.6941201725296683,3.1095887418939254,0.6277480490023399
2024-25,09/11/2024,West Ham,Everton,-0.9122466957345621,-1.3269829027709583,-0.9463266216076026,-1.2901158643590336
2024-25,09/11/2024,Wolves,Southampton,-1.5397580157715545,-1.8950898183546747,-1.385865787948041,-2.0301454007555666
2024-25,10/11/2024,Chelsea,Arsenal,1.3824235647798513,3.15160015224908,1.4144990024570687,3.1224988768139683
2024-25,10/11/2024,Man United,Leicester,0.09840195233682773,-1.2968085013823893,0.26584879168929526,-1.5036046712077684
2024-25,10/11/2024,Nott'm Forest,Newcastle,-0.48986037563765433,1.2652478891010004,-0.6145320902647934,1.398314412372808
2024-25,10/11/2024,Tottenham,Ipswich,1.6111990602545037,-1.7895167431216263,1.3858577015056088,-1.5884268896924927
2024-25,23/11/2024,Arsenal,Nott'm Forest,3.1139288941952983,-0.6145694303667039,3.2172109600183183,-0.7141146130158667
2024-25,23/11/2024,Aston Villa,Crystal Palace,0.6315524220080452,-0.7992321129128839,0.5708574110740395,-0.7227872701044036
2024-25,23/11/2024,Bournemouth,Brighton,-0.5045562298529961,0.5609991035109535,-0.5824680608371307,0.6255749922038122
2024-25,23/11/2024,Everton,Brentford,-1.298545461791248,-0.15134834405042882,-1.2870929868011065,-0.16235904546854624
2024-25,23/11/2024,Fulham,Wolves,0.013549024293469636,-1.3828285728911565,-0.30601151237007235,-1.0273793829267173
2024-25,23/11/2024,Leicester,Chelsea,-1.5220169078247412,1.4340334690768919,-1.5394946874472906,1.4502354122591752
2024-25,23/11/2024,Man City,Tottenham,3.4371689407033394,1.390454543731983,2.9718248505642815,1.8210382709701725
2024-25,24/11/2024,Ipswich,Man United,-1.5991593038952343,0.264791090291433,-1.5678988381959504,0.23478241548931855
2024-25,24/11/2024,Southampton,Liverpool,-2.0336160174392974,3.132166493179974,-1.9819699888563316,3.0842587254551055
2024-25,25/11/2024,Newcastle,West Ham,1.3932920481063418,-0.9568770417039909,1.1446357269595486,-0.7171469354097595
2024-25,29/11/2024,Brighton,Southampton,0.6263418414215178,-1.9899873690833785,0.5381941399098042,-1.8893186048302766
2024-25,30/11/2024,Brentford,Leicester,-0.15300478931802478,-1.5199005980397904,0.015514723070068598,-1.7135767391152106
2024-25,30/11/2024,Crystal Palace,Newcastle,-0.7015948255512706,1.14475147663478,-0.6653347222064916,1.11451116376012
2024-25,30/11/2024,Nott'm Forest,Ipswich,-0.7178042708162888,-1.5604782336957155,-0.6883947345907248,-1.5911506339087242
2024-25,30/11/2024,West Ham,Arsenal,-0.7125904795850211,3.211080162048208,-0.8488269298489584,3.3486642414473393
2024-25,30/11/2024,Wolves,Bournemouth,-1.040937180823058,-0.6006193743304267,-1.2320407338074615,-0.42297031982711714
2024-25,01/12/2024,Chelsea,Aston Villa,1.4247044867144119,0.5811596049991377,1.6212624739637098,0.40467731288332476
2024-25,01/12/2024,Liverpool,Man City,3.094278742783196,2.9838589095114814,3.2194000313610065,2.8336792920845544
2024-25,01/12/2024,Man United,Everton,0.2411112835295977,-1.2883873650341147,0.46844358871488423,-1.5390542068359268
2024-25,01/12/2024,Tottenham,Fulham,1.8053337934217983,-0.34164076800495563,1.7162587974725527,-0.25389617726916625
2024-25,03/12/2024,Ipswich,Crystal Palace,-1.6016356652931483,-0.6719561214147296,-1.6698138015528874,-0.5890697280988113
2024-25,03/12/2024,Leicester,West Ham,-1.7031101563634825,-0.8532633491101395,-1.530980627210122,-0.9983880844352943
2024-25,04/12/2024,Arsenal,Man United,3.3469409842104345,0.4699911059634856,3.3948118869361994,0.42363337760116304
2024-25,04/12/2024,Aston Villa,Brentford,0.4089136543119979,0.009398791315308231,0.5211018921094457,-0.10751234638958833
2024-25,04/12/2024,Everton,Wolves,-1.5391335253685658,-1.2242105018445575,-1.2451014533442042,-1.5602543186513942
2024-25,04/12/2024,Man City,Nott'm Forest,2.81257600227598,-0.6846263988935912,2.9364164965065473,-0.7841408857233303
2024-25,04/12/2024,Newcastle,Liverpool,1.1073685143626633,3.216829754385207,1.1442076193870712,3.1806737735081128
2024-25,04/12/2024,Southampton,Chelsea,-1.8893765160262386,1.6239807502461838,-2.122416847172644,1.8598558984186406
2024-25,05/12/2024,Bournemouth,Tottenham,-0.42534561933849707,1.7319573324026234,-0.3016384928155889,1.6100757121739275
2024-25,05/12/2024,Fulham,Brighton,-0.2567405471016928,0.5400071847090421,-0.09587169225863942,0.4012629735602018
2024-25,07/12/2024,Aston Villa,Southampton,0.5302201229359669,-2.122564649754378,0.512073252941797,-2.1027064211915936
2024-25,07/12/2024,Brentford,Newcastle,-0.10719637472774704,1.1458773703330747,0.0507087524337394,0.9880659062397295
2024-25,07/12/2024,Crystal Palace,Man City,-0.584382879848363,2.9375666101165625,-0.49826375616036284,2.8529227279643363
2024-25,07/12/2024,Man United,Nott'm Forest,0.4349237050305494,-0.7837428391889874,0.31575102011545775,-0.6648287532817412
2024-25,08/12/2024,Fulham,Arsenal,-0.09589100241384786,3.379731797814977,-0.018527008407001958,3.3092996848740635
2024-25,08/12/2024,Ipswich,Bournemouth,-1.6642838172486842,-0.3070370542418079,-1.7197836454068893,-0.2446993739304926
2024-25,08/12/2024,Leicester,Brighton,-1.5112018360102606,0.39599590656309225,-1.4765682975674523,0.36782997562564224
2024-25,08/12/2024,Tottenham,Chelsea,1.6087641036161309,1.855606794446063,1.5154284700366785,1.9469937053288302
2024-25,09/12/2024,West Ham,Wolves,-0.9818216561014901,-1.5457425917414933,-0.9463541083433231,-1.5890620161296378
2024-25,14/12/2024,Arsenal,Everton,3.3110719476483634,-1.2498683871471032,3.17595592301404,-1.1023584753604678
2024-25,14/12/2024,Liverpool,Fulham,3.1762014218387016,-0.022206545147374426,3.072405679961567,0.08783339016858535
2024-25,14/12/2024,Newcastle,Leicester,0.9926775758365621,-1.4716392980310786,1.1896741728875786,-1.6955689231071522
2024-25,14/12/2024,Nott'm Forest,Aston Villa,-0.6662149109228743,0.5112697394915868,-0.5892701196485762,0.4328892922043174
2024-25,14/12/2024,Wolves,Ipswich,-1.5824657184385842,-1.7232254127633169,-1.6924147307516424,-1.631345270699329
2024-25,15/12/2024,Brighton,Crystal Palace,0.3675165655826814,-0.49341466370931075,0.19786256854909484,-0.2777791075111924
2024-25,15/12/2024,Chelsea,Brentford,1.9374130011833248,0.055724228958248904,1.9391727528626965,0.05406766820457637
2024-25,15/12/2024,Man City,Man United,2.861710793321885,0.3141118198982985,2.680440085407743,0.46181009228655845
2024-25,15/12/2024,Southampton,Tottenham,-2.1150784779249845,1.519939383227472,-2.405621816296051,1.8199630226686117
2024-25,16/12/2024,Bournemouth,West Ham,-0.26087413910314233,-0.9311645284950482,-0.3018618763224646,-0.8951029217151995
2024-25,21/12/2024,Aston Villa,Man City,0.44183836123251985,2.680667583450962,0.5433334538586914,2.55870031303607
2024-25,21/12/2024,Brentford,Nott'm Forest,0.052388763309611924,-0.5978460374122109,-0.1212816822824139,-0.4336868544467075
2024-25,21/12/2024,Crystal Palace,Arsenal,-0.270489633214917,3.1704881803549703,-0.5124826107078932,3.3714415993212787
2024-25,21/12/2024,Ipswich,Newcastle,-1.6385445780211763,1.1795637997281596,-1.8576228376381274,1.4024638036984378
2024-25,21/12/2024,West Ham,Brighton,-0.8979659074753535,0.1950773861276256,-0.8899544700311379,0.18737515704498967
2024-25,22/12/2024,Everton,Chelsea,-1.1013990376032061,1.9408966792209879,-1.0403841403705554,1.8800402873464197
2024-25,22/12/2024,Fulham,Southampton,0.09457430238270997,-2.403482047660857,0.006726483438863479,-2.317144741765764
2024-25,22/12/2024,Leicester,Wolves,-1.6861917225943193,-1.708424267266498,-1.9391902682659328,-1.4470452109607606
2024-25,22/12/2024,Man United,Bournemouth,0.4488286004907892,-0.29487356881005405,0.2176485251669333,-0.027295357523766273
2024-25,22/12/2024,Tottenham,Liverpool,1.8065475464573473,3.0719231740162094,1.597687213537239,3.266500419111855
2024-25,26/12/2024,Bournemouth,Crystal Palace,-0.028167108548092755,-0.5215852452623116,-0.06185132789725384,-0.4855432121475199
2024-25,26/12/2024,Chelsea,Fulham,1.88370394605161,0.0017061984541405567,1.7442421003185193,0.1420021430565715
2024-25,26/12/2024,Liverpool,Leicester,3.26661762080062,-1.9438368924501024,3.2529527909141573,-1.9285288394653979
2024-25,26/12/2024,Man City,Everton,2.5634030751434294,-1.044537262523953,2.4399260085404495,-0.9307449652547459
2024-25,26/12/2024,Newcastle,Aston Villa,1.4091487524691084,0.53659999543944,1.569686223396665,0.38185041608605924
2024-25,26/12/2024,Nott'm Forest,Tottenham,-0.43314716298394523,1.5976936562954343,-0.34035671598899003,1.491813614585785
2024-25,26/12/2024,Southampton,West Ham,-2.3172988429323853,-0.8962585638206294,-2.370518400666064,-0.8470510383896253
2024-25,26/12/2024,Wolves,Man United,-1.4310882473283209,0.2120778180321079,-1.2506644090458319,0.06521650144912836
2024-25,27/12/2024,Arsenal,Ipswich,3.3784850958045887,-1.8511363256254987,3.2991754438792213,-1.7713507723517576
2024-25,27/12/2024,Brighton,Brentford,0.19249447046857363,-0.12430101932776723,0.1674818251755623,-0.0974713854454548
2024-25,29/12/2024,Crystal Palace,Southampton,-0.48329638283631676,-2.3689551005590577,-0.4816290993629038,-2.37045101717282
2024-25,29/12/2024,Everton,Nott'm Forest,-0.9320618440140557,-0.3390751319946703,-1.0751082972926822,-0.2112318828044425
2024-25,29/12/2024,Fulham,Bournemouth,0.14212176758348877,-0.06546334780493607,0.11731222648918549,-0.04000016296358082
2024-25,29/12/2024,Leicester,Man City,-1.9250764218582237,2.440570494750571,-1.9740509105528843,2.4905257684867
2024-25,29/12/2024,Tottenham,Wolves,1.4880530576005286,-1.2510558531756117,1.3979792242914073,-1.154032438302703
2024-25,29/12/2024,West Ham,Liverpool,-0.8458053498076024,3.252881629854445,-1.085088731214148,3.5016132707840386
2024-25,30/12/2024,Aston Villa,Brighton,0.38322541445148534,0.16748420097902558,0.36030548906857074,0.18967528157296362
2024-25,30/12/2024,Ipswich,Chelsea,-1.7713036192342941,1.7427892616428398,-1.5782412293789272,1.5350608209988805
2024-25,30/12/2024,Man United,Newcastle,0.0646688210763883,1.5734724349472673,-0.0426844704802716,1.686415258777508
2024-25,01/01/2025,Brentford,Arsenal,-0.0978951571788096,3.2981906959020106,-0.16528324819599585,3.3640691950726973
2024-25,04/01/2025,Aston Villa,Leicester,0.35986045041143605,-1.974112470011471,0.35131112507255524,-1.9641247759239242
2024-25,04/01/2025,Bournemouth,Everton,-0.03994646184908243,-1.0813498347472899,-0.017463821795405905,-1.1031767945203093
2024-25,04/01/2025,Brighton,Arsenal,0.18935026381713868,3.36418082947937,0.24125244555288836,3.30983788248215
2024-25,04/01/2025,Crystal Palace,Chelsea,-0.4821923830964945,1.5352561061764445,-0.4491805790706204,1.505324112178178
2024-25,04/01/2025,Man City,West Ham,2.4906222342202935,-1.0854306174949901,2.590009549230106,-1.1692837415665291
2024-25,04/01/2025,Southampton,Brentford,-2.3701198950443536,-0.1644688802968501,-2.660775271190125,0.11312103061508424
2024-25,04/01/2025,Tottenham,Newcastle,1.3978618689209905,1.686595163405754,1.319218305210394,1.7594828392337247
2024-25,05/01/2025,Fulham,Ipswich,0.11729396183068265,-1.578069870709443,0.05728554507483558,-1.5226324969308818
2024-25,05/01/2025,Liverpool,Man United,3.5014605632651232,-0.042941258531646154,3.4013125001039626,0.05147851033016332
2024-25,06/01/2025,Wolves,Nott'm Forest,-1.154831869068976,-0.21154323004405073,-1.3657622047508644,-0.039454554550584886
2024-25,14/01/2025,Brentford,Man City,0.11084451095330763,2.5867963818634947,0.1488539583195436,2.5432624206247265
2024-25,14/01/2025,Chelsea,Bournemouth,1.5027806942022166,-0.01998172310160108,1.4489299217204619,0.03556314758737304
2024-25,14/01/2025,Nott'm Forest,Liverpool,-0.03962007735042803,3.3994522562703473,0.017542860126806246,3.3387839173442515
2024-25,14/01/2025,West Ham,Fulham,-1.1732916293051339,0.0550911622040712,-1.104279044200807,-0.020502424675968037
2024-25,15/01/2025,Arsenal,Tottenham,3.307323615413173,1.316482829549156,3.30633316211667,1.3175734362497948
2024-25,15/01/2025,Everton,Aston Villa,-1.1005747431407484,0.34876805125234805,-1.1488617234141176,0.39276962874585336
2024-25,15/01/2025,Leicester,Crystal Palace,-1.9660363937479866,-0.45389005077385275,-2.0819920824820004,-0.33384443358317073
2024-25,15/01/2025,Newcastle,Wolves,1.7570027543861535,-1.3647712906533451,1.8514557642189644,-1.4741368645964932
2024-25,16/01/2025,Ipswich,Brighton,-1.527287504816166,0.2382592360831677,-1.6256411522124514,0.331716487886771
2024-25,16/01/2025,Man United,Southampton,0.04723978109685771,-2.663616189033441,0.08884915745330177,-2.7093783761013253
2024-25,18/01/2025,Arsenal,Aston Villa,3.307505787079624,0.38933815462612126,3.2279822214895044,0.46785685214236006
2024-25,18/01/2025,Brentford,Liverpool,0.146511707301606,3.3394714640595415,0.08051275135976152,3.4059124171332993
2024-25,18/01/2025,Leicester,Fulham,-2.0812876816899166,-0.024054925997743466,-2.181984273508961,0.07128997667791731
2024-25,18/01/2025,Newcastle,Bournemouth,1.8506357332570726,0.0326116007102515,1.61635722092223,0.287628225944208
2024-25,18/01/2025,West Ham,Crystal Palace,-1.1026779754743063,-0.33685213248065704,-1.2174919905493222,-0.19975648608752622
2024-25,19/01/2025,Everton,Tottenham,-1.141839995441901,1.3128228771599815,-1.0403217606283715,1.2096756864393305
2024-25,19/01/2025,Ipswich,Man City,-1.6223966108443701,2.540473583302394,-1.898709600796742,2.8611441516941665
2024-25,19/01/2025,Man United,Brighton,0.09346533326042582,0.3269797482065717,-0.0321541775544104,0.4504859242437236
2024-25,19/01/2025,Nott'm Forest,Southampton,0.018323203307592698,-2.710344354214738,0.0019697265738226367,-2.692360674484375
2024-25,20/01/2025,Chelsea,Wolves,1.463299194727217,-1.4773968302829414,1.5026259215126634,-1.5203598293625558
2024-25,25/01/2025,Bournemouth,Nott'm Forest,0.29391000822501107,0.0009045199563035096,0.5854572166044374,-0.25426437664812335
2024-25,25/01/2025,Brighton,Everton,0.4519829594538473,-1.0296300677168748,0.35179934428712106,-0.9166653342521838
2024-25,25/01/2025,Liverpool,Ipswich,3.3972041432763525,-1.8962438971056268,3.4422910249774255,-1.9403365844604392
2024-25,25/01/2025,Man City,Chelsea,2.8622779620221244,1.511645368618521,2.9422647172307266,1.4375088138031764
2024-25,25/01/2025,Southampton,Newcastle,-2.696008445670506,1.6246307481194198,-2.7379353007015315,1.6648127281683072
2024-25,25/01/2025,Wolves,Arsenal,-1.524790046419548,3.2315391200266004,-1.4934826596133286,3.2049042672511465
2024-25,26/01/2025,Aston Villa,West Ham,0.47562002216236376,-1.204879409192149,0.4245298196547403,-1.153502255457963
2024-25,26/01/2025,Crystal Palace,Brentford,-0.19414855836823836,0.09523891409281356,-0.2726661172811765,0.1631904447234641
2024-25,26/01/2025,Fulham,Man United,0.06831069261455772,-0.03223702770441511,-0.01331517276284154,0.04109928863893529
2024-25,26/01/2025,Tottenham,Leicester,1.2166690556922792,-2.178101200458844,1.059915093004581,-2.014763384396003
2024-25,01/02/2025,Bournemouth,Liverpool,0.5874742717164552,3.4454132109442392,0.5116117134051729,3.515822667497512
2024-25,01/02/2025,Everton,Leicester,-0.9264415928590923,-2.0151481919102445,-0.7286967032221838,-2.224281404665744
2024-25,01/02/2025,Ipswich,Southampton,-1.9399345400496828,-2.73619567154821,-2.028510631131482,-2.6424045165771375
2024-25,01/02/2025,Newcastle,Fulham,1.661369653049742,-0.01690239346631176,1.553104688922104,0.09771983773423423
2024-25,01/02/2025,Nott'm Forest,Brighton,-0.25204220668581884,0.3533180014747075,0.12840018107928663,-0.02159299231171763
2024-25,01/02/2025,Wolves,Aston Villa,-1.4880297550134156,0.42637839685560575,-1.3304545294988395,0.2935157838470954
2024-25,02/02/2025,Arsenal,Man City,3.1933743589916466,2.9434761512323866,3.3947687225680134,2.709944804897005
2024-25,02/02/2025,Brentford,Tottenham,0.16120092733683403,1.0608214710081323,0.05017387300388948,1.1797927409403874
2024-25,02/02/2025,Man United,Crystal Palace,0.03927241087450591,-0.2772150131143098,-0.09061654450586779,-0.12029722440065399
2024-25,03/02/2025,Chelsea,West Ham,1.4376848766590111,-1.1586161963723662,1.423277263192578,-1.1453319698972624
2024-25,12/02/2025,Everton,Liverpool,-0.7349440740519985,3.514114827627636,-0.6577943126419408,3.4403913024966695
2024-25,14/02/2025,Brighton,Chelsea,-0.01729907333908881,1.4234649702878237,0.15359875412807458,1.2318016294146537
2024-25,15/02/2025,Aston Villa,Ipswich,0.29916120737127516,-2.0359894143206545,0.2369826758860367,-1.972715192280163
2024-25,15/02/2025,Crystal Palace,Everton,-0.12611615937824386,-0.6565535609407471,-0.22003282749051006,-0.5723033302476749
2024-25,15/02/2025,Fulham,Nott'm Forest,0.09633095276115611,0.13343323191579598,0.13958686527080544,0.09447080494097947
2024-25,15/02/2025,Leicester,Arsenal,-2.2161012364329835,3.3999628782140663,-2.2292817433930714,3.411560649640168
2024-25,15/02/2025,Man City,Newcastle,2.705025371884203,1.560826403793695,2.912159647953403,1.3778884780730578
2024-25,15/02/2025,Southampton,Bournemouth,-2.643411745931054,0.5161958410223144,-2.708073562082683,0.5833990864247616
2024-25,15/02/2025,West Ham,Brentford,-1.147412988304936,0.05390547686831906,-1.1932040257233898,0.10099955312380875
2024-25,16/02/2025,Liverpool,Wolves,3.443334349110457,-1.3363828130352227,3.3862321308715173,-1.2700672542790978
2024-25,16/02/2025,Tottenham,Man United,1.1826479233155258,-0.09177793986522584,1.197451786104137,-0.10498050860873205
2024-25,19/02/2025,Aston Villa,Liverpool,0.24072096773850724,3.386038093919759,0.2874134123166502,3.3385361050406552
2024-25,21/02/2025,Leicester,Brentford,-2.225863623054696,0.09958924070175026,-2.4329954753154213,0.2860661733103384
2024-25,22/02/2025,Arsenal,West Ham,3.4148350574438036,-1.1889888938583408,3.2541550944349167,-1.029482034343147
2024-25,22/02/2025,Aston Villa,Chelsea,0.282065798707858,1.2401451124474503,0.33770792755100765,1.1784834430812061
2024-25,22/02/2025,Bournemouth,Wolves,0.5791231644852752,-1.2754044939818856,0.46433664823909504,-1.1543136806217074
2024-25,22/02/2025,Everton,Man United,-0.5750479331622941,-0.10696436605695615,-0.5812851667586556,-0.10117861368815251
2024-25,22/02/2025,Fulham,Crystal Palace,0.1339011567693344,-0.21734598028415636,-0.003924786103862127,-0.06788249955801792
2024-25,22/02/2025,Ipswich,Tottenham,-1.9708824134630492,1.192915785938625,-2.084927683312141,1.3166628104549065
2024-25,22/02/2025,Southampton,Brighton,-2.707574817123043,0.15073898746112652,-2.8921949652277754,0.3174629980076239
2024-25,23/02/2025,Man City,Liverpool,2.9126926308689844,3.34031249222132,2.7819525134246414,3.4520219944191135
2024-25,23/02/2025,Newcastle,Nott'm Forest,1.3715581376720474,0.09243920328434493,1.3850618477552772,0.07956914643134856
2024-25,25/02/2025,Brighton,Bournemouth,0.316463925372468,0.4620386181386417,0.355393306527794,0.417371495223067
2024-25,25/02/2025,Chelsea,Southampton,1.1817629576456687,-2.89331402899381,1.3061646426999163,-3.016452026758249
2024-25,25/02/2025,Crystal Palace,Aston Villa,-0.066408511780635,0.3421930162777481,0.10837660736260904,0.19687762468815795
2024-25,25/02/2025,Wolves,Fulham,-1.1530001292250536,-0.0027021142398599976,-1.2048743377375795,0.04542781206019312
2024-25,26/02/2025,Brentford,Everton,0.29208398239713707,-0.5709000077129472,0.2598399772287402,-0.5377278580637208
2024-25,26/02/2025,Liverpool,Newcastle,3.4473043914705035,1.3825327025345269,3.4969927915456176,1.3310931835696875
2024-25,26/02/2025,Man United,Ipswich,-0.09194608433477376,-2.0889729272748028,-0.09292404949944029,-2.087965191133633
2024-25,26/02/2025,Nott'm Forest,Arsenal,0.07764460428068218,3.2582984227021066,0.12349119321629323,3.2111868548025186
2024-25,26/02/2025,Tottenham,Man City,1.3138799502274257,2.7840772313408095,1.2719251630186965,2.828371776313966
2024-25,27/02/2025,West Ham,Leicester,-1.027939306897271,-2.4317465584791034,-0.9655757338319714,-2.5027827211391105
2024-25,08/03/2025,Brentford,Aston Villa,0.2601694171481696,0.19588254959258314,0.19114666275195527,0.2615064359573728
2024-25,08/03/2025,Brighton,Fulham,0.35663234617363443,0.04467028248935268,0.3865619205788444,0.011167154658770405
2024-25,08/03/2025,Crystal Palace,Ipswich,0.10750231119615584,-2.0874398056817167,0.102026019233557,-2.082703964735533
2024-25,08/03/2025,Liverpool,Southampton,3.4980870391707497,-3.0172253739926824,3.463282351129623,-2.979804550096747
2024-25,08/03/2025,Nott'm Forest,Man City,0.122990709206357,2.8268567887430502,0.20882989771190097,2.725774418055616
2024-25,08/03/2025,Wolves,Everton,-1.2043554941397074,-0.5412729541114197,-1.2066345758154655,-0.5392072674532102
2024-25,09/03/2025,Chelsea,Leicester,1.308118440183671,-2.5049288179799745,1.2704350840302643,-2.4652044941520113
2024-25,09/03/2025,Man United,Arsenal,-0.09499349760244477,3.2120739179609856,-0.04753798597454188,3.1634378664112335
2024-25,09/03/2025,Tottenham,Bournemouth,1.2661812452752115,0.4194900989414863,1.2330407604719251,0.45299269693334815
2024-25,10/03/2025,West Ham,Newcastle,-0.9703414469207545,1.3298517367307674,-0.9927339105918284,1.352839269837216
2024-25,15/03/2025,Bournemouth,Brentford,0.45355085637694803,0.1878859410646913,0.377073264512382,0.2589410594845305
2024-25,15/03/2025,Everton,West Ham,-0.5377669716793302,-0.9915576902542051,-0.5616997569148736,-0.9688778322000708
2024-25,15/03/2025,Ipswich,Nott'm Forest,-2.0851318346563743,0.2071985929634079,-2.1587384166618744,0.2785563748921184
2024-25,15/03/2025,Man City,Brighton,2.724793216930182,0.386056096762485,2.6586318801072792,0.44168021849623856
2024-25,15/03/2025,Southampton,Wolves,-2.9775812950286586,-1.2088323221739816,-3.011071479804155,-1.1723176246337952
2024-25,16/03/2025,Arsenal,Chelsea,3.163851948533191,1.2685766003181944,3.1647897309709894,1.2675735705349946
2024-25,16/03/2025,Fulham,Tottenham,0.015312133045674393,1.2292593683153892,0.13228826323794657,1.1109807370435953
2024-25,16/03/2025,Leicester,Man United,-2.467040930622669,-0.050419748186268626,-2.603074408646302,0.06748646341479554
2024-25,01/04/2025,Arsenal,Fulham,3.1612189213663786,0.1309878930197761,3.1413701907806306,0.15228294599961564
2024-25,01/04/2025,Nott'm Forest,Man United,0.2795059140175835,0.06760209383653919,0.3107074043406856,0.03633847021451856
2024-25,01/04/2025,Wolves,West Ham,-1.170276234297578,-0.972175331097482,-1.1253149865570453,-1.0109706528996711
2024-25,02/04/2025,Bournemouth,Ipswich,0.3771540406904913,-2.1577484679738843,0.25666406278412623,-2.0472534607501798
2024-25,02/04/2025,Brighton,Aston Villa,0.4442912349712314,0.2562402337131592,0.28258894872784185,0.4224301823342902
2024-25,02/04/2025,Liverpool,Everton,3.467110598254847,-0.5667466580216757,3.428625453341806,-0.5266340473063295
2024-25,02/04/2025,Man City,Leicester,2.6528511081680777,-2.599834261374754,2.640601885116679,-2.587769566465068
2024-25,02/04/2025,Newcastle,Brentford,1.3480638919221084,0.2508743369337905,1.3642251241763619,0.2350125744794764
2024-25,02/04/2025,Southampton,Crystal Palace,-3.012882122900471,0.10777351787234435,-2.9677285468178733,0.057369536899115885
2024-25,03/04/2025,Chelsea,Tottenham,1.2611958205282527,1.1094349737404123,1.296090220954127,1.0740046975376927
2024-25,05/04/2025,Aston Villa,Nott'm Forest,0.4219735551401189,0.3083705827059976,0.45481662522901867,0.27599309457194593
2024-25,05/04/2025,Crystal Palace,Brighton,0.058844017781761494,0.284293306344844,0.10463878263423143,0.24685286071979462
2024-25,05/04/2025,Everton,Arsenal,-0.5273062864463112,3.1411951536884644,-0.472640933546546,3.0889540245163336
2024-25,05/04/2025,Ipswich,Wolves,-2.0483358364017907,-1.1223584997249354,-2.094238969029217,-1.0698936135661443
2024-25,05/04/2025,West Ham,Bournemouth,-1.0043706130164125,0.2553304091500635,-0.995582660889398,0.24565807731528722
2024-25,06/04/2025,Brentford,Chelsea,0.2374511739585251,1.297780039020443,0.2428052211282579,1.2921742493988237
2024-25,06/04/2025,Fulham,Liverpool,0.14993966068537076,3.430871762348149,0.25064311647001486,3.3364259219216352
2024-25,06/04/2025,Man United,Man City,0.034968252059534376,2.636555281950508,0.06708294056565879,2.599128534495483
2024-25,06/04/2025,Tottenham,Southampton,1.0757552484579278,-2.96793354593329,1.0876747658514778,-2.9795683963926325
2024-25,07/04/2025,Leicester,Newcastle,-2.584375896209356,1.3648783260208786,-2.683860767933586,1.4569648760880884
2024-25,12/04/2025,Arsenal,Brentford,3.0899569335019526,0.23973127879035588,3.025833895423594,0.3050650524346621
2024-25,12/04/2025,Brighton,Leicester,0.24606248410344633,-2.683747945053724,0.18322339901843238,-2.6107393541023756
2024-25,12/04/2025,Man City,Crystal Palace,2.5996293623933604,0.10760009626320913,2.6960239928128886,0.007952946756050794
2024-25,12/04/2025,Nott'm Forest,Everton,0.2760552967273927,-0.4755367254755628,0.20289197888831403,-0.3970887977315014
2024-25,12/04/2025,Southampton,Aston Villa,-2.9804892296677847,0.4516823475041829,-3.082795682106316,0.5474565303399739
2024-25,13/04/2025,Chelsea,Ipswich,1.2898541153329706,-2.0972062037471453,1.2116928783811023,-2.023510337960546
2024-25,13/04/2025,Liverpool,West Ham,3.341439121287184,-0.9918356481534135,3.2988714595444617,-0.9497222032864571
2024-25,13/04/2025,Newcastle,Man United,1.4583400454016626,0.06287506937369103,1.5683800597771826,-0.040792199234303786
2024-25,13/04/2025,Wolves,Tottenham,-1.0675475617394263,1.0902193640587399,-0.931175415433817,0.9614716728631034
2024-25,14/04/2025,Bournemouth,Fulham,0.24659987097003658,0.24888465751716266,0.28392522078474697,0.21231425650151975
2024-25,16/04/2025,Newcastle,Crystal Palace,1.568909534668451,0.007618139906394565,1.7695943373363356,-0.21902922076322087
2024-25,19/04/2025,Aston Villa,Newcastle,0.5446656671379746,1.7695943373363356,0.6928692159544139,1.6170125028153193
2024-25,19/04/2025,Brentford,Brighton,0.3052845008620604,0.17817862881925486,0.3858442315029872,0.10191706405129272
2024-25,19/04/2025,Crystal Palace,Bournemouth,-0.2190443832075258,0.28352657840785683,-0.22425565275905757,0.2884803894764478
2024-25,19/04/2025,Everton,Man City,-0.3990567208718133,2.6872439609998247,-0.4549238573717038,2.7478752452442423
2024-25,19/04/2025,West Ham,Southampton,-0.944823051220387,-3.083818206385673,-0.9950254147480602,-3.0305214756510694
2024-25,20/04/2025,Fulham,Chelsea,0.20573301526828633,1.2126888105689546,0.16007696501214988,1.2581575256427766
2024-25,20/04/2025,Ipswich,Arsenal,-2.027128202851095,3.0281303671542648,-2.1421103921261917,3.142541291925361
2024-25,20/04/2025,Leicester,Liverpool,-2.6115540254281218,3.3033824128303677,-2.5645370430999286,3.2610989109171222
2024-25,20/04/2025,Man United,Wolves,-0.04837200068950404,-0.9298072647961577,-0.12208847729274253,-0.8435965846571245
2024-25,21/04/2025,Tottenham,Nott'm Forest,0.9660876957144171,0.2073788480761562,0.8865681941322446,0.27915783023162327
2024-25,22/04/2025,Man City,Aston Villa,2.747012578563043,0.6966979602268448,2.745000405085576,0.6984569696107149
2024-25,23/04/2025,Arsenal,Crystal Palace,3.1439082024573994,-0.2258831756457929,3.0737846055101103,-0.14557657492588
2024-25,26/04/2025,Brighton,West Ham,0.10517699943632866,-0.990222997432706,0.11926617051107852,-1.0047434675258415
2024-25,26/04/2025,Chelsea,Everton,1.2603472592138898,-0.4522383845691378,1.2645583974582484,-0.4563722047320375
2024-25,26/04/2025,Newcastle,Ipswich,1.6216795150240257,-2.1412003179906485,1.6844915801803049,-2.203203903605311
2024-25,26/04/2025,Southampton,Fulham,-3.029822680196596,0.16154435759209626,-3.0349992021114334,0.1667884272030145
2024-25,26/04/2025,Wolves,Leicester,-0.845172177392174,-2.565104089366151,-0.736707441173167,-2.671123638158558
2024-25,27/04/2025,Bournemouth,Man United,0.2913537631262129,-0.12161258681699454,0.2694315242009225,-0.10193159072697132
2024-25,27/04/2025,Liverpool,Tottenham,3.2632773888522832,0.8859858085389959,3.395053998606064,0.7444308366387706
2024-25,01/05/2025,Nott'm Forest,Brentford,0.2798670233183113,0.38716244326224786,0.17802778961903498,0.4933940025093631
2024-25,02/05/2025,Man City,Wolves,2.7437844040233883,-0.7394077731299014,2.7151067141399947,-0.7104916795739997
2024-25,03/05/2025,Arsenal,Bournemouth,3.070492226726923,0.2695142703320952,2.9653727307399116,0.3838648482120169
2024-25,03/05/2025,Aston Villa,Fulham,0.6999617618690189,0.16582636367036702,0.7233866931374702,0.1405667048917385
2024-25,03/05/2025,Everton,Ipswich,-0.4557790654439884,-2.2030591952719116,-0.4998196887101984,-2.160661997293781
2024-25,03/05/2025,Leicester,Southampton,-2.671891808777435,-3.029758340088312,-2.592234350130631,-3.105133764473457
2024-25,04/05/2025,Brentford,Man United,0.4933766649393806,-0.10378475197869666,0.5164902086512384,-0.1260124916255322
2024-25,04/05/2025,Brighton,Newcastle,0.11656047256155624,1.6875716676259804,0.12963644396508014,1.6737841009994505
2024-25,04/05/2025,Chelsea,Liverpool,1.2636053627264476,3.3976891370597837,1.3845492933826666,3.2833533855500656
2024-25,04/05/2025,West Ham,Tottenham,-0.9991163613750186,0.745418628221333,-0.9828512421309845,0.7277820657465641
2024-25,05/05/2025,Crystal Palace,Nott'm Forest,-0.14252646316948847,0.1755826036990495,-0.15109968034209414,0.1829078530705836
2024-25,10/05/2025,Bournemouth,Aston Villa,0.3824051994222684,0.7246498343888371,0.32626483270294526,0.7757924236702493
2024-25,10/05/2025,Fulham,Everton,0.14105283312638603,-0.497911715017546,0.021442772744898544,-0.38088561470723503
2024-25,10/05/2025,Ipswich,Brentford,-2.1626238838303316,0.5182402012653827,-2.175906271293445,0.5316886875941694
2024-25,10/05/2025,Southampton,Man City,-3.1075286493584025,2.7187439715405275,-3.020513533626727,2.625573732432908
2024-25,10/05/2025,Wolves,Brighton,-0.7113074696082462,0.1311461255661963,-0.8112560645769376,0.21604409196463648
2024-25,11/05/2025,Liverpool,Arsenal,3.2796558442824337,2.965683049642103,3.2616729753828344,2.9835857930726615
2024-25,11/05/2025,Man United,West Ham,-0.13100016116728563,-0.9849918094668042,-0.24542950274517988,-0.8687618375297764
2024-25,11/05/2025,Newcastle,Chelsea,1.6676829538007827,1.3842128419052642,1.740911988084018,1.3077722328024726
2024-25,11/05/2025,Nott'm Forest,Leicester,0.17996423834316397,-2.5931496352784213,0.12308593754558983,-2.528414297757775
2024-25,11/05/2025,Tottenham,Crystal Palace,0.7235090971650894,-0.15068861005912013,0.5995533473144261,-0.019420542950363773
2024-25,16/05/2025,Aston Villa,Tottenham,0.7789648237703667,0.5995533473144261,0.8507948898969685,0.5215057824077542
2024-25,16/05/2025,Chelsea,Man United,1.3094765876243657,-0.2450297028442555,1.3162096718437477,-0.251243798061466
2024-25,18/05/2025,Arsenal,Newcastle,2.9829533094490297,1.7416115946183652,2.99440633278751,1.7299659839532766
2024-25,18/05/2025,Brentford,Fulham,0.5322975734196449,0.021703641358444693,0.46661442945731546,0.09049284947828082
2024-25,18/05/2025,Everton,Southampton,-0.3842556045400114,-3.021342290458967,-0.35019583728591447,-3.0557306333487317
2024-25,18/05/2025,Leicester,Ipswich,-2.5281001349296766,-2.179749270286748,-2.438408130920956,-2.260933683370074
2024-25,18/05/2025,West Ham,Nott'm Forest,-0.86518285932158,0.12388014415488306,-0.9056010561742598,0.1636093831412484
2024-25,19/05/2025,Brighton,Liverpool,0.22095338206600412,3.260836951581276,0.2995639105205103,3.1791009062435096
2024-25,20/05/2025,Crystal Palace,Wolves,-0.017810767835000577,-0.8112176379038945,0.05235043122289519,-0.8811515014745338
2024-25,20/05/2025,Man City,Bournemouth,2.624376012979387,0.3244925759592907,2.6669240208817766,0.28347240958955655
2024-25,25/05/2025,Bournemouth,Leicester,0.28347240958955655,-2.4378499731287526,0.3166180769065997,-2.471728920865933
2024-25,25/05/2025,Fulham,Man City,0.09019948780689022,2.6668602634650886,0.029441765794158088,2.7310291779650018
2024-25,25/05/2025,Ipswich,West Ham,-2.2602213665538984,-0.9054923085160944,-2.338090345282125,-0.8284379672620195
2024-25,25/05/2025,Liverpool,Crystal Palace,3.178240396627016,0.05264751837832701,3.116289231863683,0.12272912003411378
2024-25,25/05/2025,Man United,Aston Villa,-0.2497817418282842,0.8524125003408133,-0.15920350427772645,0.760828931652267
2024-25,25/05/2025,Newcastle,Everton,1.7308458635578756,-0.34894712896512864,1.6407155931985742,-0.25658682360660656
2024-25,25/05/2025,Nott'm Forest,Chelsea,0.16437766361467435,1.317195692257497,0.12804065901669234,1.3565931264182072
2024-25,25/05/2025,Southampton,Arsenal,-3.054032207421302,2.99680877112068,-3.010912741165648,2.9558040940753427
2024-25,25/05/2025,Tottenham,Brighton,0.5223088437620714,0.3009579287481389,0.36571723709524295,0.4418157012565441
2024-25,25/05/2025,Wolves,Brentford,-0.8809671165272009,0.46829323825913804,-0.8705353559275287,0.45892814370187246
2025-26,15/08/2025,Liverpool,Bournemouth,3.1156274330237936,0.3168187249552243,3.202062821025344,0.23245068716573333
2025-26,16/08/2025,Aston Villa,Newcastle,0.7602548905822643,1.6399488556760267,0.7645544378796972,1.6354715954983454
2025-26,16/08/2025,Brighton,Fulham,0.44189760960114977,0.029356011423925167,0.38452171426392334,0.08320841926233921
2025-26,16/08/2025,Sunderland,West Ham,-1.8249205258386954,-0.8284542562621524,-1.4718436858549686,-1.2111735403689257
2025-26,16/08/2025,Tottenham,Burnley,0.36580674804954566,-1.8249205258386954,0.5915422053148772,-2.2261905187353075
2025-26,16/08/2025,Wolves,Man City,-0.8705353559275287,2.730939445798476,-1.243320113213132,3.055557564505235
2025-26,17/08/2025,Chelsea,Crystal Palace,1.3555435532862388,0.12199574664368083,1.2810472919504952,0.20520693282075922
2025-26,17/08/2025,Man United,Arsenal,-0.159772234187636,2.9546359725838625,-0.17948162054559116,2.9710463710145842
2025-26,17/08/2025,Nott'm Forest,Brentford,0.12705988304119575,0.45892814370187246,0.3355751424733988,0.291956969577089
2025-26,18/08/2025,Leeds,Everton,-1.8249205258386954,-0.25736941035109023,-1.6808047892204891,-0.42262024169893386
2025-26,22/08/2025,West Ham,Chelsea,-1.2111735403689257,1.2810472919504952,-1.613069478645672,1.607842375644636
2025-26,23/08/2025,Arsenal,Leeds,2.9710463710145842,-1.6808047892204891,3.325735317294572,-2.003012230791226
2025-26,23/08/2025,Bournemouth,Wolves,0.23245068716573333,-1.243320113213132,0.25288624529466447,-1.2641279531225162
2025-26,23/08/2025,Brentford,Aston Villa,0.291956969577089,0.7645544378796972,0.3706219328424264,0.6745962775464109
2025-26,23/08/2025,Burnley,Sunderland,-2.2261905187353075,-1.4896133507233809,-1.8365535158463746,-1.701974005213639
2025-26,23/08/2025,Man City,Tottenham,3.0546741091892264,0.6099436436279527,2.7175056148944825,0.9855823280947634
2025-26,24/08/2025,Crystal Palace,Nott'm Forest,0.21930604710148227,0.3389756986845835,0.19351173508865882,0.36478806009444964
2025-26,24/08/2025,Everton,Brighton,-0.43842457864170686,0.38452171426392334,-0.1935453024253663,0.13007180779028665
2025-26,24/08/2025,Fulham,Man United,0.0710031073541897,-0.1594710633399259,0.027562510965406378,-0.10843282083893263
2025-26,25/08/2025,Newcastle,Liverpool,1.6317392989341426,3.2030230717971513,1.558944019218164,3.288459997270373
2025-26,30/08/2025,Chelsea,Fulham,1.6065152156175269,0.027562510965406378,1.7131425768568074,-0.10314953265342483
2025-26,30/08/2025,Leeds,Newcastle,-1.9928209165151543,1.558944028734483,-1.8861592023011664,1.45599448104412
2025-26,30/08/2025,Man United,Burnley,-0.11516272328902999,-1.808308717543742,-0.10317962008482714,-1.825168848560494
2025-26,30/08/2025,Sunderland,Brentford,-1.7012866917004583,0.37127188657903276,-1.5424431138189438,0.24498573878401483
2025-26,30/08/2025,Tottenham,Bournemouth,0.9853251066137914,0.2558453116178305,0.8104247014463424,0.43182975902521925
2025-26,30/08/2025,Wolves,Everton,-1.2717546963962563,-0.18893683474130674,-1.3735021580170763,-0.08596976823774385
2025-26,31/08/2025,Aston Villa,Crystal Palace,0.6630362641246551,0.19772819204534944,0.3290028536275385,0.5581504617905853
2025-26,31/08/2025,Brighton,Man City,0.1269087803666252,2.7065376546152926,0.3290977900812606,2.536789752113261
2025-26,31/08/2025,Liverpool,Arsenal,3.291020675625411,3.3337636020293915,3.3758640994326377,3.2510962659737834
2025-26,31/08/2025,Nott'm Forest,West Ham,0.3742229971364381,-1.6100997486781206,-0.0420461204059811,-1.1520467795669251
2025-26,13/09/2025,Arsenal,Nott'm Forest,3.2511004823396252,-0.0420461204059811,3.414913290454481,-0.19252164240624603
2025-26,13/09/2025,Bournemouth,Brighton,0.4307485062083341,0.3291461330551039,0.504631095395062,0.2504946339113698
2025-26,13/09/2025,Brentford,Chelsea,0.21656416304554307,1.742162366375238,0.2397926156164989,1.716488557933062
2025-26,13/09/2025,Crystal Palace,Sunderland,0.5352343261270933,-1.5247812261084084,0.43079006462391345,-1.4178999958020104
2025-26,13/09/2025,Everton,Aston Villa,-0.08049078704057766,0.32473522972258273,-0.09553254627281846,0.33716322680973865
2025-26,13/09/2025,Fulham,Leeds,-0.09679455565986475,-1.8795477854395675,-0.09018249150536328,-1.8855303506477896
2025-26,13/09/2025,Newcastle,Wolves,1.4472825176952693,-1.3781489017241924,1.416009295481628,-1.3420675669081719
2025-26,13/09/2025,West Ham,Tottenham,-1.1553308067272405,0.8064414471461135,-1.4351041455823008,1.0838662863931974
2025-26,14/09/2025,Burnley,Liverpool,-1.798810721484391,3.3856172208492903,-1.6913410126180093,3.317475351836007
2025-26,14/09/2025,Man City,Man United,2.546451990189437,-0.0918326296705671,2.7171701215691813,-0.3133076723246693
2025-26,20/09/2025,Brighton,Tottenham,0.2583341454272224,1.0947452038745449,0.2611488892646414,1.092109780489632
2025-26,20/09/2025,Burnley,Nott'm Forest,-1.7056155869425844,-0.20663774102824492,-1.6619933200587995,-0.2321173828550017
2025-26,20/09/2025,Fulham,Brentford,-0.09916578392228247,0.2415495216076381,0.09718739693687338,0.09394151959019284
2025-26,20/09/2025,Liverpool,Everton,3.318380589674032,-0.09309396948931488,3.2606079623905,-0.0349958731092908
2025-26,20/09/2025,Man United,Chelsea,-0.30199221487752825,1.7048488320657087,-0.12487310075456642,1.5775154095541102
2025-26,20/09/2025,West Ham,Crystal Palace,-1.441267145676737,0.4238600602957746,-1.5038647625900805,0.48110453220044924
2025-26,20/09/2025,Wolves,Leeds,-1.3313608245949256,-1.877622627575673,-1.5961767423598516,-1.639191133405144
2025-26,21/09/2025,Arsenal,Man City,3.416856169359123,2.7147800956278667,3.3601260133905235,2.766282845089439
2025-26,21/09/2025,Bournemouth,Newcastle,0.5032399111984911,1.411041218665843,0.5086747821789285,1.406230551650667
2025-26,21/09/2025,Sunderland,Aston Villa,-1.4291505058624847,0.3341421206689297,-1.3928326369070314,0.3010341704674477
2025-26,27/09/2025,Brentford,Man United,0.09053977197223399,-0.12458162364491099,0.21719042196772986,-0.31572748993347144
2025-26,27/09/2025,Chelsea,Brighton,1.5754973831365329,0.2737202478206125,1.3402428056333338,0.5705325148272661
2025-26,27/09/2025,Crystal Palace,Liverpool,0.47254651347553484,3.259185373660726,0.6352926199795418,3.078763215909317
2025-26,27/09/2025,Leeds,Bournemouth,-1.642064533159169,0.5134748140112064,-1.5945498782352536,0.4617095850047707
2025-26,27/09/2025,Man City,Burnley,2.769517310308843,-1.6746109546143004,2.9563496912170075,-1.9916416920915168
2025-26,27/09/2025,Nott'm Forest,Sunderland,-0.24224416664163453,-1.395119515963302,-0.40137363800645964,-1.2328706368626758
2025-26,27/09/2025,Tottenham,Wolves,1.097762062212698,-1.5864969217236808,0.9701869352983106,-1.4562513952068552
2025-26,28/09/2025,Aston Villa,Fulham,0.31628452307706933,0.10996987424872087,0.45953505176968507,-0.05778589523786576
2025-26,28/09/2025,Newcastle,Arsenal,1.4086890173120663,3.3467549026828523,1.3574515290726676,3.4041285102390844
2025-26,29/09/2025,Everton,West Ham,-0.019488647950633584,-1.5103704277227998,-0.10575158468027858,-1.4260542973156505
2025-26,03/10/2025,Bournemouth,Fulham,0.4591977455984429,-0.05797764436280204,0.6078279753294641,-0.20751354552130363
2025-26,04/10/2025,Arsenal,West Ham,3.4041722640815806,-1.4260436349244043,3.3980315658873246,-1.4198628501154245
2025-26,04/10/2025,Chelsea,Liverpool,1.3373638784039297,3.0678122679575734,1.4495357548762524,2.932475036255714
2025-26,04/10/2025,Leeds,Tottenham,-1.5984237624774684,0.9787663677939463,-1.6283663087467146,1.011119627862623
2025-26,04/10/2025,Man United,Sunderland,-0.3397382090258332,-1.2248130980535548,-0.18515117933070413,-1.3518243815308106
2025-26,05/10/2025,Aston Villa,Burnley,0.44583408943884195,-2.002009579843445,0.4304570792784882,-1.9751713906666195
2025-26,05/10/2025,Brentford,Man City,0.20835578861272194,2.9649355624534044,0.1880518878266477,2.9889260843072694
2025-26,05/10/2025,Everton,Crystal Palace,-0.11216230340561896,0.636272819081123,-0.012990763904473138,0.5469656518851427
2025-26,05/10/2025,Newcastle,Nott'm Forest,1.3560035562019421,-0.40411432249293205,1.449671246453341,-0.501052246598561
2025-26,05/10/2025,Wolves,Brighton,-1.4465370373647903,0.5717544526065512,-1.4012429759554432,0.5245836824971004
2025-26,18/10/2025,Brighton,Newcastle,0.5245836824971004,1.451231729013314,0.6298453240482007,1.3618054415488416
2025-26,18/10/2025,Burnley,Leeds,-1.9795015258978572,-1.6220016358599325,-1.7253979484747235,-1.780491685473795
2025-26,18/10/2025,Crystal Palace,Bournemouth,0.544523762289134,0.6023515427573993,0.5216463579182291,0.6270694792079476
2025-26,18/10/2025,Fulham,Arsenal,-0.20146340618369166,3.3906914906771077,-0.19757334595012532,3.38683942979232
2025-26,18/10/2025,Man City,Everton,3.0013170558661773,-0.015444778703722815,3.053463685480326,-0.07387216974189528
2025-26,18/10/2025,Nott'm Forest,Chelsea,-0.4962664050134416,1.4525676270459682,-0.7215322066935108,1.6590311804958704
2025-26,18/10/2025,Sunderland,Wolves,-1.3584090477495785,-1.4056099541518297,-1.2068307585504217,-1.5685315932933097
2025-26,19/10/2025,Liverpool,Man United,2.94741071383075,-0.15630144378983094,2.716715979309196,0.10203899047614792
2025-26,19/10/2025,Tottenham,Aston Villa,1.0174657672131509,0.4401339516405935,0.8766817370764473,0.563034629682589
2025-26,20/10/2025,West Ham,Brentford,-1.426689781110812,0.20409707692670567,-1.5864812901452847,0.32800100276093747
2025-26,24/10/2025,Leeds,West Ham,-1.7933453795635865,-1.5864812901452847,-1.7263379795873532,-1.6589611502837784
2025-26,25/10/2025,Brentford,Liverpool,0.32582749527310073,2.716517726568706,0.44060112738289464,2.5673688626430953
2025-26,25/10/2025,Chelsea,Sunderland,1.656523968081199,-1.1939071335145273,1.4744252837311909,-0.9921586871531446
2025-26,25/10/2025,Man United,Brighton,0.1064848568071167,0.6180753414622449,0.30178643451675813,0.4368973601113745
2025-26,25/10/2025,Newcastle,Fulham,1.3319475896054622,-0.17180785510359317,1.3452822167629768,-0.18672134794603837
2025-26,26/10/2025,Arsenal,Crystal Palace,3.3783608209872646,0.5079482393631383,3.3473990715121866,0.536784182118699
2025-26,26/10/2025,Aston Villa,Man City,0.5770793660937918,3.0586146924833404,0.7073358933911339,2.92175580394367
2025-26,26/10/2025,Bournemouth,Nott'm Forest,0.5976832697816121,-0.7137577241195747,0.7102722205747453,-0.8183377758975993
2025-26,26/10/2025,Everton,Tottenham,-0.10101758547916985,0.8688255035919025,-0.37195800228149595,1.1323383943475156
2025-26,26/10/2025,Wolves,Burnley,-1.5725167807598333,-1.7001813442700333,-1.6927517368525224,-1.52724007106165
2025-26,01/11/2025,Brighton,Leeds,0.431833790424776,-1.7227170274016144,0.6093748358031772,-1.8794840299541766
2025-26,01/11/2025,Burnley,Arsenal,-1.534275946828917,3.3345824452106076,-1.5949238616646688,3.376615325534613
2025-26,01/11/2025,Crystal Palace,Brentford,0.5336351157296431,0.44416518986911435,0.6726714672396777,0.32628086307974025
2025-26,01/11/2025,Fulham,Wolves,-0.18088495698796625,-1.6940089508271132,0.009902896848386689,-1.8864655453220553
2025-26,01/11/2025,Liverpool,Aston Villa,2.56995360075819,0.7160580805561391,2.6627012519041067,0.6361936723484767
2025-26,01/11/2025,Nott'm Forest,Man United,-0.8119714194963428,0.313820851896745,-0.8012021500469613,0.30074404851869047
2025-26,01/11/2025,Tottenham,Chelsea,1.1227115162377979,1.4871891084982052,1.0214225923328362,1.5744928355079253
2025-26,02/11/2025,Man City,Bournemouth,2.9125707222592676,0.720073541996602,2.9862956906615157,0.6398623494953394
2025-26,02/11/2025,West Ham,Newcastle,-1.6612098375120585,1.345582941847216,-1.4110729041378263,1.1202474328110743
2025-26,03/11/2025,Sunderland,Everton,-0.9798313236640477,-0.3702313701569384,-0.9846849698969392,-0.3649913956867955
2025-26,08/11/2025,Chelsea,Wolves,1.5816857451609634,-1.8984167588868497,1.6875351821241658,-2.0229856577407292
2025-26,08/11/2025,Everton,Fulham,-0.3692936780592009,-0.0016200150486320951,-0.20810639953846255,-0.16024034339485013
2025-26,08/11/2025,Sunderland,Arsenal,-0.9800590446023444,3.387899940624696,-0.8727034092105126,3.275046182204836
2025-26,08/11/2025,Tottenham,Man United,1.0336165939906243,0.3043570297059976,0.9870443092778772,0.3570179122469754
2025-26,08/11/2025,West Ham,Burnley,-1.4039240440997725,-1.6107222136825783,-1.3501113240562717,-1.6868845388312184
2025-26,09/11/2025,Aston Villa,Bournemouth,0.6290982508851465,0.6205984942246443,0.9083216519346877,0.30316191216965166
2025-26,09/11/2025,Brentford,Newcastle,0.3548702044539492,1.10692909054608,0.4913231879741142,0.9513522484858277
2025-26,09/11/2025,Crystal Palace,Brighton,0.6958696276927916,0.5802466967096285,0.6699588327092992,0.6094288687518384
2025-26,09/11/2025,Man City,Liverpool,2.9846029609869644,2.6573939068438985,3.1882970045242467,2.4326044305372547
2025-26,09/11/2025,Nott'm Forest,Leeds,-0.8067584242441747,-1.910452123182276,-0.7021289320749821,-2.0148296775464822
2025-26,22/11/2025,Bournemouth,West Ham,0.2971169310105247,-1.3515560203976775,0.2235452245146949,-1.2777773644849377
2025-26,22/11/2025,Brighton,Brentford,0.609778234667177,0.49428612929058585,0.6685048569744622,0.449522452780912
2025-26,22/11/2025,Burnley,Chelsea,-1.6729890703439165,1.6906469862282791,-1.79226481059841,1.7642743301361035
2025-26,22/11/2025,Fulham,Sunderland,-0.16754620417722954,-0.8573475738859446,-0.12909112338863019,-0.8936949436719134
2025-26,22/11/2025,Liverpool,Nott'm Forest,2.427537153857467,-0.7058376461427707,2.055323141670508,-0.36331533978382524
2025-26,22/11/2025,Newcastle,Man City,0.945958082351213,3.1706151001032326,1.061794876839058,3.0527560542257492
2025-26,22/11/2025,Wolves,Crystal Palace,-2.037651641080194,0.6664903375676925,-2.1455380031888382,0.7659374452501545
2025-26,23/11/2025,Arsenal,Tottenham,3.2697866767862864,0.9800109424988533,3.4240671269617984,0.8259969360591117
2025-26,23/11/2025,Leeds,Aston Villa,-2.0056601335265922,0.8865390132261659,-2.0224708210345046,0.9024470512041667
2025-26,24/11/2025,Man United,Everton,0.3561746061441139,-0.21841738620747547,0.2185943699603464,-0.09314572656554765
2025-26,29/11/2025,Brentford,Burnley,0.45005369695472336,-1.8103843242019344,0.5064874339013128,-1.9076345657509548
2025-26,29/11/2025,Everton,Newcastle,-0.09364788756735762,1.0642398616873896,-0.32761235119951476,1.2728421635783533
2025-26,29/11/2025,Man City,Leeds,3.0465934702809054,-2.0227673867897393,2.960954527148759,-1.9363004683082625
2025-26,29/11/2025,Sunderland,Bournemouth,-0.888556934434949,0.22639048286842703,-0.802326107924903,0.13581046053597093
2025-26,29/11/2025,Tottenham,Fulham,0.8119144965444529,-0.12263006933724754,0.6823699283453001,0.008142373764058825
2025-26,30/11/2025,Aston Villa,Wolves,0.9030767271877977,-2.152128815441088,0.8740277878102196,-2.118905469018504
2025-26,30/11/2025,Chelsea,Arsenal,1.7568513837320712,3.4238278301054557,1.7799947415102277,3.3972590911007963
2025-26,30/11/2025,Crystal Palace,Man United,0.7687276580473192,0.2084565595389352,0.6574300938790023,0.34139824602587965
2025-26,30/11/2025,Nott'm Forest,Brighton,-0.34969846474165817,0.6642126082858543,-0.49312591757386504,0.8243767362486117
2025-26,30/11/2025,West Ham,Liverpool,-1.2731652234748858,2.0502336811143973,-1.3578914111933489,2.1360769127522943
2025-26,02/12/2025,Bournemouth,Everton,0.13356105149485537,-0.3190267625941682,0.02126304306863877,-0.20443273394158107
2025-26,02/12/2025,Fulham,Man City,0.017697783296758158,2.965325726253955,0.002331427620700927,2.9795015808755054
2025-26,02/12/2025,Newcastle,Tottenham,1.274049028284741,0.689511542469572,1.2386090116907889,0.7281988913252287
2025-26,03/12/2025,Arsenal,Brentford,3.3942911336403614,0.5144655546734648,3.4454397486223547,0.4730301383115143
2025-26,03/12/2025,Brighton,Aston Villa,0.8234995993267308,0.8731987314467112,0.7205728850267268,0.9607251463737315
2025-26,03/12/2025,Burnley,Crystal Palace,-1.9041322922989559,0.6576588992773215,-1.9397193315643675,0.6820183419413574
2025-26,03/12/2025,Leeds,Chelsea,-1.9410015831996645,1.7790672774264589,-1.714499452323062,1.5680073863096051
2025-26,03/12/2025,Liverpool,Sunderland,2.131958882517644,-0.8082986096715721,2.0241714109983713,-0.707141853890435
2025-26,03/12/2025,Wolves,Nott'm Forest,-2.1123060187216893,-0.5004449840036991,-2.166642688633343,-0.4500607489478582
2025-26,04/12/2025,Man United,West Ham,0.3403869931449723,-1.356198964523552,0.26220550626018624,-1.2858401666111405
2025-26,06/12/2025,Aston Villa,Arsenal,0.9646467095955429,3.4456071885514983,1.0750396202169652,3.3221048937954305
2025-26,06/12/2025,Bournemouth,Chelsea,0.03309349484556885,1.5641100167394717,0.054460788444872996,1.545405454345441
2025-26,06/12/2025,Everton,Nott'm Forest,-0.19555105975496861,-0.45380885151142053,0.00674347886564175,-0.6403402021039697
2025-26,06/12/2025,Leeds,Liverpool,-1.7125641046551523,2.025006532246121,-1.6348685354483752,1.9409094235173907
2025-26,06/12/2025,Man City,Sunderland,2.9843486605512224,-0.7103190522433731,3.079915986429662,-0.8084616189017828
2025-26,06/12/2025,Newcastle,Burnley,1.247478185784613,-1.9503927270983994,1.2159102544780442,-1.9036097668381722
2025-26,06/12/2025,Tottenham,Brentford,0.7387667712128588,0.46030026891845394,0.8611595230231844,0.36043838209605666
2025-26,07/12/2025,Brighton,West Ham,0.729515109838042,-1.2914422227074893,0.6486117807736568,-1.2137059201937845
2025-26,07/12/2025,Fulham,Crystal Palace,0.008295382668378504,0.6689807783937024,-0.07080403906291438,0.7429460527354642
2025-26,08/12/2025,Wolves,Man United,-2.158339028009223,0.2571479852434958,-2.340297133094321,0.45683599998212887
2025-26,13/12/2025,Arsenal,Wolves,3.3254411246143065,-2.340297133094321,3.2250546593462195,-2.2384501695318506
2025-26,13/12/2025,Burnley,Fulham,-1.8959897894390512,-0.07011576140990414,-1.955333319983415,-0.025719109699441425
2025-26,13/12/2025,Chelsea,Everton,1.5404246465977105,0.013656309541935712,1.615170132464408,-0.07309377339102009
2025-26,13/12/2025,Liverpool,Brighton,1.9438396422317634,0.6522774762792822,2.0361142452838914,0.5574505722277718
2025-26,14/12/2025,Brentford,Leeds,0.36402014049185993,-1.6360779318440781,0.3022286376144943,-1.565009551598568
2025-26,14/12/2025,Crystal Palace,Man City,0.741583447873853,3.075302661049464,0.5732847173261393,3.2417541007040995
2025-26,14/12/2025,Nott'm Forest,Tottenham,-0.6483211114396533,0.8608205695434813,-0.42142284536644836,0.620877963668123
2025-26,14/12/2025,Sunderland,Newcastle,-0.8009037611023251,1.2113920162410718,-0.6980306132241825,1.1126296347400686
2025-26,14/12/2025,West Ham,Aston Villa,-1.2147998760144034,1.0674296604386873,-1.247459412493419,1.0965495128104847
2025-26,15/12/2025,Man United,Bournemouth,0.45534154698263474,0.057469005337430046,0.42056228181399896,0.08886763110565475
2025-26,20/12/2025,Bournemouth,Burnley,0.08886763110565475,-1.9512184046211678,0.015927733357015056,-1.8540722236596938
2025-26,20/12/2025,Brighton,Sunderland,0.5524375060357012,-0.6973128652264242,0.49709516891346567,-0.64649074267286
2025-26,20/12/2025,Everton,Arsenal,-0.07389426543397122,3.2319119917370633,-0.07858105155680328,3.2365015097666605
2025-26,20/12/2025,Leeds,Crystal Palace,-1.5641030587613283,0.5822677457712957,-1.3272401806949463,0.3448444325158283
2025-26,20/12/2025,Man City,West Ham,3.236889337959287,-1.246847376197633,3.307993246574631,-1.3232885916243584
2025-26,20/12/2025,Newcastle,Chelsea,1.119908224268659,1.6112092855823152,1.113167748459732,1.6176695893002133
2025-26,20/12/2025,Tottenham,Liverpool,0.6236278357947036,2.0426271378979495,0.5695864841730919,2.097658776907803
2025-26,20/12/2025,Wolves,Brentford,-2.2388287635012007,0.30318834749375906,-2.336791187173056,0.38262839453183617
2025-26,21/12/2025,Aston Villa,Man United,1.0971553001879228,0.41335060224568504,1.126929580009713,0.3766621604063307
2025-26,22/12/2025,Fulham,Nott'm Forest,-0.03435401782607109,-0.4254534399850931,0.0068781109783190575,-0.464136723400995
2025-26,26/12/2025,Man United,Newcastle,0.37677393512623525,1.1131364408394597,0.4524460849746749,1.0498914368104173
2025-26,27/12/2025,Arsenal,Brighton,3.2358606636911036,0.4962383822310964,3.215577708311617,0.5173915784356078
2025-26,27/12/2025,Brentford,Bournemouth,0.38293487040211066,0.013344890923777759,0.5319714362298071,-0.16763735097281507
2025-26,27/12/2025,Burnley,Everton,-1.8554559106237714,-0.08683712010060468,-1.8220220847222515,-0.11259782992753617
2025-26,27/12/2025,Chelsea,Aston Villa,1.6156107127849608,1.127480848407845,1.5248943670929604,1.21979201228282
2025-26,27/12/2025,Liverpool,Wolves,2.0977011436272046,-2.3373753687933756,2.0330550933543927,-2.272907929328994
2025-26,27/12/2025,Nott'm Forest,Man City,-0.4669201353797407,3.3097890268198906,-0.4597145422591724,3.3026627098556482
2025-26,27/12/2025,West Ham,Fulham,-1.324892504306968,0.008183997113055508,-1.3800691278266788,0.06350876114032118
2025-26,28/12/2025,Crystal Palace,Tottenham,0.34638725687348726,0.5681153136037413,0.26733143975944673,0.6515475427652906
2025-26,28/12/2025,Sunderland,Leeds,-0.6547878267618918,-1.3295404941428512,-0.6903477143739495,-1.2945639220663743
2025-26,30/12/2025,Arsenal,Aston Villa,3.2193138952602594,1.2197717103325159,3.3509171415609766,1.101235316918562
2025-26,30/12/2025,Burnley,Newcastle,-1.8209939361519503,1.0515352972784968,-1.9264012889113764,1.1249475295333238
2025-26,30/12/2025,Chelsea,Bournemouth,1.5244753733695808,-0.17125144307931128,1.4710183983630292,-0.11069790824942674
2025-26,30/12/2025,Man United,Wolves,0.45001194742838896,-2.2718174884854143,0.35695979832467717,-2.186415490541701
2025-26,30/12/2025,Nott'm Forest,Everton,-0.45746387528242954,-0.11322303421508623,-0.5924682486858348,0.03241804260621031
2025-26,30/12/2025,West Ham,Brighton,-1.3824753127858398,0.5180086502624752,-1.3548473640731644,0.4893332558725628
2025-26,01/01/2026,Brentford,Tottenham,0.5295496124919118,0.6520251571427361,0.5164354624243823,0.667883372660903
2025-26,01/01/2026,Crystal Palace,Fulham,0.2652227539294273,0.06338930043340342,0.24283719680099145,0.0872302507750818
2025-26,01/01/2026,Liverpool,Leeds,2.0309549262651774,-1.2925203802577707,1.9294895474303004,-1.198290893514091
2025-26,01/01/2026,Sunderland,Man City,-0.6912581947503468,3.303599773206874,-0.615374447695434,3.2295683114292943
2025-26,03/01/2026,Aston Villa,Nott'm Forest,1.1033322181194714,-0.5925624401921122,1.169001622790267,-0.6614349284274881
2025-26,03/01/2026,Bournemouth,Arsenal,-0.1108159409632151,3.349947615597327,-0.11130035044045991,3.350430812955112
2025-26,03/01/2026,Brighton,Burnley,0.4891066651318968,-1.9252253225701428,0.5451155031603178,-1.9954632236472252
2025-26,03/01/2026,Wolves,West Ham,-2.1876354870479098,-1.354287040718625,-1.985505520297751,-1.5547259022835638
2025-26,04/01/2026,Everton,Brentford,0.030187309863172508,0.5156841851116052,-0.11245398894382169,0.6320847481947099
2025-26,04/01/2026,Fulham,Liverpool,0.0876059721996363,1.9276353929381496,0.11386778770901276,1.901155321358689
2025-26,04/01/2026,Leeds,Man United,-1.2007897136044454,0.35820255994439265,-1.1825987994120424,0.3370753965371072
2025-26,04/01/2026,Man City,Chelsea,3.2276368346950863,1.470857987232712,3.169515629261574,1.5259466279560296
2025-26,04/01/2026,Newcastle,Crystal Palace,1.122135757107071,0.241238015343127,1.207809755133562,0.15358061105577842
2025-26,04/01/2026,Tottenham,Sunderland,0.6665262406450232,-0.6190032465564625,0.6165602222839953,-0.5708789614780934
2025-26,06/01/2026,West Ham,Nott'm Forest,-1.5563640179935867,-0.6667904121265188,-1.616965412102053,-0.6095671012603634
2025-26,07/01/2026,Bournemouth,Tottenham,-0.11228809932872967,0.6164046530377661,-0.05007213119508886,0.5544549380328908
2025-26,07/01/2026,Brentford,Sunderland,0.6293060091071004,-0.5710144201806434,0.7501661710746415,-0.7106160995023377
2025-26,07/01/2026,Burnley,Man United,-1.9960349218876945,0.3356792632872514,-1.9498641427313297,0.2968234875623328
2025-26,07/01/2026,Crystal Palace,Aston Villa,0.15286451298945694,1.1664111034094866,0.1583323641556655,1.1611946762299035
2025-26,07/01/2026,Everton,Wolves,-0.11213973188010243,-1.9893088067351772,-0.1745846270413559,-1.9272637283154068
2025-26,07/01/2026,Fulham,Chelsea,0.11076411811092053,1.526575105496812,0.18987390154371586,1.4566911681914778
2025-26,07/01/2026,Man City,Brighton,3.1670632681046373,0.5366720749605829,3.0929501894155234,0.6189097910279207
2025-26,07/01/2026,Newcastle,Leeds,1.2088928481262282,-1.1827479099341551,1.1992197887503637,-1.1728698828972224
2025-26,08/01/2026,Arsenal,Liverpool,3.3482643245997226,1.9015627814347382,3.296937899326072,1.9536957109886914
2025-26,17/01/2026,Chelsea,Brentford,1.4570710011951356,0.7511228553673975,1.5385623576399199,0.6748137516627476
2025-26,17/01/2026,Leeds,Fulham,-1.1714174970273714,0.1924889853043637,-1.1000387017727546,0.11664226362426705
2025-26,17/01/2026,Liverpool,Burnley,1.9554683467716674,-1.9489298478796555,1.8500538723052384,-1.814124954691501
2025-26,17/01/2026,Man United,Man City,0.3043279645529798,3.094290901707185,0.48936682452635416,2.93586792584026
2025-26,17/01/2026,Nott'm Forest,Arsenal,-0.608036340842361,3.2971499692237045,-0.5401760790450759,3.225717992636046
2025-26,17/01/2026,Sunderland,Crystal Palace,-0.7141673384055878,0.16160294814333206,-0.6522170332221977,0.10045708933905242
2025-26,17/01/2026,Tottenham,West Ham,0.5584332785421405,-1.6105974922022743,0.4304871566499114,-1.4818163009755394
2025-26,18/01/2026,Aston Villa,Everton,1.1603220399227914,-0.16922249232221512,1.060886155949267,-0.05738786849053677
2025-26,18/01/2026,Wolves,Newcastle,-1.9159326011578517,1.206911481864441,-1.861593948460252,1.1571280945497586
2025-26,19/01/2026,Brighton,Bournemouth,0.6218214726970694,-0.04912892825406522,0.5879533241268569,-0.01650456935633636
2025-26,24/01/2026,Bournemouth,Liverpool,-0.01650456935633636,1.850381718552883,0.06820633475863033,1.7645419094636943
2025-26,24/01/2026,Burnley,Tottenham,-1.810381489562192,0.43384497881155415,-1.768884662796023,0.4017449365261848
2025-26,24/01/2026,Fulham,Brighton,0.11879024134357935,0.5903418201549098,0.17263608844987738,0.5347207565036025
2025-26,24/01/2026,Man City,Wolves,2.936318784835723,-1.8613330871885003,2.93340769523044,-1.8582015419814821
2025-26,24/01/2026,West Ham,Sunderland,-1.4834699847258188,-0.6513784312416682,-1.3607326954429526,-0.7689554423618573
2025-26,25/01/2026,Arsenal,Man United,3.222962627410147,0.49299525613866,3.0860322165376863,0.64303271291334
2025-26,25/01/2026,Brentford,Nott'm Forest,0.6743066855795649,-0.5333490101826935,0.5346498929302088,-0.3748358655683951
2025-26,25/01/2026,Crystal Palace,Chelsea,0.09951193864230888,1.5421589116477152,-0.001735537759911282,1.637372965674495
2025-26,25/01/2026,Newcastle,Aston Villa,1.1598900888348516,1.0577793811112386,1.028558494231715,1.1860964517311796
2025-26,26/01/2026,Everton,Leeds,-0.04752278316409714,-1.1023593745078586,-0.08883123185989626,-1.06390229467951
2025-26,31/01/2026,Brighton,Everton,0.5390148383042893,-0.08883123185989626,0.5076388609004036,-0.05807630341238791
2025-26,31/01/2026,Chelsea,West Ham,1.6371068639153294,-1.3571412318330267,1.6165648159617432,-1.3340977836148835
2025-26,31/01/2026,Leeds,Arsenal,-1.0631734142442184,3.092915953593191,-1.2175951088616945,3.2555662328625994
2025-26,31/01/2026,Liverpool,Newcastle,1.7656684418807012,1.0265026070050105,1.9123269717075106,0.8920943576907187
2025-26,31/01/2026,Wolves,Bournemouth,-1.8585991754090112,0.07327621058209091,-1.9522304973572455,0.1659933074635097
2025-26,01/02/2026,Aston Villa,Brentford,1.1871451595328344,0.5366129325179796,1.1040532397127256,0.6133719429405287
2025-26,01/02/2026,Man United,Fulham,0.6457601124445717,0.17073773334767098,0.6804538116342633,0.1388036554068411
2025-26,01/02/2026,Nott'm Forest,Crystal Palace,-0.369075251983551,-0.0013161754614654558,-0.3773960253325738,0.00699901296615368
2025-26,01/02/2026,Tottenham,Man City,0.40790453128426424,2.9342215957287685,0.4462171713406715,2.898071821618098
2025-26,02/02/2026,Sunderland,Burnley,-0.7706100292314536,-1.763301493194418,-0.6393045835797699,-1.9382083931403247
2025-26,06/02/2026,Leeds,Nott'm Forest,-1.219855455529126,-0.3791353067060276,-1.1079931868659039,-0.4912011801901261
2025-26,07/02/2026,Arsenal,Sunderland,3.2557288643534608,-0.6394427964967352,3.3298619601198225,-0.7109408299915116
2025-26,07/02/2026,Bournemouth,Aston Villa,0.16470993809145545,1.1040640214135473,0.1683966358431487,1.10071316361147
2025-26,07/02/2026,Burnley,West Ham,-1.9397670135846903,-1.3353945191728294,-2.0884858843929806,-1.2183731010165053
2025-26,07/02/2026,Fulham,Everton,0.13797513846401555,-0.0680901568189038,0.05922914472219472,0.011551227198911981
2025-26,07/02/2026,Man United,Tottenham,0.6681992176253398,0.43827721606412934,0.7702524043290738,0.34489070479044487
2025-26,07/02/2026,Newcastle,Brentford,0.8811872269483377,0.6087928559668987,0.8056259714471197,0.6771253869976848
2025-26,07/02/2026,Wolves,Chelsea,-1.9537350413100911,1.6193191904884177,-2.0104909183727813,1.6696329322229955
2025-26,08/02/2026,Brighton,Crystal Palace,0.5085104485624159,0.002124743863915933,0.4204263104602693,0.0828647251895685
2025-26,08/02/2026,Liverpool,Man City,1.9051323904901611,2.8924181544505334,1.851166225709528,2.942594128549903
2025-26,10/02/2026,Chelsea,Leeds,1.6706386416987882,-1.1112323742792736,1.603468220831002,-1.04015012766523
2025-26,10/02/2026,Everton,Bournemouth,0.00944696811698248,0.1597320983932159,-0.06100277841647182,0.22909882841457313
2025-26,10/02/2026,Tottenham,Newcastle,0.34753997863896746,0.804118004594722,0.28435002831370026,0.863112703774731
2025-26,10/02/2026,West Ham,Man United,-1.224679447628488,0.7670436930644333,-1.1992561586517578,0.7394688870606628
2025-26,11/02/2026,Aston Villa,Brighton,1.1023196531692234,0.4214956934561063,1.1264292708110937,0.39408976568861104
2025-26,11/02/2026,Crystal Palace,Burnley,0.0809587161399251,-2.0933006039563216,-0.02957055046667334,-1.9460427434297487
2025-26,11/02/2026,Man City,Fulham,2.941866497959824,0.05792952992146468,3.0304163766374153,-0.03642144477641567
2025-26,11/02/2026,Nott'm Forest,Wolves,-0.48553086501597104,-2.0077120327910967,-0.531103097594917,-1.959342865210789
2025-26,11/02/2026,Sunderland,Liverpool,-0.7055390490214384,1.8620953415071007,-0.7238962665798269,1.8813931952404588
2025-26,12/02/2026,Brentford,Arsenal,0.6767717068099831,3.3305920547129677,0.7103298512068574,3.290894795089965
2025-26,18/02/2026,Wolves,Arsenal,-1.9595927590999516,3.290894795089965,-1.8671496656571227,3.1995207846656397
2025-26,21/02/2026,Aston Villa,Leeds,1.1237430857190307,-1.0444855328517895,1.0684700399285456,-0.9869332922922869
2025-26,21/02/2026,Brentford,Brighton,0.7078404765531092,0.39193786555193094,0.5942223121483617,0.5308244426969356
2025-26,21/02/2026,Chelsea,Burnley,1.6057304620420387,-1.9446617223592304,1.5272759933565814,-1.8346462592441632
2025-26,21/02/2026,Man City,Newcastle,3.0389643198399323,0.8742603846786087,3.034702686640052,0.878469287588536
2025-26,21/02/2026,West Ham,Bournemouth,-1.1900568977656372,0.23544128457878757,-1.1765820780301792,0.2220023969018706
2025-26,22/02/2026,Crystal Palace,Wolves,-0.027936386191791195,-1.865926090085699,-0.02583604333432562,-1.8681065279234317
2025-26,22/02/2026,Nott'm Forest,Liverpool,-0.5294088487662082,1.8847209299625614,-0.5502123794159106,1.906838557673484
2025-26,22/02/2026,Sunderland,Fulham,-0.7224444664853266,-0.030698213221104522,-0.8310676703762174,0.08248853515530129
2025-26,22/02/2026,Tottenham,Arsenal,0.29485382809337995,3.198249541578462,0.17242218639251194,3.318244482992675
2025-26,23/02/2026,Everton,Man United,-0.05199572748449098,0.7531352812704177,-0.10711556849605675,0.8120665089707941
2025-26,27/02/2026,Wolves,Aston Villa,-1.8655027281772514,1.073161817623856,-1.7142379431654513,0.9333624950432116
2025-26,28/02/2026,Bournemouth,Sunderland,0.2202983497791804,-0.8276992602459481,0.18382809007379983,-0.7925298869683858
2025-26,28/02/2026,Burnley,Brentford,-1.835409785162521,0.5912736204908972,-1.8616901724491859,0.6090538395838965
2025-26,28/02/2026,Leeds,Man City,-0.9839736295124677,3.0384145848343427,-0.9735799718281438,3.0280870990437774
2025-26,28/02/2026,Liverpool,West Ham,1.9072199901892828,-1.1802625494615806,1.9938766814736952,-1.2661486050405537
2025-26,28/02/2026,Newcastle,Everton,0.8789351433847843,-0.10720730073547378,0.7951419896176338,-0.016033050105429603
2025-26,01/03/2026,Arsenal,Chelsea,3.323480341145254,1.5308899674356267,3.3264996571492262,1.5281079881735047
2025-26,01/03/2026,Brighton,Nott'm Forest,0.5312272852374371,-0.5424512624553955,0.549287940768141,-0.559106116867435
2025-26,01/03/2026,Fulham,Tottenham,0.08654130025874125,0.17028470528756082,0.12736055005986105,0.1297544453269115
2025-26,01/03/2026,Man United,Crystal Palace,0.8156534440521869,-0.023569507867199198,0.8395973792476532,-0.044618228662069576
2025-26,03/03/2026,Bournemouth,Brentford,0.185290694456406,0.6074092580536796,0.1784360888096883,0.6132429953661194
2025-26,03/03/2026,Everton,Burnley,-0.014624281458960218,-1.8640613043268908,0.0403837822465668,-1.9316783445970207
2025-26,03/03/2026,Leeds,Sunderland,-0.9701384685169888,-0.7943519179561954,-1.0322546311633063,-0.7313423868346952
2025-26,03/03/2026,Wolves,Liverpool,-1.7147490332446405,1.990360456544692,-1.6052116133159895,1.8782732592822962
2025-26,04/03/2026,Aston Villa,Chelsea,0.9349718751969224,1.5276858639333712,0.7836614350678567,1.6768931923095012
2025-26,04/03/2026,Brighton,Arsenal,0.5472324121656893,3.3252934257610125,0.5330023983753694,3.3387695037822747
2025-26,04/03/2026,Fulham,West Ham,0.13059201530988307,-1.2663987281211189,0.03453903610935734,-1.17047642837417
2025-26,04/03/2026,Man City,Nott'm Forest,3.0266220060027567,-0.5583910727301474,2.945236569316039,-0.4762911376314218
2025-26,04/03/2026,Newcastle,Man United,0.788108227557684,0.8395805537446274,0.8246705140824377,0.7972242067334391
2025-26,05/03/2026,Tottenham,Crystal Palace,0.12662396473734877,-0.044872554757821745,0.00158300744371756,0.07475351468843167
2025-26,14/03/2026,Arsenal,Everton,3.3367939300385854,0.037019137131285955,3.36236754380663,0.010478271527190795
2025-26,14/03/2026,Burnley,Bournemouth,-1.928662389446023,0.1781114595403378,-1.8971846392463312,0.1527884801947057
2025-26,14/03/2026,Chelsea,Newcastle,1.6795740821283631,0.8224271225747929,1.6031913649845264,0.9014968576167147
2025-26,14/03/2026,Sunderland,Brighton,-0.7323088098363122,0.5346366626960146,-0.7734524539429211,0.5786120102316968
2025-26,14/03/2026,West Ham,Man City,-1.1735189676199715,2.9444915390038373,-1.108650832319417,2.883282887650418
2025-26,15/03/2026,Crystal Palace,Leeds,0.0747853796139703,-1.0370370471024704,0.03999622896362083,-1.0023415995220077
2025-26,15/03/2026,Liverpool,Tottenham,1.8834267875178028,0.003892859165485989,1.8319391570928178,0.05464899681414455
2025-26,15/03/2026,Man United,Aston Villa,0.8002040925006174,0.7869886166771176,0.8968925697434371,0.7049976135463084
2025-26,15/03/2026,Nott'm Forest,Fulham,-0.4732533090823441,0.03411700150002734,-0.47804755831908036,0.0391608669757473
2025-26,16/03/2026,Brentford,Wolves,0.6133105599887964,-1.6049445817926813,0.5637339312311922,-1.547484163414946
2025-26,20/03/2026,Bournemouth,Man United,0.15295953172783197,0.8987570434672971,0.15255151863321417,0.8991970892598
2025-26,21/03/2026,Brighton,Liverpool,0.5770334266062025,1.8344023212897205,0.639251467959924,1.773397741407741
2025-26,21/03/2026,Everton,Chelsea,0.018387759682262167,1.6046463371061859,0.19103816101557733,1.45069878244687
2025-26,21/03/2026,Fulham,Burnley,0.04246271735454466,-1.8937263925926429,0.09318210786329967,-1.9562540777473658
2025-26,21/03/2026,Leeds,Brentford,-1.002804386059982,0.5615747490285157,-0.9882499620763071,0.5485064828864621
2025-26,22/03/2026,Aston Villa,West Ham,0.7076276299380296,-1.1079284028119785,0.7572475575881331,-1.162130884669639
2025-26,22/03/2026,Newcastle,Sunderland,0.9022146508158508,-0.7746022152095976,0.8103000022657587,-0.6797602400330341
2025-26,22/03/2026,Tottenham,Nott'm Forest,0.053119796384783466,-0.4735688067905878,-0.1251587324935784,-0.30280263347060443
2025-26,10/04/2026,West Ham,Wolves,-1.160904250403719,-1.5461753208857671,-0.9807581848309265,-1.7273055978588785
2025-26,11/04/2026,Arsenal,Bournemouth,3.3637979325471123,0.14976553647268598,3.2400688608308164,0.27386035928316554
2025-26,11/04/2026,Brentford,Everton,0.5458645561995418,0.18900133933089455,0.5278364502148085,0.21033681295353093
2025-26,11/04/2026,Burnley,Brighton,-1.9551808931299466,0.6522810335216636,-2.0355704007068183,0.719504560693593
2025-26,11/04/2026,Liverpool,Fulham,1.7708787665188261,0.09687797104086215,1.8267280406683495,0.04140048012581692
2025-26,12/04/2026,Chelsea,Man City,1.4450523896156227,2.8892004210060502,1.3181759983527874,3.024269752333642
2025-26,12/04/2026,Crystal Palace,Newcastle,0.037703322610665155,0.8030311967621082,0.08699491867904766,0.7555782723810869
2025-26,12/04/2026,Nott'm Forest,Aston Villa,-0.3005361761088514,0.7539566759940378,-0.2954024044545085,0.7490206653812044
2025-26,12/04/2026,Sunderland,Tottenham,-0.6750291153250463,-0.12098509699589192,-0.6301626840275475,-0.1672680082977364
2025-26,13/04/2026,Man United,Leeds,0.8958257500475708,-0.9863377344957207,0.7889122361225562,-0.8917495905233643
2025-26,18/04/2026,Brentford,Fulham,0.5252477588301939,0.04203908347558294,0.5054791092382869,0.0651421900192253
2025-26,18/04/2026,Chelsea,Man United,1.3191423329011067,0.7895765468734629,1.252885598325521,0.8681206973569601
2025-26,18/04/2026,Leeds,Wolves,-0.8906046671737744,-1.7283438055376505,-0.7768349797739231,-1.8485085703927564
2025-26,18/04/2026,Newcastle,Bournemouth,0.7548166799852537,0.2672708419054084,0.6867881521670073,0.3398298505438274
2025-26,18/04/2026,Tottenham,Brighton,-0.16758241192784448,0.7256223747487472,-0.16530869291462374,0.7232713089581193
2025-26,19/04/2026,Aston Villa,Sunderland,0.7485012511223699,-0.6262258466092954,0.7581472204089574,-0.6363646364030392
2025-26,19/04/2026,Everton,Liverpool,0.20545451543086227,1.8308854110659945,0.17129614011783723,1.8649430716312176
2025-26,19/04/2026,Man City,Arsenal,3.0231699087742685,3.240794678349399,3.061330382367453,3.201362702374928
2025-26,19/04/2026,Nott'm Forest,Burnley,-0.2945532962555892,-2.0402290488556103,-0.19792843592718484,-2.1643207807058134
2025-26,20/04/2026,Crystal Palace,West Ham,0.08391825091684475,-0.9815970583907933,0.05136162147374025,-0.9480896159719058
2025-26,21/04/2026,Brighton,Chelsea,0.7211104136819741,1.2486773221037277,0.8672716313101949,1.1197029329497425
2025-26,22/04/2026,Bournemouth,Leeds,0.3370201716878313,-0.7796063849446653,0.30320926058468,-0.7473360429238723
2025-26,22/04/2026,Burnley,Man City,-2.1633504377351476,3.0639194663806695,-2.12565321670734,3.0341550650372997
2025-26,24/04/2026,Sunderland,Nott'm Forest,-0.6353477785309243,-0.19312432179643715,-0.8767562255435922,0.045803952641208706
2025-26,25/04/2026,Arsenal,Newcastle,3.202754043978797,0.6780629089943925,3.192381700886549,0.6878257835900184
2025-26,25/04/2026,Fulham,Aston Villa,0.06888631792939529,0.7582526884601338,0.11644731120334177,0.7146113977740745
2025-26,25/04/2026,Liverpool,Crystal Palace,1.8686527104143733,0.05448951364925092,1.9201369144101046,0.004868547980493694
2025-26,25/04/2026,West Ham,Everton,-0.9464076849151452,0.17637482916888275,-0.8915315857735762,0.12086494183103788
2025-26,25/04/2026,Wolves,Tottenham,-1.8456924257052667,-0.16134418315726778,-1.878030534138874,-0.1293365630515818
2025-26,27/04/2026,Man United,Brentford,0.8616528495818754,0.5032927867255564,0.8922750607149675,0.4787475032746878
2025-26,01/05/2026,Leeds,Burnley,-0.7482024854856988,-2.122934743432261,-0.6938359068904157,-2.192316453930907
2025-26,02/05/2026,Arsenal,Fulham,3.1923901772354712,0.11645047574713087,3.2676224301629158,0.04075353841841346
2025-26,02/05/2026,Brentford,West Ham,0.47772296908758,-0.894232844561853,0.5695799563699213,-1.0008734545348872
2025-26,02/05/2026,Newcastle,Brighton,0.6878381589123737,0.864314058443961,0.7678063604819352,0.7767015725484295
2025-26,02/05/2026,Wolves,Sunderland,-1.8763244631722946,-0.8778378634666031,-1.8722310587776072,-0.8817706365286127
2025-26,03/05/2026,Aston Villa,Tottenham,0.7122076347323512,-0.13292965260635714,0.6417282881568114,-0.056724583740780724
2025-26,03/05/2026,Bournemouth,Crystal Palace,0.29977545733201116,0.001283940217370438,0.42431135373780293,-0.12005900517665603
2025-26,03/05/2026,Man United,Liverpool,0.8918680409290108,1.9179145447802324,0.9474603501881581,1.865550777197107
2025-26,04/05/2026,Chelsea,Nott'm Forest,1.1175567435802933,0.0396872550042063,1.000129532855093,0.1632299095690386
2025-26,04/05/2026,Everton,Man City,0.12026086742035871,3.0361117591873414,0.1585686251510199,2.99956564534122
2025-26,09/05/2026,Brighton,Wolves,0.7775339951667336,-1.8704136354220937,0.8611679973459574,-1.9522633239958052
2025-26,09/05/2026,Fulham,Bournemouth,0.03871004855612718,0.4238447059188174,-0.014845573899812461,0.4772154371372352
2025-26,09/05/2026,Liverpool,Chelsea,1.868434604951572,1.0004546487295172,1.8397623488539594,1.0263215996508412
2025-26,09/05/2026,Man City,Brentford,2.998558597016098,0.5742174175361477,3.082265398543735,0.49936202414954295
2025-26,09/05/2026,Sunderland,Man United,-0.8794997227681284,0.9448707124686746,-0.8619065458004918,0.9253977661185834
2025-26,10/05/2026,Burnley,Aston Villa,-2.190567668022648,0.6437951316443573,-2.147702698990946,0.6112250511207195
2025-26,10/05/2026,Crystal Palace,Everton,-0.11821143678249264,0.15947047056641628,-0.12646461887244728,0.16804752368938197
2025-26,10/05/2026,Nott'm Forest,Newcastle,0.16403101650154323,0.7695834194295091,0.16133228206988556,0.7722325011544415
2025-26,10/05/2026,West Ham,Arsenal,-0.9998964824858273,3.2722536792334918,-0.9862190912311387,3.2586338252693197
2025-26,11/05/2026,Tottenham,Leeds,-0.05342194056190345,-0.6923077905445657,-0.07769319730954842,-0.6690225457211637
2025-26,13/05/2026,Man City,Crystal Palace,3.083556435248444,-0.1263080959919259,3.1522786034124386,-0.1955826006596601
2025-26,15/05/2026,Aston Villa,Liverpool,0.6100299429087972,1.842866142308801,0.7028374749576953,1.7414879940419434
2025-26,17/05/2026,Brentford,Crystal Palace,0.5019460126641968,-0.196290777493525,0.4801141039607893,-0.17213111754766608
2025-26,17/05/2026,Everton,Sunderland,0.16781997611452962,-0.8618638780978484,0.04363852708877851,-0.7430809992519174
2025-26,17/05/2026,Leeds,Brighton,-0.6699755069843086,0.8610933318243265,-0.6135041048114543,0.8004014683666547
2025-26,17/05/2026,Man United,Nott'm Forest,0.9259673014567391,0.15998470891915953,0.9473226715702311,0.140856400375923
2025-26,17/05/2026,Newcastle,West Ham,0.7708728261124185,-0.9888354313729905,0.8173412204915639,-1.0382762102359857
2025-26,17/05/2026,Wolves,Fulham,-1.9524598305500613,-0.016078503679292377,-1.9325202284849334,-0.03594700037207727
2025-26,18/05/2026,Arsenal,Burnley,3.2579528154778976,-2.149533625954234,3.2003523543306582,-2.079604612158347
2025-26,19/05/2026,Bournemouth,Man City,0.47557054838768464,3.150381145639068,0.5080222341967496,3.1195086226943642
2025-26,19/05/2026,Chelsea,Tottenham,1.0253663140895624,-0.07581792655756388,1.038525728128893,-0.09018924007294499
2025-26,24/05/2026,Brighton,Man United,0.8009986667779929,0.9481309395770376,0.6520857780492915,1.1030054238576064
2025-26,24/05/2026,Burnley,Wolves,-2.079001729516229,-1.9321944446422497,-2.0912823562546796,-1.921952315907373
2025-26,24/05/2026,Crystal Palace,Arsenal,-0.17068843792658625,3.2007016396393873,-0.17244026196450915,3.2025245127377926
2025-26,24/05/2026,Fulham,Newcastle,-0.03460739796818379,0.8189291225060334,0.05796286338259261,0.7320053614252569
2025-26,24/05/2026,Liverpool,Brentford,1.7430391700667542,0.4809755138580853,1.7085489646010183,0.5106262827605876
2025-26,24/05/2026,Man City,Aston Villa,3.119790015736153,0.7040443970562369,3.0253207774759177,0.795903680257865
2025-26,24/05/2026,Nott'm Forest,Bournemouth,0.14123417328296248,0.5080997110645481,0.13480731191581483,0.5147972979727654
2025-26,24/05/2026,Sunderland,Chelsea,-0.74251605592012,1.0387086674354606,-0.68175369964881,0.9814122903152865
2025-26,24/05/2026,Tottenham,Everton,-0.08970672300981614,0.04498492529725058,-0.0551807359399066,0.009910639521348914
2025-26,24/05/2026,West Ham,Leeds,-1.0368269193018096,-0.6113689275933846,-0.906279346754054,-0.7362129430577597
