Season,Date,Team,Opponent,Venue,GF,GA,Shots_For,Shots_Against,SOT_For,SOT_Against,Corners_For,Corners_Against,Yellow,Red,Points,SOT_rate,Score/Shots,Score/SOT,Shot_Diff,SOT_Rate_Diff,Finishing_Diff,Corners_Diff
2021-22,2021/8/13,Arsenal,Brentford,Away,0,2,22,8,4,3,5,2,0,0,0,0.181818182,0,0,14,-0.193181818,-0.666666667,3
2021-22,2021/8/13,Brentford,Arsenal,Home,2,0,8,22,3,4,2,5,0,0,3,0.375,0.25,0.666666667,-14,0.193181818,0.666666667,-3
2021-22,2021/8/14,Aston Villa,Watford,Away,2,3,11,13,2,7,4,2,1,0,0,0.181818182,0.181818182,1,-2,-0.356643357,0.571428571,2
2021-22,2021/8/14,Brighton,Burnley,Away,2,1,14,14,8,3,6,7,1,0,3,0.571428571,0.142857143,0.25,0,0.357142857,-0.083333333,-1
2021-22,2021/8/14,Burnley,Brighton,Home,1,2,14,14,3,8,7,6,2,0,0,0.214285714,0.071428571,0.333333333,0,-0.357142857,0.083333333,1
2021-22,2021/8/14,Chelsea,Crystal Palace,Home,3,0,13,4,6,1,5,2,0,0,3,0.461538462,0.230769231,0.5,9,0.211538462,0.5,3
2021-22,2021/8/14,Crystal Palace,Chelsea,Away,0,3,4,13,1,6,2,5,0,0,0,0.25,0,0,-9,-0.211538462,-0.5,-3
2021-22,2021/8/14,Everton,Southampton,Home,3,1,14,6,6,3,6,8,2,0,3,0.428571429,0.214285714,0.5,8,-0.071428571,0.166666667,-2
2021-22,2021/8/14,Leeds,Man United,Away,1,5,10,16,3,8,4,5,2,0,0,0.3,0.1,0.333333333,-6,-0.2,-0.291666667,-1
2021-22,2021/8/14,Leicester,Wolves,Home,1,0,9,17,5,3,5,4,1,0,3,0.555555556,0.111111111,0.2,-8,0.379084967,0.2,1
2021-22,2021/8/14,Liverpool,Norwich,Away,3,0,19,14,8,3,11,3,1,0,3,0.421052632,0.157894737,0.375,5,0.206766917,0.375,8
2021-22,2021/8/14,Man United,Leeds,Home,5,1,16,10,8,3,5,4,1,0,3,0.5,0.3125,0.625,6,0.2,0.291666667,1
2021-22,2021/8/14,Norwich,Liverpool,Home,0,3,14,19,3,8,3,11,1,0,0,0.214285714,0,0,-5,-0.206766917,-0.375,-8
2021-22,2021/8/14,Southampton,Everton,Away,1,3,6,14,3,6,8,6,0,0,0,0.5,0.166666667,0.333333333,-8,0.071428571,-0.166666667,2
2021-22,2021/8/14,Watford,Aston Villa,Home,3,2,13,11,7,2,2,4,3,0,3,0.538461538,0.230769231,0.428571429,2,0.356643357,-0.571428571,-2
2021-22,2021/8/14,Wolves,Leicester,Away,0,1,17,9,3,5,4,5,2,0,0,0.176470588,0,0,8,-0.379084967,-0.2,-1
2021-22,2021/8/15,Man City,Tottenham,Away,0,1,18,13,4,3,11,3,1,0,0,0.222222222,0,0,5,-0.008547009,-0.333333333,8
2021-22,2021/8/15,Newcastle,West Ham,Home,2,4,17,8,3,9,7,6,1,0,0,0.176470588,0.117647059,0.666666667,9,-0.948529412,0.222222222,1
2021-22,2021/8/15,Tottenham,Man City,Home,1,0,13,18,3,4,3,11,2,0,3,0.230769231,0.076923077,0.333333333,-5,0.008547009,0.333333333,-8
2021-22,2021/8/15,West Ham,Newcastle,Away,4,2,8,17,9,3,6,7,0,0,3,1.125,0.5,0.444444444,-9,0.948529412,-0.222222222,-1
2021-22,2021/8/21,Aston Villa,Newcastle,Home,2,0,10,9,2,1,3,4,3,0,3,0.2,0.2,1,1,0.088888889,1,-1
2021-22,2021/8/21,Brentford,Crystal Palace,Away,0,0,14,7,3,2,5,3,1,0,1,0.214285714,0,0,7,-0.071428571,0,2
2021-22,2021/8/21,Brighton,Watford,Home,2,0,13,10,3,1,7,2,4,0,3,0.230769231,0.153846154,0.666666667,3,0.130769231,0.666666667,5
2021-22,2021/8/21,Burnley,Liverpool,Away,0,2,9,27,3,9,4,8,0,0,0,0.333333333,0,0,-18,0,-0.222222222,-4
2021-22,2021/8/21,Crystal Palace,Brentford,Home,0,0,7,14,2,3,3,5,3,0,1,0.285714286,0,0,-7,0.071428571,0,-2
2021-22,2021/8/21,Everton,Leeds,Away,2,2,17,17,8,4,5,8,4,0,1,0.470588235,0.117647059,0.25,0,0.235294118,-0.25,-3
2021-22,2021/8/21,Leeds,Everton,Home,2,2,17,17,4,8,8,5,2,0,1,0.235294118,0.117647059,0.5,0,-0.235294118,0.25,3
2021-22,2021/8/21,Liverpool,Burnley,Home,2,0,27,9,9,3,8,4,0,0,3,0.333333333,0.074074074,0.222222222,18,0,0.222222222,4
2021-22,2021/8/21,Man City,Norwich,Home,5,0,16,1,4,0,6,1,1,0,3,0.25,0.3125,1.25,15,0.25,1.25,5
2021-22,2021/8/21,Newcastle,Aston Villa,Away,0,2,9,10,1,2,4,3,4,0,0,0.111111111,0,0,-1,-0.088888889,-1,1
2021-22,2021/8/21,Norwich,Man City,Away,0,5,1,16,0,4,1,6,0,0,0,0,0,0,-15,-0.25,-1.25,-5
2021-22,2021/8/21,Watford,Brighton,Away,0,2,10,13,1,3,2,7,0,0,0,0.1,0,0,-3,-0.130769231,-0.666666667,-5
2021-22,2021/8/22,Arsenal,Chelsea,Home,0,2,6,22,3,5,9,8,3,0,0,0.5,0,0,-16,0.272727273,-0.4,1
2021-22,2021/8/22,Chelsea,Arsenal,Away,2,0,22,6,5,3,8,9,0,0,3,0.227272727,0.090909091,0.4,16,-0.272727273,0.4,-1
2021-22,2021/8/22,Man United,Southampton,Away,1,1,15,8,4,3,7,7,3,0,1,0.266666667,0.066666667,0.25,7,-0.108333333,-0.083333333,0
2021-22,2021/8/22,Southampton,Man United,Home,1,1,8,15,3,4,7,7,2,0,1,0.375,0.125,0.333333333,-7,0.108333333,0.083333333,0
2021-22,2021/8/22,Tottenham,Wolves,Away,1,0,8,25,6,6,4,5,4,0,3,0.75,0.125,0.166666667,-17,0.51,0.166666667,-1
2021-22,2021/8/22,Wolves,Tottenham,Home,0,1,25,8,6,6,5,4,1,0,0,0.24,0,0,17,-0.51,-0.166666667,1
2021-22,2021/8/23,Leicester,West Ham,Away,1,4,5,13,1,7,0,10,1,1,0,0.2,0.2,1,-8,-0.338461538,0.428571429,-10
2021-22,2021/8/23,West Ham,Leicester,Home,4,1,13,5,7,1,10,0,0,0,3,0.538461538,0.307692308,0.571428571,8,0.338461538,-0.428571429,10
2021-22,2021/8/28,Arsenal,Man City,Away,0,5,1,25,0,10,0,14,2,1,0,0,0,0,-24,-0.4,-0.5,-14
2021-22,2021/8/28,Aston Villa,Brentford,Home,1,1,7,9,5,2,3,2,3,0,1,0.714285714,0.142857143,0.2,-2,0.492063492,-0.3,1
2021-22,2021/8/28,Brentford,Aston Villa,Away,1,1,9,7,2,5,2,3,3,0,1,0.222222222,0.111111111,0.5,2,-0.492063492,0.3,-1
2021-22,2021/8/28,Brighton,Everton,Home,0,2,14,14,3,5,4,5,1,0,0,0.214285714,0,0,0,-0.142857143,-0.4,-1
2021-22,2021/8/28,Chelsea,Liverpool,Away,1,1,6,24,3,7,3,12,2,1,1,0.5,0.166666667,0.333333333,-18,0.208333333,0.19047619,-9
2021-22,2021/8/28,Crystal Palace,West Ham,Away,2,2,9,14,2,4,3,5,0,0,1,0.222222222,0.222222222,1,-5,-0.063492063,0.5,-2
2021-22,2021/8/28,Everton,Brighton,Away,2,0,14,14,5,3,5,4,2,0,3,0.357142857,0.142857143,0.4,0,0.142857143,0.4,1
2021-22,2021/8/28,Leicester,Norwich,Away,2,1,9,14,3,4,9,9,1,0,3,0.333333333,0.222222222,0.666666667,-5,0.047619048,0.416666667,0
2021-22,2021/8/28,Liverpool,Chelsea,Home,1,1,24,6,7,3,12,3,0,0,1,0.291666667,0.041666667,0.142857143,18,-0.208333333,-0.19047619,9
2021-22,2021/8/28,Man City,Arsenal,Home,5,0,25,1,10,0,14,0,1,0,3,0.4,0.2,0.5,24,0.4,0.5,14
2021-22,2021/8/28,Newcastle,Southampton,Home,2,2,10,22,5,6,4,4,3,0,1,0.5,0.2,0.4,-12,0.227272727,0.066666667,0
2021-22,2021/8/28,Norwich,Leicester,Home,1,2,14,9,4,3,9,9,2,0,0,0.285714286,0.071428571,0.25,5,-0.047619048,-0.416666667,0
2021-22,2021/8/28,Southampton,Newcastle,Away,2,2,22,10,6,5,4,4,3,0,1,0.272727273,0.090909091,0.333333333,12,-0.227272727,-0.066666667,0
2021-22,2021/8/28,West Ham,Crystal Palace,Home,2,2,14,9,4,2,5,3,1,0,1,0.285714286,0.142857143,0.5,5,0.063492063,-0.5,2
2021-22,2021/8/29,Burnley,Leeds,Home,1,1,12,12,3,2,5,5,4,0,1,0.25,0.083333333,0.333333333,0,0.083333333,-0.166666667,0
2021-22,2021/8/29,Leeds,Burnley,Away,1,1,12,12,2,3,5,5,3,0,1,0.166666667,0.083333333,0.5,0,-0.083333333,0.166666667,0
2021-22,2021/8/29,Man United,Wolves,Away,1,0,10,15,3,6,7,5,4,0,3,0.3,0.1,0.333333333,-5,-0.1,0.333333333,2
2021-22,2021/8/29,Tottenham,Watford,Home,1,0,15,9,8,2,10,3,3,0,3,0.533333333,0.066666667,0.125,6,0.311111111,0.125,7
2021-22,2021/8/29,Watford,Tottenham,Away,0,1,9,15,2,8,3,10,3,0,0,0.222222222,0,0,-6,-0.311111111,-0.125,-7
2021-22,2021/8/29,Wolves,Man United,Home,0,1,15,10,6,3,5,7,3,0,0,0.4,0,0,5,0.1,-0.333333333,-2
2021-22,2021/9/11,Arsenal,Norwich,Home,1,0,30,10,7,1,8,4,1,0,3,0.233333333,0.033333333,0.142857143,20,0.133333333,0.142857143,4
2021-22,2021/9/11,Aston Villa,Chelsea,Away,0,3,18,12,6,4,11,4,4,0,0,0.333333333,0,0,6,0,-0.75,7
2021-22,2021/9/11,Brentford,Brighton,Home,0,1,7,4,1,2,1,6,3,0,0,0.142857143,0,0,3,-0.357142857,-0.5,-5
2021-22,2021/9/11,Brighton,Brentford,Away,1,0,4,7,2,1,6,1,2,0,3,0.5,0.25,0.5,-3,0.357142857,0.5,5
2021-22,2021/9/11,Chelsea,Aston Villa,Home,3,0,12,18,4,6,4,11,1,0,3,0.333333333,0.25,0.75,-6,0,0.75,-7
2021-22,2021/9/11,Crystal Palace,Tottenham,Home,3,0,18,2,4,1,8,2,2,0,3,0.222222222,0.166666667,0.75,16,-0.277777778,0.75,6
2021-22,2021/9/11,Leicester,Man City,Home,0,1,6,25,1,8,5,8,1,0,0,0.166666667,0,0,-19,-0.153333333,-0.125,-3
2021-22,2021/9/11,Man City,Leicester,Away,1,0,25,6,8,1,8,5,2,0,3,0.32,0.04,0.125,19,0.153333333,0.125,3
2021-22,2021/9/11,Man United,Newcastle,Home,4,1,21,12,7,3,7,3,1,0,3,0.333333333,0.19047619,0.571428571,9,0.083333333,0.238095238,4
2021-22,2021/9/11,Newcastle,Man United,Away,1,4,12,21,3,7,3,7,0,0,0,0.25,0.083333333,0.333333333,-9,-0.083333333,-0.238095238,-4
2021-22,2021/9/11,Norwich,Arsenal,Away,0,1,10,30,1,7,4,8,2,0,0,0.1,0,0,-20,-0.133333333,-0.142857143,-4
2021-22,2021/9/11,Southampton,West Ham,Home,0,0,11,13,3,3,5,4,3,0,1,0.272727273,0,0,-2,0.041958042,0,1
2021-22,2021/9/11,Tottenham,Crystal Palace,Away,0,3,2,18,1,4,2,8,1,1,0,0.5,0,0,-16,0.277777778,-0.75,-6
2021-22,2021/9/11,Watford,Wolves,Home,0,2,6,14,2,5,6,8,3,0,0,0.333333333,0,0,-8,-0.023809524,-0.4,-2
2021-22,2021/9/11,West Ham,Southampton,Away,0,0,13,11,3,3,4,5,1,1,1,0.230769231,0,0,2,-0.041958042,0,-1
2021-22,2021/9/11,Wolves,Watford,Away,2,0,14,6,5,2,8,6,3,0,3,0.357142857,0.142857143,0.4,8,0.023809524,0.4,2
2021-22,2021/9/12,Leeds,Liverpool,Home,0,3,9,30,4,9,2,11,2,1,0,0.444444444,0,0,-21,0.144444444,-0.333333333,-9
2021-22,2021/9/12,Liverpool,Leeds,Away,3,0,30,9,9,4,11,2,1,0,3,0.3,0.1,0.333333333,21,-0.144444444,0.333333333,9
2021-22,2021/9/13,Burnley,Everton,Away,1,3,11,14,6,6,6,4,1,0,0,0.545454545,0.090909091,0.166666667,-3,0.116883117,-0.333333333,2
2021-22,2021/9/13,Everton,Burnley,Home,3,1,14,11,6,6,4,6,1,0,3,0.428571429,0.214285714,0.5,3,-0.116883117,0.333333333,-2
2021-22,2021/9/17,Leeds,Newcastle,Away,1,1,22,17,9,7,5,4,2,0,1,0.409090909,0.045454545,0.111111111,5,-0.002673797,-0.031746032,1
2021-22,2021/9/17,Newcastle,Leeds,Home,1,1,17,22,7,9,4,5,2,0,1,0.411764706,0.058823529,0.142857143,-5,0.002673797,0.031746032,-1
2021-22,2021/9/18,Arsenal,Burnley,Away,1,0,13,18,3,3,3,8,1,0,3,0.230769231,0.076923077,0.333333333,-5,0.064102564,0.333333333,-5
2021-22,2021/9/18,Aston Villa,Everton,Home,3,0,15,11,3,1,5,4,1,0,3,0.2,0.2,1,4,0.109090909,1,1
2021-22,2021/9/18,Brentford,Wolves,Away,2,0,9,11,3,0,2,4,2,1,3,0.333333333,0.222222222,0.666666667,-2,0.333333333,0.666666667,-2
2021-22,2021/9/18,Burnley,Arsenal,Home,0,1,18,13,3,3,8,3,2,0,0,0.166666667,0,0,5,-0.064102564,-0.333333333,5
2021-22,2021/9/18,Crystal Palace,Liverpool,Away,0,3,13,25,2,10,5,10,1,0,0,0.153846154,0,0,-12,-0.246153846,-0.3,-5
2021-22,2021/9/18,Everton,Aston Villa,Away,0,3,11,15,1,3,4,5,1,0,0,0.090909091,0,0,-4,-0.109090909,-1,-1
2021-22,2021/9/18,Liverpool,Crystal Palace,Home,3,0,25,13,10,2,10,5,3,0,3,0.4,0.12,0.3,12,0.246153846,0.3,5
2021-22,2021/9/18,Man City,Southampton,Home,0,0,18,10,1,2,8,5,0,0,1,0.055555556,0,0,8,-0.144444444,0,3
2021-22,2021/9/18,Norwich,Watford,Home,1,3,12,12,5,8,4,8,1,0,0,0.416666667,0.083333333,0.2,0,-0.25,-0.175,-4
2021-22,2021/9/18,Southampton,Man City,Away,0,0,10,18,2,1,5,8,2,0,1,0.2,0,0,-8,0.144444444,0,-3
2021-22,2021/9/18,Watford,Norwich,Away,3,1,12,12,8,5,8,4,1,0,3,0.666666667,0.25,0.375,0,0.25,0.175,4
2021-22,2021/9/18,Wolves,Brentford,Home,0,2,11,9,0,3,4,2,4,0,0,0,0,0,2,-0.333333333,-0.666666667,2
2021-22,2021/9/19,Brighton,Leicester,Home,2,1,12,14,5,3,4,9,2,0,3,0.416666667,0.166666667,0.4,-2,0.202380952,0.066666667,-5
2021-22,2021/9/19,Chelsea,Tottenham,Away,3,0,20,8,10,2,11,5,1,0,3,0.5,0.15,0.3,12,0.25,0.3,6
2021-22,2021/9/19,Leicester,Brighton,Away,1,2,14,12,3,5,9,4,1,0,0,0.214285714,0.071428571,0.333333333,2,-0.202380952,-0.066666667,5
2021-22,2021/9/19,Man United,West Ham,Away,2,1,17,13,10,4,11,2,0,0,3,0.588235294,0.117647059,0.2,4,0.280542986,-0.05,9
2021-22,2021/9/19,Tottenham,Chelsea,Home,0,3,8,20,2,10,5,11,0,0,0,0.25,0,0,-12,-0.25,-0.3,-6
2021-22,2021/9/19,West Ham,Man United,Home,1,2,13,17,4,10,2,11,0,0,0,0.307692308,0.076923077,0.25,-4,-0.280542986,0.05,-9
2021-22,2021/9/25,Aston Villa,Man United,Away,1,0,7,28,3,4,5,5,2,0,3,0.428571429,0.142857143,0.333333333,-21,0.285714286,0.333333333,0
2021-22,2021/9/25,Brentford,Liverpool,Home,3,3,12,16,4,6,2,11,1,0,1,0.333333333,0.25,0.75,-4,-0.041666667,0.25,-9
2021-22,2021/9/25,Burnley,Leicester,Away,2,2,9,22,3,5,4,8,4,0,1,0.333333333,0.222222222,0.666666667,-13,0.106060606,0.266666667,-4
2021-22,2021/9/25,Chelsea,Man City,Home,0,1,5,15,0,4,4,13,3,0,0,0,0,0,-10,-0.266666667,-0.25,-9
2021-22,2021/9/25,Everton,Norwich,Home,2,0,11,10,4,2,6,4,2,0,3,0.363636364,0.181818182,0.5,1,0.163636364,0.5,2
2021-22,2021/9/25,Leeds,West Ham,Home,1,2,15,20,5,7,5,7,3,0,0,0.333333333,0.066666667,0.2,-5,-0.016666667,-0.085714286,-2
2021-22,2021/9/25,Leicester,Burnley,Home,2,2,22,9,5,3,8,4,2,0,1,0.227272727,0.090909091,0.4,13,-0.106060606,-0.266666667,4
2021-22,2021/9/25,Liverpool,Brentford,Away,3,3,16,12,6,4,11,2,1,0,1,0.375,0.1875,0.5,4,0.041666667,-0.25,9
2021-22,2021/9/25,Man City,Chelsea,Away,1,0,15,5,4,0,13,4,2,0,3,0.266666667,0.066666667,0.25,10,0.266666667,0.25,9
2021-22,2021/9/25,Man United,Aston Villa,Home,0,1,28,7,4,3,5,5,2,0,0,0.142857143,0,0,21,-0.285714286,-0.333333333,0
2021-22,2021/9/25,Newcastle,Watford,Away,1,1,20,15,6,4,6,5,3,0,1,0.3,0.05,0.166666667,5,0.033333333,-0.083333333,1
2021-22,2021/9/25,Norwich,Everton,Away,0,2,10,11,2,4,4,6,3,0,0,0.2,0,0,-1,-0.163636364,-0.5,-2
2021-22,2021/9/25,Watford,Newcastle,Home,1,1,15,20,4,6,5,6,4,0,1,0.266666667,0.066666667,0.25,-5,-0.033333333,0.083333333,-1
2021-22,2021/9/25,West Ham,Leeds,Away,2,1,20,15,7,5,7,5,2,0,3,0.35,0.1,0.285714286,5,0.016666667,0.085714286,2
2021-22,2021/9/26,Arsenal,Tottenham,Home,3,1,12,10,7,4,4,4,2,0,3,0.583333333,0.25,0.428571429,2,0.183333333,0.178571429,0
2021-22,2021/9/26,Southampton,Wolves,Home,0,1,18,5,6,3,5,5,0,0,0,0.333333333,0,0,13,-0.266666667,-0.333333333,0
2021-22,2021/9/26,Tottenham,Arsenal,Away,1,3,10,12,4,7,4,4,1,0,0,0.4,0.1,0.25,-2,-0.183333333,-0.178571429,0
2021-22,2021/9/26,Wolves,Southampton,Away,1,0,5,18,3,6,5,5,0,0,3,0.6,0.2,0.333333333,-13,0.266666667,0.333333333,0
2021-22,2021/9/27,Brighton,Crystal Palace,Away,1,1,8,8,4,3,5,6,3,0,1,0.5,0.125,0.25,0,0.125,-0.083333333,-1
2021-22,2021/9/27,Crystal Palace,Brighton,Home,1,1,8,8,3,4,6,5,2,0,1,0.375,0.125,0.333333333,0,-0.125,0.083333333,1
2021-22,2021/10/2,Arsenal,Brighton,Away,0,0,8,21,2,2,5,8,1,0,1,0.25,0,0,-13,0.154761905,0,-3
2021-22,2021/10/2,Brighton,Arsenal,Home,0,0,21,8,2,2,8,5,2,0,1,0.095238095,0,0,13,-0.154761905,0,3
2021-22,2021/10/2,Burnley,Norwich,Home,0,0,14,10,4,2,9,5,5,0,1,0.285714286,0,0,4,0.085714286,0,4
2021-22,2021/10/2,Chelsea,Southampton,Home,3,1,20,6,9,2,7,2,1,0,3,0.45,0.15,0.333333333,14,0.116666667,-0.166666667,5
2021-22,2021/10/2,Everton,Man United,Away,1,1,12,13,2,6,1,10,1,0,1,0.166666667,0.083333333,0.5,-1,-0.294871795,0.333333333,-9
2021-22,2021/10/2,Leeds,Watford,Home,1,0,20,5,4,1,6,3,0,0,3,0.2,0.05,0.25,15,0,0.25,3
2021-22,2021/10/2,Man United,Everton,Home,1,1,13,12,6,2,10,1,1,0,1,0.461538462,0.076923077,0.166666667,1,0.294871795,-0.333333333,9
2021-22,2021/10/2,Newcastle,Wolves,Away,1,2,8,7,2,3,4,0,2,0,0,0.25,0.125,0.5,1,-0.178571429,-0.166666667,4
2021-22,2021/10/2,Norwich,Burnley,Away,0,0,10,14,2,4,5,9,2,0,1,0.2,0,0,-4,-0.085714286,0,-4
2021-22,2021/10/2,Southampton,Chelsea,Away,1,3,6,20,2,9,2,7,3,1,0,0.333333333,0.166666667,0.5,-14,-0.116666667,0.166666667,-5
2021-22,2021/10/2,Watford,Leeds,Away,0,1,5,20,1,4,3,6,3,0,0,0.2,0,0,-15,0,-0.25,-3
2021-22,2021/10/2,Wolves,Newcastle,Home,2,1,7,8,3,2,0,4,0,0,3,0.428571429,0.285714286,0.666666667,-1,0.178571429,0.166666667,-4
2021-22,2021/10/3,Aston Villa,Tottenham,Away,1,2,14,17,3,8,8,5,1,0,0,0.214285714,0.071428571,0.333333333,-3,-0.256302521,0.083333333,3
2021-22,2021/10/3,Brentford,West Ham,Away,2,1,13,18,6,5,6,11,3,0,3,0.461538462,0.153846154,0.333333333,-5,0.183760684,0.133333333,-5
2021-22,2021/10/3,Crystal Palace,Leicester,Home,2,2,18,9,4,5,1,3,2,0,1,0.222222222,0.111111111,0.5,9,-0.333333333,0.1,-2
2021-22,2021/10/3,Leicester,Crystal Palace,Away,2,2,9,18,5,4,3,1,3,0,1,0.555555556,0.222222222,0.4,-9,0.333333333,-0.1,2
2021-22,2021/10/3,Liverpool,Man City,Home,2,2,6,12,4,3,3,4,3,0,1,0.666666667,0.333333333,0.5,-6,0.416666667,-0.166666667,-1
2021-22,2021/10/3,Man City,Liverpool,Away,2,2,12,6,3,4,4,3,3,0,1,0.25,0.166666667,0.666666667,6,-0.416666667,0.166666667,1
2021-22,2021/10/3,Tottenham,Aston Villa,Home,2,1,17,14,8,3,5,8,2,0,3,0.470588235,0.117647059,0.25,3,0.256302521,-0.083333333,-3
2021-22,2021/10/3,West Ham,Brentford,Home,1,2,18,13,5,6,11,6,2,0,0,0.277777778,0.055555556,0.2,5,-0.183760684,-0.133333333,5
2021-22,2021/10/16,Aston Villa,Wolves,Home,2,3,14,9,5,4,6,7,2,0,0,0.357142857,0.142857143,0.4,5,-0.087301587,-0.35,-1
2021-22,2021/10/16,Brentford,Chelsea,Home,0,1,17,5,7,1,5,5,1,0,0,0.411764706,0,0,12,0.211764706,-1,0
2021-22,2021/10/16,Brighton,Norwich,Away,0,0,11,15,3,3,4,8,5,0,1,0.272727273,0,0,-4,0.072727273,0,-4
2021-22,2021/10/16,Burnley,Man City,Away,0,2,7,15,2,6,2,6,0,0,0,0.285714286,0,0,-8,-0.114285714,-0.333333333,-4
2021-22,2021/10/16,Chelsea,Brentford,Away,1,0,5,17,1,7,5,5,1,0,3,0.2,0.2,1,-12,-0.211764706,1,0
2021-22,2021/10/16,Leeds,Southampton,Away,0,1,3,19,0,5,1,8,3,0,0,0,0,0,-16,-0.263157895,-0.2,-7
2021-22,2021/10/16,Leicester,Man United,Home,4,2,22,18,11,6,4,3,0,0,3,0.5,0.181818182,0.363636364,4,0.166666667,0.03030303,1
2021-22,2021/10/16,Liverpool,Watford,Away,5,0,19,6,8,2,9,1,0,0,3,0.421052632,0.263157895,0.625,13,0.087719298,0.625,8
2021-22,2021/10/16,Man City,Burnley,Home,2,0,15,7,6,2,6,2,1,0,3,0.4,0.133333333,0.333333333,8,0.114285714,0.333333333,4
2021-22,2021/10/16,Man United,Leicester,Away,2,4,18,22,6,11,3,4,3,0,0,0.333333333,0.111111111,0.333333333,-4,-0.166666667,-0.03030303,-1
2021-22,2021/10/16,Norwich,Brighton,Home,0,0,15,11,3,3,8,4,3,0,1,0.2,0,0,4,-0.072727273,0,4
2021-22,2021/10/16,Southampton,Leeds,Home,1,0,19,3,5,0,8,1,2,0,3,0.263157895,0.052631579,0.2,16,0.263157895,0.2,7
2021-22,2021/10/16,Watford,Liverpool,Home,0,5,6,19,2,8,1,9,0,0,0,0.333333333,0,0,-13,-0.087719298,-0.625,-8
2021-22,2021/10/16,Wolves,Aston Villa,Away,3,2,9,14,4,5,7,6,3,0,3,0.444444444,0.333333333,0.75,-5,0.087301587,0.35,1
2021-22,2021/10/17,Everton,West Ham,Home,0,1,15,16,2,4,7,9,0,0,0,0.133333333,0,0,-1,-0.116666667,-0.25,-2
2021-22,2021/10/17,Newcastle,Tottenham,Home,2,3,7,14,1,4,2,9,4,1,0,0.142857143,0.285714286,2,-7,-0.142857143,1.25,-7
2021-22,2021/10/17,Tottenham,Newcastle,Away,3,2,14,7,4,1,9,2,1,0,3,0.285714286,0.214285714,0.75,7,0.142857143,-1.25,7
2021-22,2021/10/17,West Ham,Everton,Away,1,0,16,15,4,2,9,7,2,0,3,0.25,0.0625,0.25,1,0.116666667,0.25,2
2021-22,2021/10/18,Arsenal,Crystal Palace,Home,2,2,17,9,6,6,6,4,1,0,1,0.352941176,0.117647059,0.333333333,8,-0.31372549,0,2
2021-22,2021/10/18,Crystal Palace,Arsenal,Away,2,2,9,17,6,6,4,6,1,0,1,0.666666667,0.222222222,0.333333333,-8,0.31372549,0,-2
2021-22,2021/10/22,Arsenal,Aston Villa,Home,3,1,22,10,9,4,7,4,2,0,3,0.409090909,0.136363636,0.333333333,12,0.009090909,0.083333333,3
2021-22,2021/10/22,Aston Villa,Arsenal,Away,1,3,10,22,4,9,4,7,5,0,0,0.4,0.1,0.25,-12,-0.009090909,-0.083333333,-3
2021-22,2021/10/23,Brighton,Man City,Home,1,4,10,23,5,14,7,6,2,0,0,0.5,0.1,0.2,-13,-0.108695652,-0.085714286,1
2021-22,2021/10/23,Burnley,Southampton,Away,2,2,9,16,5,4,2,6,3,0,1,0.555555556,0.222222222,0.4,-7,0.305555556,-0.1,-4
2021-22,2021/10/23,Chelsea,Norwich,Home,7,0,23,3,13,1,5,0,0,0,3,0.565217391,0.304347826,0.538461538,20,0.231884058,0.538461538,5
2021-22,2021/10/23,Crystal Palace,Newcastle,Home,1,1,15,6,3,2,3,7,3,0,1,0.2,0.066666667,0.333333333,9,-0.133333333,-0.166666667,-4
2021-22,2021/10/23,Everton,Watford,Home,2,5,15,20,4,8,3,5,4,0,0,0.266666667,0.133333333,0.5,-5,-0.133333333,-0.125,-2
2021-22,2021/10/23,Leeds,Wolves,Home,1,1,18,8,4,4,6,3,2,0,1,0.222222222,0.055555556,0.25,10,-0.277777778,0,3
2021-22,2021/10/23,Man City,Brighton,Away,4,1,23,10,14,5,6,7,3,0,3,0.608695652,0.173913043,0.285714286,13,0.108695652,0.085714286,-1
2021-22,2021/10/23,Newcastle,Crystal Palace,Away,1,1,6,15,2,3,7,3,4,0,1,0.333333333,0.166666667,0.5,-9,0.133333333,0.166666667,4
2021-22,2021/10/23,Norwich,Chelsea,Away,0,7,3,23,1,13,0,5,2,1,0,0.333333333,0,0,-20,-0.231884058,-0.538461538,-5
2021-22,2021/10/23,Southampton,Burnley,Home,2,2,16,9,4,5,6,2,1,0,1,0.25,0.125,0.5,7,-0.305555556,0.1,4
2021-22,2021/10/23,Watford,Everton,Away,5,2,20,15,8,4,5,3,3,0,3,0.4,0.25,0.625,5,0.133333333,0.125,2
2021-22,2021/10/23,Wolves,Leeds,Away,1,1,8,18,4,4,3,6,3,0,1,0.5,0.125,0.25,-10,0.277777778,0,-3
2021-22,2021/10/24,Brentford,Leicester,Home,1,2,15,10,5,6,9,2,1,0,0,0.333333333,0.066666667,0.2,5,-0.266666667,-0.133333333,7
2021-22,2021/10/24,Leicester,Brentford,Away,2,1,10,15,6,5,2,9,1,0,3,0.6,0.2,0.333333333,-5,0.266666667,0.133333333,-7
2021-22,2021/10/24,Liverpool,Man United,Away,5,0,19,12,8,4,3,6,0,0,3,0.421052632,0.263157895,0.625,7,0.087719298,0.625,-3
2021-22,2021/10/24,Man United,Liverpool,Home,0,5,12,19,4,8,6,3,6,1,0,0.333333333,0,0,-7,-0.087719298,-0.625,3
2021-22,2021/10/24,Tottenham,West Ham,Away,0,1,7,13,4,4,4,2,1,0,0,0.571428571,0,0,-6,0.263736264,-0.25,2
2021-22,2021/10/24,West Ham,Tottenham,Home,1,0,13,7,4,4,2,4,2,0,3,0.307692308,0.076923077,0.25,6,-0.263736264,0.25,-2
2021-22,2021/10/30,Arsenal,Leicester,Away,2,0,9,16,5,8,6,7,0,0,3,0.555555556,0.222222222,0.4,-7,0.055555556,0.4,-1
2021-22,2021/10/30,Brentford,Burnley,Away,1,3,12,15,5,6,2,4,1,0,0,0.416666667,0.083333333,0.2,-3,0.016666667,-0.3,-2
2021-22,2021/10/30,Brighton,Liverpool,Away,2,2,9,14,6,3,3,5,2,0,1,0.666666667,0.222222222,0.333333333,-5,0.452380952,-0.333333333,-2
2021-22,2021/10/30,Burnley,Brentford,Home,3,1,15,12,6,5,4,2,1,0,3,0.4,0.2,0.5,3,-0.016666667,0.3,2
2021-22,2021/10/30,Chelsea,Newcastle,Away,3,0,19,6,6,1,2,0,2,0,3,0.315789474,0.157894737,0.5,13,0.149122807,0.5,2
2021-22,2021/10/30,Crystal Palace,Man City,Away,2,0,8,14,3,3,1,7,3,0,3,0.375,0.25,0.666666667,-6,0.160714286,0.666666667,-6
2021-22,2021/10/30,Leicester,Arsenal,Home,0,2,16,9,8,5,7,6,2,0,0,0.5,0,0,7,-0.055555556,-0.4,1
2021-22,2021/10/30,Liverpool,Brighton,Home,2,2,14,9,3,6,5,3,2,0,1,0.214285714,0.142857143,0.666666667,5,-0.452380952,0.333333333,2
2021-22,2021/10/30,Man City,Crystal Palace,Home,0,2,14,8,3,3,7,1,2,1,0,0.214285714,0,0,6,-0.160714286,-0.666666667,6
2021-22,2021/10/30,Man United,Tottenham,Away,3,0,10,9,4,0,2,10,3,0,3,0.4,0.3,0.75,1,0.4,0.75,-8
2021-22,2021/10/30,Newcastle,Chelsea,Home,0,3,6,19,1,6,0,2,3,0,0,0.166666667,0,0,-13,-0.149122807,-0.5,-2
2021-22,2021/10/30,Southampton,Watford,Away,1,0,12,10,1,4,8,5,2,0,3,0.083333333,0.083333333,1,2,-0.316666667,1,3
2021-22,2021/10/30,Tottenham,Man United,Home,0,3,9,10,0,4,10,2,2,0,0,0,0,0,-1,-0.4,-0.75,8
2021-22,2021/10/30,Watford,Southampton,Home,0,1,10,12,4,1,5,8,2,0,0,0.4,0,0,-2,0.316666667,-1,-3
2021-22,2021/10/31,Aston Villa,West Ham,Home,1,4,9,21,3,9,3,6,1,1,0,0.333333333,0.111111111,0.333333333,-12,-0.095238095,-0.111111111,-3
2021-22,2021/10/31,Leeds,Norwich,Away,2,1,13,14,6,3,0,5,4,0,3,0.461538462,0.153846154,0.333333333,-1,0.247252747,0,-5
2021-22,2021/10/31,Norwich,Leeds,Home,1,2,14,13,3,6,5,0,1,0,0,0.214285714,0.071428571,0.333333333,1,-0.247252747,0,5
2021-22,2021/10/31,West Ham,Aston Villa,Away,4,1,21,9,9,3,6,3,2,0,3,0.428571429,0.19047619,0.444444444,12,0.095238095,0.111111111,3
2021-22,2021/11/1,Everton,Wolves,Away,1,2,14,10,5,4,3,4,1,0,0,0.357142857,0.071428571,0.2,4,-0.042857143,-0.3,-1
2021-22,2021/11/1,Wolves,Everton,Home,2,1,10,14,4,5,4,3,1,0,3,0.4,0.2,0.5,-4,0.042857143,0.3,1
2021-22,2021/11/5,Aston Villa,Southampton,Away,0,1,14,9,3,3,8,10,2,0,0,0.214285714,0,0,5,-0.119047619,-0.333333333,-2
2021-22,2021/11/5,Southampton,Aston Villa,Home,1,0,9,14,3,3,10,8,2,0,3,0.333333333,0.111111111,0.333333333,-5,0.119047619,0.333333333,2
2021-22,2021/11/6,Brentford,Norwich,Home,1,2,19,9,7,5,6,2,2,0,0,0.368421053,0.052631579,0.142857143,10,-0.187134503,-0.257142857,4
2021-22,2021/11/6,Brighton,Newcastle,Home,1,1,14,6,5,1,2,5,3,1,1,0.357142857,0.071428571,0.2,8,0.19047619,-0.8,-3
2021-22,2021/11/6,Burnley,Chelsea,Away,1,1,5,25,2,4,2,14,4,0,1,0.4,0.2,0.5,-20,0.24,0.25,-12
2021-22,2021/11/6,Chelsea,Burnley,Home,1,1,25,5,4,2,14,2,1,0,1,0.16,0.04,0.25,20,-0.24,-0.25,12
2021-22,2021/11/6,Crystal Palace,Wolves,Home,2,0,13,4,6,2,4,6,2,0,3,0.461538462,0.153846154,0.333333333,9,-0.038461538,0.333333333,-2
2021-22,2021/11/6,Man City,Man United,Away,2,0,16,5,5,1,9,1,2,0,3,0.3125,0.125,0.4,11,0.1125,0.4,8
2021-22,2021/11/6,Man United,Man City,Home,0,2,5,16,1,5,1,9,1,0,0,0.2,0,0,-11,-0.1125,-0.4,-8
2021-22,2021/11/6,Newcastle,Brighton,Away,1,1,6,14,1,5,5,2,4,0,1,0.166666667,0.166666667,1,-8,-0.19047619,0.8,3
2021-22,2021/11/6,Norwich,Brentford,Away,2,1,9,19,5,7,2,6,3,0,3,0.555555556,0.222222222,0.4,-10,0.187134503,0.257142857,-4
2021-22,2021/11/6,Wolves,Crystal Palace,Away,0,2,4,13,2,6,6,4,1,0,0,0.5,0,0,-9,0.038461538,-0.333333333,2
2021-22,2021/11/7,Arsenal,Watford,Home,1,0,14,7,6,1,4,2,4,0,3,0.428571429,0.071428571,0.166666667,7,0.285714286,0.166666667,2
2021-22,2021/11/7,Everton,Tottenham,Home,0,0,12,8,2,0,4,2,2,1,1,0.166666667,0,0,4,0.166666667,0,2
2021-22,2021/11/7,Leeds,Leicester,Home,1,1,18,9,5,3,10,5,1,0,1,0.277777778,0.055555556,0.2,9,-0.055555556,-0.133333333,5
2021-22,2021/11/7,Leicester,Leeds,Away,1,1,9,18,3,5,5,10,1,0,1,0.333333333,0.111111111,0.333333333,-9,0.055555556,0.133333333,-5
2021-22,2021/11/7,Liverpool,West Ham,Away,2,3,16,7,5,3,2,3,1,0,0,0.3125,0.125,0.4,9,-0.116071429,-0.6,-1
2021-22,2021/11/7,Tottenham,Everton,Away,0,0,8,12,0,2,2,4,4,0,1,0,0,0,-4,-0.166666667,0,-2
2021-22,2021/11/7,Watford,Arsenal,Away,0,1,7,14,1,6,2,4,2,1,0,0.142857143,0,0,-7,-0.285714286,-0.166666667,-2
2021-22,2021/11/7,West Ham,Liverpool,Home,3,2,7,16,3,5,3,2,1,0,3,0.428571429,0.428571429,1,-9,0.116071429,0.6,1
2021-22,2021/11/20,Arsenal,Liverpool,Away,0,4,5,19,3,9,1,6,0,0,0,0.6,0,0,-14,0.126315789,-0.444444444,-5
2021-22,2021/11/20,Aston Villa,Brighton,Home,2,0,9,6,5,2,5,7,3,0,3,0.555555556,0.222222222,0.4,3,0.222222222,0.4,-2
2021-22,2021/11/20,Brentford,Newcastle,Away,3,3,10,23,4,9,2,8,2,0,1,0.4,0.3,0.75,-13,0.008695652,0.416666667,-6
2021-22,2021/11/20,Brighton,Aston Villa,Away,0,2,6,9,2,5,7,5,3,0,0,0.333333333,0,0,-3,-0.222222222,-0.4,2
2021-22,2021/11/20,Burnley,Crystal Palace,Home,3,3,15,18,9,8,3,6,2,0,1,0.6,0.2,0.333333333,-3,0.155555556,-0.041666667,-3
2021-22,2021/11/20,Chelsea,Leicester,Away,3,0,16,4,7,3,5,3,1,0,3,0.4375,0.1875,0.428571429,12,-0.3125,0.428571429,2
2021-22,2021/11/20,Crystal Palace,Burnley,Away,3,3,18,15,8,9,6,3,3,0,1,0.444444444,0.166666667,0.375,3,-0.155555556,0.041666667,3
2021-22,2021/11/20,Leicester,Chelsea,Home,0,3,4,16,3,7,3,5,3,0,0,0.75,0,0,-12,0.3125,-0.428571429,-2
2021-22,2021/11/20,Liverpool,Arsenal,Home,4,0,19,5,9,3,6,1,2,0,3,0.473684211,0.210526316,0.444444444,14,-0.126315789,0.444444444,5
2021-22,2021/11/20,Man United,Watford,Away,1,4,9,20,3,7,3,9,1,1,0,0.333333333,0.111111111,0.333333333,-11,-0.016666667,-0.238095238,-6
2021-22,2021/11/20,Newcastle,Brentford,Home,3,3,23,10,9,4,8,2,2,0,1,0.391304348,0.130434783,0.333333333,13,-0.008695652,-0.416666667,6
2021-22,2021/11/20,Norwich,Southampton,Home,2,1,8,17,4,5,5,7,3,0,3,0.5,0.25,0.5,-9,0.205882353,0.3,-2
2021-22,2021/11/20,Southampton,Norwich,Away,1,2,17,8,5,4,7,5,2,0,0,0.294117647,0.058823529,0.2,9,-0.205882353,-0.3,2
2021-22,2021/11/20,Watford,Man United,Home,4,1,20,9,7,3,9,3,2,0,3,0.35,0.2,0.571428571,11,0.016666667,0.238095238,6
2021-22,2021/11/20,West Ham,Wolves,Away,0,1,8,15,3,5,3,7,1,0,0,0.375,0,0,-7,0.041666667,-0.2,-4
2021-22,2021/11/20,Wolves,West Ham,Home,1,0,15,8,5,3,7,3,1,0,3,0.333333333,0.066666667,0.2,7,-0.041666667,0.2,4
2021-22,2021/11/21,Everton,Man City,Away,0,3,4,17,1,7,1,7,1,0,0,0.25,0,0,-13,-0.161764706,-0.428571429,-6
2021-22,2021/11/21,Leeds,Tottenham,Away,1,2,18,13,7,4,8,4,4,0,0,0.388888889,0.055555556,0.142857143,5,0.081196581,-0.357142857,4
2021-22,2021/11/21,Man City,Everton,Home,3,0,17,4,7,1,7,1,1,0,3,0.411764706,0.176470588,0.428571429,13,0.161764706,0.428571429,6
2021-22,2021/11/21,Tottenham,Leeds,Home,2,1,13,18,4,7,4,8,1,0,3,0.307692308,0.153846154,0.5,-5,-0.081196581,0.357142857,-4
2021-22,2021/11/27,Arsenal,Newcastle,Home,2,0,24,9,6,5,4,4,1,0,3,0.25,0.083333333,0.333333333,15,-0.305555556,0.333333333,0
2021-22,2021/11/27,Aston Villa,Crystal Palace,Away,2,1,10,8,3,3,3,7,3,0,3,0.3,0.2,0.666666667,2,-0.075,0.333333333,-4
2021-22,2021/11/27,Brighton,Leeds,Home,0,0,20,11,4,4,6,1,1,0,1,0.2,0,0,9,-0.163636364,0,5
2021-22,2021/11/27,Crystal Palace,Aston Villa,Home,1,2,8,10,3,3,7,3,3,0,0,0.375,0.125,0.333333333,-2,0.075,-0.333333333,4
2021-22,2021/11/27,Leeds,Brighton,Away,0,0,11,20,4,4,1,6,3,0,1,0.363636364,0,0,-9,0.163636364,0,-5
2021-22,2021/11/27,Liverpool,Southampton,Home,4,0,20,7,6,3,5,7,0,0,3,0.3,0.2,0.666666667,13,-0.128571429,0.666666667,-2
2021-22,2021/11/27,Newcastle,Arsenal,Away,0,2,9,24,5,6,4,4,3,0,0,0.555555556,0,0,-15,0.305555556,-0.333333333,0
2021-22,2021/11/27,Norwich,Wolves,Home,0,0,14,5,4,2,4,3,2,0,1,0.285714286,0,0,9,-0.114285714,0,1
2021-22,2021/11/27,Southampton,Liverpool,Away,0,4,7,20,3,6,7,5,1,0,0,0.428571429,0,0,-13,0.128571429,-0.666666667,2
2021-22,2021/11/27,Wolves,Norwich,Away,0,0,5,14,2,4,3,4,2,0,1,0.4,0,0,-9,0.114285714,0,-1
2021-22,2021/11/28,Brentford,Everton,Home,1,0,6,14,4,5,3,3,4,0,3,0.666666667,0.166666667,0.25,-8,0.30952381,0.25,0
2021-22,2021/11/28,Chelsea,Man United,Home,1,1,24,3,6,2,15,2,2,0,1,0.25,0.041666667,0.166666667,21,-0.416666667,-0.333333333,13
2021-22,2021/11/28,Everton,Brentford,Away,0,1,14,6,5,4,3,3,3,0,0,0.357142857,0,0,8,-0.30952381,-0.25,0
2021-22,2021/11/28,Leicester,Watford,Home,4,2,18,16,8,5,8,6,0,0,3,0.444444444,0.222222222,0.5,2,0.131944444,0.1,2
2021-22,2021/11/28,Man City,West Ham,Home,2,1,19,5,9,3,8,4,2,0,3,0.473684211,0.105263158,0.222222222,14,-0.126315789,-0.111111111,4
2021-22,2021/11/28,Man United,Chelsea,Away,1,1,3,24,2,6,2,15,5,0,1,0.666666667,0.333333333,0.5,-21,0.416666667,0.333333333,-13
2021-22,2021/11/28,Watford,Leicester,Away,2,4,16,18,5,8,6,8,0,0,0,0.3125,0.125,0.4,-2,-0.131944444,-0.1,-2
2021-22,2021/11/28,West Ham,Man City,Away,1,2,5,19,3,9,4,8,0,0,0,0.6,0.2,0.333333333,-14,0.126315789,0.111111111,-4
2021-22,2021/11/30,Crystal Palace,Leeds,Away,0,1,9,15,1,3,4,7,3,0,0,0.111111111,0,0,-6,-0.088888889,-0.333333333,-3
2021-22,2021/11/30,Leeds,Crystal Palace,Home,1,0,15,9,3,1,7,4,5,0,3,0.2,0.066666667,0.333333333,6,0.088888889,0.333333333,3
2021-22,2021/11/30,Newcastle,Norwich,Home,1,1,9,16,1,6,2,5,0,0,1,0.111111111,0.111111111,1,-7,-0.263888889,0.833333333,-3
2021-22,2021/11/30,Norwich,Newcastle,Away,1,1,16,9,6,1,5,2,0,1,1,0.375,0.0625,0.166666667,7,0.263888889,-0.833333333,3
2021-22,2021/12/1,Aston Villa,Man City,Home,1,2,9,17,3,7,4,11,0,0,0,0.333333333,0.111111111,0.333333333,-8,-0.078431373,0.047619048,-7
2021-22,2021/12/1,Brighton,West Ham,Away,1,1,9,14,3,6,5,9,1,0,1,0.333333333,0.111111111,0.333333333,-5,-0.095238095,0.166666667,-4
2021-22,2021/12/1,Burnley,Wolves,Away,0,0,6,16,1,2,5,5,3,0,1,0.166666667,0,0,-10,0.041666667,0,0
2021-22,2021/12/1,Chelsea,Watford,Away,2,1,8,13,4,6,0,6,3,0,3,0.5,0.25,0.5,-5,0.038461538,0.333333333,-6
2021-22,2021/12/1,Everton,Liverpool,Home,1,4,8,16,2,7,3,11,4,0,0,0.25,0.125,0.5,-8,-0.1875,-0.071428571,-8
2021-22,2021/12/1,Leicester,Southampton,Away,2,2,15,15,6,7,4,2,3,0,1,0.4,0.133333333,0.333333333,0,-0.066666667,0.047619048,2
2021-22,2021/12/1,Liverpool,Everton,Away,4,1,16,8,7,2,11,3,3,0,3,0.4375,0.25,0.571428571,8,0.1875,0.071428571,8
2021-22,2021/12/1,Man City,Aston Villa,Away,2,1,17,9,7,3,11,4,0,0,3,0.411764706,0.117647059,0.285714286,8,0.078431373,-0.047619048,7
2021-22,2021/12/1,Southampton,Leicester,Home,2,2,15,15,7,6,2,4,1,0,1,0.466666667,0.133333333,0.285714286,0,0.066666667,-0.047619048,-2
2021-22,2021/12/1,Watford,Chelsea,Home,1,2,13,8,6,4,6,0,4,0,0,0.461538462,0.076923077,0.166666667,5,-0.038461538,-0.333333333,6
2021-22,2021/12/1,West Ham,Brighton,Home,1,1,14,9,6,3,9,5,1,0,1,0.428571429,0.071428571,0.166666667,5,0.095238095,-0.166666667,4
2021-22,2021/12/1,Wolves,Burnley,Home,0,0,16,6,2,1,5,5,2,0,1,0.125,0,0,10,-0.041666667,0,0
2021-22,2021/12/2,Arsenal,Man United,Away,2,3,17,14,8,10,8,3,0,0,0,0.470588235,0.117647059,0.25,3,-0.243697479,-0.05,5
2021-22,2021/12/2,Brentford,Tottenham,Away,0,2,6,11,2,6,5,11,0,0,0,0.333333333,0,0,-5,-0.212121212,-0.333333333,-6
2021-22,2021/12/2,Man United,Arsenal,Home,3,2,14,17,10,8,3,8,1,0,3,0.714285714,0.214285714,0.3,-3,0.243697479,0.05,-5
2021-22,2021/12/2,Tottenham,Brentford,Home,2,0,11,6,6,2,11,5,0,0,3,0.545454545,0.181818182,0.333333333,5,0.212121212,0.333333333,6
2021-22,2021/12/4,Brighton,Southampton,Away,1,1,14,14,4,4,2,6,2,0,1,0.285714286,0.071428571,0.25,0,0,0,-4
2021-22,2021/12/4,Burnley,Newcastle,Away,0,1,10,19,1,4,3,10,1,0,0,0.1,0,0,-9,-0.110526316,-0.25,-7
2021-22,2021/12/4,Chelsea,West Ham,Away,2,3,19,11,7,5,9,1,3,0,0,0.368421053,0.105263158,0.285714286,8,-0.086124402,-0.314285714,8
2021-22,2021/12/4,Liverpool,Wolves,Away,1,0,17,3,5,1,8,2,2,0,3,0.294117647,0.058823529,0.2,14,-0.039215686,0.2,6
2021-22,2021/12/4,Man City,Watford,Away,3,1,26,11,13,4,11,5,0,0,3,0.5,0.115384615,0.230769231,15,0.136363636,-0.019230769,6
2021-22,2021/12/4,Newcastle,Burnley,Home,1,0,19,10,4,1,10,3,1,0,3,0.210526316,0.052631579,0.25,9,0.110526316,0.25,7
2021-22,2021/12/4,Southampton,Brighton,Home,1,1,14,14,4,4,6,2,4,0,1,0.285714286,0.071428571,0.25,0,0,0,4
2021-22,2021/12/4,Watford,Man City,Home,1,3,11,26,4,13,5,11,3,0,0,0.363636364,0.090909091,0.25,-15,-0.136363636,0.019230769,-6
2021-22,2021/12/4,West Ham,Chelsea,Home,3,2,11,19,5,7,1,9,1,0,3,0.454545455,0.272727273,0.6,-8,0.086124402,0.314285714,-8
2021-22,2021/12/4,Wolves,Liverpool,Home,0,1,3,17,1,5,2,8,2,0,0,0.333333333,0,0,-14,0.039215686,-0.2,-6
2021-22,2021/12/5,Aston Villa,Leicester,Home,2,1,13,12,4,5,3,6,1,0,3,0.307692308,0.153846154,0.5,1,-0.108974359,0.3,-3
2021-22,2021/12/5,Brentford,Leeds,Away,2,2,9,13,3,6,1,5,3,0,1,0.333333333,0.222222222,0.666666667,-4,-0.128205128,0.333333333,-4
2021-22,2021/12/5,Crystal Palace,Man United,Away,0,1,8,16,2,3,6,9,2,0,0,0.25,0,0,-8,0.0625,-0.333333333,-3
2021-22,2021/12/5,Leeds,Brentford,Home,2,2,13,9,6,3,5,1,5,0,1,0.461538462,0.153846154,0.333333333,4,0.128205128,-0.333333333,4
2021-22,2021/12/5,Leicester,Aston Villa,Away,1,2,12,13,5,4,6,3,1,0,0,0.416666667,0.083333333,0.2,-1,0.108974359,-0.3,3
2021-22,2021/12/5,Man United,Crystal Palace,Home,1,0,16,8,3,2,9,6,2,0,3,0.1875,0.0625,0.333333333,8,-0.0625,0.333333333,3
2021-22,2021/12/5,Norwich,Tottenham,Away,0,3,10,17,1,7,4,6,2,0,0,0.1,0,0,-7,-0.311764706,-0.428571429,-2
2021-22,2021/12/5,Tottenham,Norwich,Home,3,0,17,10,7,1,6,4,1,0,3,0.411764706,0.176470588,0.428571429,7,0.311764706,0.428571429,2
2021-22,2021/12/6,Arsenal,Everton,Away,1,2,10,11,3,5,3,3,2,0,0,0.3,0.1,0.333333333,-1,-0.154545455,-0.066666667,0
2021-22,2021/12/6,Everton,Arsenal,Home,2,1,11,10,5,3,3,3,2,0,3,0.454545455,0.181818182,0.4,1,0.154545455,0.066666667,0
2021-22,2021/12/10,Brentford,Watford,Home,2,1,14,6,5,2,8,2,4,0,3,0.357142857,0.142857143,0.4,8,0.023809524,-0.1,6
2021-22,2021/12/10,Watford,Brentford,Away,1,2,6,14,2,5,2,8,0,0,0,0.333333333,0.166666667,0.5,-8,-0.023809524,0.1,-6
2021-22,2021/12/11,Arsenal,Southampton,Home,3,0,15,11,5,6,9,8,2,0,3,0.333333333,0.2,0.6,4,-0.212121212,0.6,1
2021-22,2021/12/11,Aston Villa,Liverpool,Away,0,1,4,20,0,5,3,11,2,0,0,0,0,0,-16,-0.25,-0.2,-8
2021-22,2021/12/11,Chelsea,Leeds,Home,3,2,16,12,6,5,5,2,2,0,3,0.375,0.1875,0.5,4,-0.041666667,0.1,3
2021-22,2021/12/11,Leeds,Chelsea,Away,2,3,12,16,5,6,2,5,5,0,0,0.416666667,0.166666667,0.4,-4,0.041666667,-0.1,-3
2021-22,2021/12/11,Liverpool,Aston Villa,Home,1,0,20,4,5,0,11,3,1,0,3,0.25,0.05,0.2,16,0.25,0.2,8
2021-22,2021/12/11,Man City,Wolves,Home,1,0,24,2,10,1,14,1,3,0,3,0.416666667,0.041666667,0.1,22,-0.083333333,0.1,13
2021-22,2021/12/11,Man United,Norwich,Away,1,0,13,11,5,5,6,8,1,0,3,0.384615385,0.076923077,0.2,2,-0.06993007,0.2,-2
2021-22,2021/12/11,Norwich,Man United,Home,0,1,11,13,5,5,8,6,1,0,0,0.454545455,0,0,-2,0.06993007,-0.2,2
2021-22,2021/12/11,Southampton,Arsenal,Away,0,3,11,15,6,5,8,9,0,0,0,0.545454545,0,0,-4,0.212121212,-0.6,-1
2021-22,2021/12/11,Wolves,Man City,Away,0,1,2,24,1,10,1,14,2,1,0,0.5,0,0,-22,0.083333333,-0.1,-13
2021-22,2021/12/12,Burnley,West Ham,Home,0,0,9,16,1,3,6,4,2,0,1,0.111111111,0,0,-7,-0.076388889,0,2
2021-22,2021/12/12,Crystal Palace,Everton,Home,3,1,17,12,6,6,8,2,0,0,3,0.352941176,0.176470588,0.5,5,-0.147058824,0.333333333,6
2021-22,2021/12/12,Everton,Crystal Palace,Away,1,3,12,17,6,6,2,8,2,0,0,0.5,0.083333333,0.166666667,-5,0.147058824,-0.333333333,-6
2021-22,2021/12/12,Leicester,Newcastle,Home,4,0,8,12,5,3,4,6,2,0,3,0.625,0.5,0.8,-4,0.375,0.8,-2
2021-22,2021/12/12,Newcastle,Leicester,Away,0,4,12,8,3,5,6,4,3,0,0,0.25,0,0,4,-0.375,-0.8,2
2021-22,2021/12/12,West Ham,Burnley,Away,0,0,16,9,3,1,4,6,1,0,1,0.1875,0,0,7,0.076388889,0,-2
2021-22,2021/12/14,Aston Villa,Norwich,Away,2,0,17,7,6,3,10,7,1,0,3,0.352941176,0.117647059,0.333333333,10,-0.075630252,0.333333333,3
2021-22,2021/12/14,Leeds,Man City,Away,0,7,6,31,3,15,2,6,1,0,0,0.5,0,0,-25,0.016129032,-0.466666667,-4
2021-22,2021/12/14,Man City,Leeds,Home,7,0,31,6,15,3,6,2,1,0,3,0.483870968,0.225806452,0.466666667,25,-0.016129032,0.466666667,4
2021-22,2021/12/14,Norwich,Aston Villa,Home,0,2,7,17,3,6,7,10,3,0,0,0.428571429,0,0,-10,0.075630252,-0.333333333,-3
2021-22,2021/12/15,Arsenal,West Ham,Home,2,0,21,7,8,1,5,2,2,0,3,0.380952381,0.095238095,0.25,14,0.238095238,0.25,3
2021-22,2021/12/15,Brighton,Wolves,Home,0,1,12,8,2,5,7,4,2,0,0,0.166666667,0,0,4,-0.458333333,-0.2,3
2021-22,2021/12/15,Crystal Palace,Southampton,Home,2,2,9,15,6,4,4,6,2,0,1,0.666666667,0.222222222,0.333333333,-6,0.4,-0.166666667,-2
2021-22,2021/12/15,Southampton,Crystal Palace,Away,2,2,15,9,4,6,6,4,4,0,1,0.266666667,0.133333333,0.5,6,-0.4,0.166666667,2
2021-22,2021/12/15,West Ham,Arsenal,Away,0,2,7,21,1,8,2,5,0,1,0,0.142857143,0,0,-14,-0.238095238,-0.25,-3
2021-22,2021/12/15,Wolves,Brighton,Away,1,0,8,12,5,2,4,7,0,0,3,0.625,0.125,0.2,-4,0.458333333,0.2,-3
2021-22,2021/12/16,Chelsea,Everton,Home,1,1,23,5,10,3,7,1,2,0,1,0.434782609,0.043478261,0.1,18,-0.165217391,-0.233333333,6
2021-22,2021/12/16,Everton,Chelsea,Away,1,1,5,23,3,10,1,7,3,0,1,0.6,0.2,0.333333333,-18,0.165217391,0.233333333,-6
2021-22,2021/12/16,Liverpool,Newcastle,Home,3,1,23,4,8,2,11,0,1,0,3,0.347826087,0.130434783,0.375,19,-0.152173913,-0.125,11
2021-22,2021/12/16,Newcastle,Liverpool,Away,1,3,4,23,2,8,0,11,3,0,0,0.5,0.25,0.5,-19,0.152173913,0.125,-11
2021-22,2021/12/18,Arsenal,Leeds,Away,4,1,21,9,12,2,4,1,1,0,3,0.571428571,0.19047619,0.333333333,12,0.349206349,-0.166666667,3
2021-22,2021/12/18,Leeds,Arsenal,Home,1,4,9,21,2,12,1,4,3,0,0,0.222222222,0.111111111,0.5,-12,-0.349206349,0.166666667,-3
2021-22,2021/12/19,Chelsea,Wolves,Away,0,0,8,4,1,1,9,4,2,0,1,0.125,0,0,4,-0.125,0,5
2021-22,2021/12/19,Liverpool,Tottenham,Away,2,2,18,10,6,5,4,6,4,1,1,0.333333333,0.111111111,0.333333333,8,-0.166666667,-0.066666667,-2
2021-22,2021/12/19,Man City,Newcastle,Away,4,0,18,5,7,1,6,3,2,0,3,0.388888889,0.222222222,0.571428571,13,0.188888889,0.571428571,3
2021-22,2021/12/19,Newcastle,Man City,Home,0,4,5,18,1,7,3,6,1,0,0,0.2,0,0,-13,-0.188888889,-0.571428571,-3
2021-22,2021/12/19,Tottenham,Liverpool,Home,2,2,10,18,5,6,6,4,4,0,1,0.5,0.2,0.4,-8,0.166666667,0.066666667,2
2021-22,2021/12/19,Wolves,Chelsea,Home,0,0,4,8,1,1,4,9,0,0,1,0.25,0,0,-4,0.125,0,-5
2021-22,2021/12/26,Arsenal,Norwich,Away,5,0,16,4,6,2,5,3,2,0,3,0.375,0.3125,0.833333333,12,-0.125,0.833333333,2
2021-22,2021/12/26,Aston Villa,Chelsea,Home,1,3,8,10,1,4,2,5,3,0,0,0.125,0.125,1,-2,-0.275,0.25,-3
2021-22,2021/12/26,Brentford,Brighton,Away,0,2,16,15,6,5,9,6,3,0,0,0.375,0,0,1,0.041666667,-0.4,3
2021-22,2021/12/26,Brighton,Brentford,Home,2,0,15,16,5,6,6,9,1,0,3,0.333333333,0.133333333,0.4,-1,-0.041666667,0.4,-3
2021-22,2021/12/26,Chelsea,Aston Villa,Away,3,1,10,8,4,1,5,2,1,0,3,0.4,0.3,0.75,2,0.275,-0.25,3
2021-22,2021/12/26,Crystal Palace,Tottenham,Away,0,3,4,17,0,6,2,4,1,1,0,0,0,0,-13,-0.352941176,-0.5,-2
2021-22,2021/12/26,Leicester,Man City,Away,3,6,14,17,8,9,4,14,2,0,0,0.571428571,0.214285714,0.375,-3,0.042016807,-0.291666667,-10
2021-22,2021/12/26,Man City,Leicester,Home,6,3,17,14,9,8,14,4,1,0,3,0.529411765,0.352941176,0.666666667,3,-0.042016807,0.291666667,10
2021-22,2021/12/26,Norwich,Arsenal,Home,0,5,4,16,2,6,3,5,1,0,0,0.5,0,0,-12,0.125,-0.833333333,-2
2021-22,2021/12/26,Southampton,West Ham,Away,3,2,11,11,6,5,2,10,3,0,3,0.545454545,0.272727273,0.5,0,0.090909091,0.1,-8
2021-22,2021/12/26,Tottenham,Crystal Palace,Home,3,0,17,4,6,0,4,2,1,0,3,0.352941176,0.176470588,0.5,13,0.352941176,0.5,2
2021-22,2021/12/26,West Ham,Southampton,Home,2,3,11,11,5,6,10,2,2,0,0,0.454545455,0.181818182,0.4,0,-0.090909091,-0.1,8
2021-22,2021/12/27,Man United,Newcastle,Away,1,1,13,13,4,8,4,2,3,0,1,0.307692308,0.076923077,0.25,0,-0.307692308,0.125,2
2021-22,2021/12/27,Newcastle,Man United,Home,1,1,13,13,8,4,2,4,3,0,1,0.615384615,0.076923077,0.125,0,0.307692308,-0.125,-2
2021-22,2021/12/28,Crystal Palace,Norwich,Home,3,0,19,12,6,3,8,8,1,0,3,0.315789474,0.157894737,0.5,7,0.065789474,0.5,0
2021-22,2021/12/28,Leicester,Liverpool,Home,1,0,6,21,1,4,1,12,0,0,3,0.166666667,0.166666667,1,-15,-0.023809524,1,-11
2021-22,2021/12/28,Liverpool,Leicester,Away,0,1,21,6,4,1,12,1,1,0,0,0.19047619,0,0,15,0.023809524,-1,11
2021-22,2021/12/28,Norwich,Crystal Palace,Away,0,3,12,19,3,6,8,8,2,0,0,0.25,0,0,-7,-0.065789474,-0.5,0
2021-22,2021/12/28,Southampton,Tottenham,Home,1,1,9,21,2,11,3,7,2,1,1,0.222222222,0.111111111,0.5,-12,-0.301587302,0.409090909,-4
2021-22,2021/12/28,Tottenham,Southampton,Away,1,1,21,9,11,2,7,3,2,0,1,0.523809524,0.047619048,0.090909091,12,0.301587302,-0.409090909,4
2021-22,2021/12/28,Watford,West Ham,Home,1,4,14,13,5,6,4,5,0,0,0,0.357142857,0.071428571,0.2,1,-0.104395604,-0.466666667,-1
2021-22,2021/12/28,West Ham,Watford,Away,4,1,13,14,6,5,5,4,1,0,3,0.461538462,0.307692308,0.666666667,-1,0.104395604,0.466666667,1
2021-22,2021/12/29,Brentford,Man City,Home,0,1,6,12,2,3,3,5,0,0,0,0.333333333,0,0,-6,0.083333333,-0.333333333,-2
2021-22,2021/12/29,Brighton,Chelsea,Away,1,1,18,11,6,5,8,10,1,0,1,0.333333333,0.055555556,0.166666667,7,-0.121212121,-0.033333333,-2
2021-22,2021/12/29,Chelsea,Brighton,Home,1,1,11,18,5,6,10,8,4,0,1,0.454545455,0.090909091,0.2,-7,0.121212121,0.033333333,2
2021-22,2021/12/29,Man City,Brentford,Away,1,0,12,6,3,2,5,3,0,0,3,0.25,0.083333333,0.333333333,6,-0.083333333,0.333333333,2
2021-22,2021/12/30,Burnley,Man United,Away,1,3,10,18,3,6,5,7,0,0,0,0.3,0.1,0.333333333,-8,-0.033333333,-0.166666667,-2
2021-22,2021/12/30,Man United,Burnley,Home,3,1,18,10,6,3,7,5,0,0,3,0.333333333,0.166666667,0.5,8,0.033333333,0.166666667,2
2021-22,2022/1/1,Arsenal,Man City,Home,1,2,7,15,2,2,5,5,3,1,0,0.285714286,0.142857143,0.5,-8,0.152380952,-0.5,0
2021-22,2022/1/1,Crystal Palace,West Ham,Home,2,3,22,10,6,5,9,1,0,0,0,0.272727273,0.090909091,0.333333333,12,-0.227272727,-0.266666667,8
2021-22,2022/1/1,Man City,Arsenal,Away,2,1,15,7,2,2,5,5,2,0,3,0.133333333,0.133333333,1,8,-0.152380952,0.5,0
2021-22,2022/1/1,Tottenham,Watford,Away,1,0,21,6,9,4,7,3,1,0,3,0.428571429,0.047619048,0.111111111,15,-0.238095238,0.111111111,4
2021-22,2022/1/1,Watford,Tottenham,Home,0,1,6,21,4,9,3,7,0,0,0,0.666666667,0,0,-15,0.238095238,-0.111111111,-4
2021-22,2022/1/1,West Ham,Crystal Palace,Away,3,2,10,22,5,6,1,9,2,0,3,0.5,0.3,0.6,-12,0.227272727,0.266666667,-8
2021-22,2022/1/2,Aston Villa,Brentford,Away,1,2,16,10,5,4,7,3,2,0,0,0.3125,0.0625,0.2,6,-0.0875,-0.3,4
2021-22,2022/1/2,Brentford,Aston Villa,Home,2,1,10,16,4,5,3,7,2,0,3,0.4,0.2,0.5,-6,0.0875,0.3,-4
2021-22,2022/1/2,Brighton,Everton,Away,3,2,12,17,5,6,5,8,1,0,3,0.416666667,0.25,0.6,-5,0.06372549,0.266666667,-3
2021-22,2022/1/2,Burnley,Leeds,Away,1,3,8,22,2,7,3,9,1,0,0,0.25,0.125,0.5,-14,-0.068181818,0.071428571,-6
2021-22,2022/1/2,Chelsea,Liverpool,Home,2,2,15,10,6,6,6,7,1,0,1,0.4,0.133333333,0.333333333,5,-0.2,0,-1
2021-22,2022/1/2,Everton,Brighton,Home,2,3,17,12,6,5,8,5,1,0,0,0.352941176,0.117647059,0.333333333,5,-0.06372549,-0.266666667,3
2021-22,2022/1/2,Leeds,Burnley,Home,3,1,22,8,7,2,9,3,2,0,3,0.318181818,0.136363636,0.428571429,14,0.068181818,-0.071428571,6
2021-22,2022/1/2,Liverpool,Chelsea,Away,2,2,10,15,6,6,7,6,2,0,1,0.6,0.2,0.333333333,-5,0.2,0,1
2021-22,2022/1/3,Man United,Wolves,Home,0,1,9,19,2,6,3,8,3,0,0,0.222222222,0,0,-10,-0.093567251,-0.166666667,-5
2021-22,2022/1/3,Wolves,Man United,Away,1,0,19,9,6,2,8,3,1,0,3,0.315789474,0.052631579,0.166666667,10,0.093567251,0.166666667,5
2021-22,2022/1/11,Brentford,Southampton,Away,1,4,5,12,4,6,2,5,1,0,0,0.8,0.2,0.25,-7,0.3,-0.416666667,-3
2021-22,2022/1/11,Southampton,Brentford,Home,4,1,12,5,6,4,5,2,0,0,3,0.5,0.333333333,0.666666667,7,-0.3,0.416666667,3
2021-22,2022/1/12,Norwich,West Ham,Away,0,2,7,13,3,5,2,11,0,0,0,0.428571429,0,0,-6,0.043956044,-0.4,-9
2021-22,2022/1/12,West Ham,Norwich,Home,2,0,13,7,5,3,11,2,0,0,3,0.384615385,0.153846154,0.4,6,-0.043956044,0.4,9
2021-22,2022/1/14,Brighton,Crystal Palace,Home,1,1,19,3,4,1,9,0,0,0,1,0.210526316,0.052631579,0.25,16,-0.122807018,-0.75,9
2021-22,2022/1/14,Crystal Palace,Brighton,Away,1,1,3,19,1,4,0,9,2,0,1,0.333333333,0.333333333,1,-16,0.122807018,0.75,-9
2021-22,2022/1/15,Aston Villa,Man United,Home,2,2,13,13,9,6,3,6,1,0,1,0.692307692,0.153846154,0.222222222,0,0.230769231,-0.111111111,-3
2021-22,2022/1/15,Chelsea,Man City,Away,0,1,4,11,1,6,1,9,2,0,0,0.25,0,0,-7,-0.295454545,-0.166666667,-8
2021-22,2022/1/15,Everton,Norwich,Away,1,2,12,14,5,3,8,8,1,0,0,0.416666667,0.083333333,0.2,-2,0.202380952,-0.466666667,0
2021-22,2022/1/15,Man City,Chelsea,Home,1,0,11,4,6,1,9,1,0,0,3,0.545454545,0.090909091,0.166666667,7,0.295454545,0.166666667,8
2021-22,2022/1/15,Man United,Aston Villa,Away,2,2,13,13,6,9,6,3,2,0,1,0.461538462,0.153846154,0.333333333,0,-0.230769231,0.111111111,3
2021-22,2022/1/15,Newcastle,Watford,Home,1,1,12,18,1,5,4,6,3,0,1,0.083333333,0.083333333,1,-6,-0.194444444,0.8,-2
2021-22,2022/1/15,Norwich,Everton,Home,2,1,14,12,3,5,8,8,3,0,3,0.214285714,0.142857143,0.666666667,2,-0.202380952,0.466666667,0
2021-22,2022/1/15,Southampton,Wolves,Away,1,3,13,9,10,5,10,2,3,0,0,0.769230769,0.076923077,0.1,4,0.213675214,-0.5,8
2021-22,2022/1/15,Watford,Newcastle,Away,1,1,18,12,5,1,6,4,2,0,1,0.277777778,0.055555556,0.2,6,0.194444444,-0.8,2
2021-22,2022/1/15,Wolves,Southampton,Home,3,1,9,13,5,10,2,10,2,0,3,0.555555556,0.333333333,0.6,-4,-0.213675214,0.5,-8
2021-22,2022/1/16,Brentford,Liverpool,Away,0,3,6,27,1,13,0,9,1,0,0,0.166666667,0,0,-21,-0.314814815,-0.230769231,-9
2021-22,2022/1/16,Leeds,West Ham,Away,3,2,18,15,5,5,3,4,2,0,3,0.277777778,0.166666667,0.6,3,-0.055555556,0.2,-1
2021-22,2022/1/16,Liverpool,Brentford,Home,3,0,27,6,13,1,9,0,0,0,3,0.481481481,0.111111111,0.230769231,21,0.314814815,0.230769231,9
2021-22,2022/1/16,West Ham,Leeds,Home,2,3,15,18,5,5,4,3,3,0,0,0.333333333,0.133333333,0.4,-3,0.055555556,-0.2,1
2021-22,2022/1/18,Brighton,Chelsea,Home,1,1,10,15,2,3,5,7,1,0,1,0.2,0.1,0.5,-5,0,0.166666667,-2
2021-22,2022/1/18,Chelsea,Brighton,Away,1,1,15,10,3,2,7,5,2,0,1,0.2,0.066666667,0.333333333,5,0,-0.166666667,2
2021-22,2022/1/19,Brentford,Man United,Home,1,3,18,13,8,5,6,9,0,0,0,0.444444444,0.055555556,0.125,5,0.05982906,-0.475,-3
2021-22,2022/1/19,Leicester,Tottenham,Home,2,3,14,27,4,10,3,8,1,0,0,0.285714286,0.142857143,0.5,-13,-0.084656085,0.2,-5
2021-22,2022/1/19,Man United,Brentford,Away,3,1,13,18,5,8,9,6,0,0,3,0.384615385,0.230769231,0.6,-5,-0.05982906,0.475,3
2021-22,2022/1/19,Tottenham,Leicester,Away,3,2,27,14,10,4,8,3,2,0,3,0.37037037,0.111111111,0.3,13,0.084656085,-0.2,5
2021-22,2022/1/21,Norwich,Watford,Away,3,0,7,15,2,4,1,5,1,0,3,0.285714286,0.428571429,1.5,-8,0.019047619,1.5,-4
2021-22,2022/1/21,Watford,Norwich,Home,0,3,15,7,4,2,5,1,0,1,0,0.266666667,0,0,8,-0.019047619,-1.5,4
2021-22,2022/1/22,Aston Villa,Everton,Away,1,0,8,15,3,1,2,9,3,0,3,0.375,0.125,0.333333333,-7,0.308333333,0.333333333,-7
2021-22,2022/1/22,Brentford,Wolves,Home,1,2,11,7,1,2,6,3,2,0,0,0.090909091,0.090909091,1,4,-0.194805195,0,3
2021-22,2022/1/22,Everton,Aston Villa,Home,0,1,15,8,1,3,9,2,5,0,0,0.066666667,0,0,7,-0.308333333,-0.333333333,7
2021-22,2022/1/22,Leeds,Newcastle,Home,0,1,13,15,4,3,6,7,4,0,0,0.307692308,0,0,-2,0.107692308,-0.333333333,-1
2021-22,2022/1/22,Man City,Southampton,Away,1,1,20,7,5,3,11,2,0,0,1,0.25,0.05,0.2,13,-0.178571429,-0.133333333,9
2021-22,2022/1/22,Man United,West Ham,Home,1,0,18,6,3,1,3,3,1,0,3,0.166666667,0.055555556,0.333333333,12,0,0.333333333,0
2021-22,2022/1/22,Newcastle,Leeds,Away,1,0,15,13,3,4,7,6,2,0,3,0.2,0.066666667,0.333333333,2,-0.107692308,0.333333333,1
2021-22,2022/1/22,Southampton,Man City,Home,1,1,7,20,3,5,2,11,3,0,1,0.428571429,0.142857143,0.333333333,-13,0.178571429,0.133333333,-9
2021-22,2022/1/22,West Ham,Man United,Away,0,1,6,18,1,3,3,3,1,0,0,0.166666667,0,0,-12,0,-0.333333333,0
2021-22,2022/1/22,Wolves,Brentford,Away,2,1,7,11,2,1,3,6,3,0,3,0.285714286,0.285714286,1,-4,0.194805195,0,-3
2021-22,2022/1/23,Arsenal,Burnley,Home,0,0,20,10,5,1,12,4,0,0,1,0.25,0,0,10,0.15,0,8
2021-22,2022/1/23,Brighton,Leicester,Away,1,1,14,15,5,5,5,4,1,0,1,0.357142857,0.071428571,0.2,-1,0.023809524,0,1
2021-22,2022/1/23,Burnley,Arsenal,Away,0,0,10,20,1,5,4,12,2,0,1,0.1,0,0,-10,-0.15,0,-8
2021-22,2022/1/23,Chelsea,Tottenham,Home,2,0,15,6,7,3,10,3,2,0,3,0.466666667,0.133333333,0.285714286,9,-0.033333333,0.285714286,7
2021-22,2022/1/23,Crystal Palace,Liverpool,Home,1,3,8,15,5,7,2,5,4,0,0,0.625,0.125,0.2,-7,0.158333333,-0.228571429,-3
2021-22,2022/1/23,Leicester,Brighton,Home,1,1,15,14,5,5,4,5,0,0,1,0.333333333,0.066666667,0.2,1,-0.023809524,0,-1
2021-22,2022/1/23,Liverpool,Crystal Palace,Away,3,1,15,8,7,5,5,2,1,0,3,0.466666667,0.2,0.428571429,7,-0.158333333,0.228571429,3
2021-22,2022/1/23,Tottenham,Chelsea,Away,0,2,6,15,3,7,3,10,1,0,0,0.5,0,0,-9,0.033333333,-0.285714286,-7
2021-22,2022/2/5,Burnley,Watford,Home,0,0,13,11,2,5,4,7,1,0,1,0.153846154,0,0,2,-0.300699301,0,-3
2021-22,2022/2/5,Watford,Burnley,Away,0,0,11,13,5,2,7,4,2,0,1,0.454545455,0,0,-2,0.300699301,0,3
2021-22,2022/2/8,Burnley,Man United,Home,1,1,9,22,3,5,2,10,2,0,1,0.333333333,0.111111111,0.333333333,-13,0.106060606,0.133333333,-8
2021-22,2022/2/8,Everton,Newcastle,Away,1,3,11,20,3,9,2,6,3,0,0,0.272727273,0.090909091,0.333333333,-9,-0.177272727,0,-4
2021-22,2022/2/8,Man United,Burnley,Away,1,1,22,9,5,3,10,2,1,0,1,0.227272727,0.045454545,0.2,13,-0.106060606,-0.133333333,8
2021-22,2022/2/8,Newcastle,Everton,Home,3,1,20,11,9,3,6,2,2,0,3,0.45,0.15,0.333333333,9,0.177272727,0,4
2021-22,2022/2/8,Watford,West Ham,Away,0,1,6,9,1,3,6,5,0,0,0,0.166666667,0,0,-3,-0.166666667,-0.333333333,1
2021-22,2022/2/8,West Ham,Watford,Home,1,0,9,6,3,1,5,6,1,0,3,0.333333333,0.111111111,0.333333333,3,0.166666667,0.333333333,-1
2021-22,2022/2/9,Aston Villa,Leeds,Home,3,3,12,16,4,8,6,11,1,1,1,0.333333333,0.25,0.75,-4,-0.166666667,0.375,-5
2021-22,2022/2/9,Brentford,Man City,Away,0,2,6,15,2,7,3,9,0,0,0,0.333333333,0,0,-9,-0.133333333,-0.285714286,-6
2021-22,2022/2/9,Crystal Palace,Norwich,Away,1,1,13,5,5,1,6,4,2,0,1,0.384615385,0.076923077,0.2,8,0.184615385,-0.8,2
2021-22,2022/2/9,Leeds,Aston Villa,Away,3,3,16,12,8,4,11,6,3,0,1,0.5,0.1875,0.375,4,0.166666667,-0.375,5
2021-22,2022/2/9,Man City,Brentford,Home,2,0,15,6,7,2,9,3,0,0,3,0.466666667,0.133333333,0.285714286,9,0.133333333,0.285714286,6
2021-22,2022/2/9,Norwich,Crystal Palace,Home,1,1,5,13,1,5,4,6,1,0,1,0.2,0.2,1,-8,-0.184615385,0.8,-2
2021-22,2022/2/9,Southampton,Tottenham,Away,3,2,23,8,10,3,8,2,3,0,3,0.434782609,0.130434783,0.3,15,0.059782609,-0.366666667,6
2021-22,2022/2/9,Tottenham,Southampton,Home,2,3,8,23,3,10,2,8,2,0,0,0.375,0.25,0.666666667,-15,-0.059782609,0.366666667,-6
2021-22,2022/2/10,Arsenal,Wolves,Away,1,0,12,15,2,4,4,7,3,1,3,0.166666667,0.083333333,0.5,-3,-0.1,0.5,-3
2021-22,2022/2/10,Leicester,Liverpool,Away,0,2,5,22,1,11,6,7,0,0,0,0.2,0,0,-17,-0.3,-0.181818182,-1
2021-22,2022/2/10,Liverpool,Leicester,Home,2,0,22,5,11,1,7,6,1,0,3,0.5,0.090909091,0.181818182,17,0.3,0.181818182,1
2021-22,2022/2/10,Wolves,Arsenal,Home,0,1,15,12,4,2,7,4,2,0,0,0.266666667,0,0,3,0.1,-0.5,3
2021-22,2022/2/12,Brentford,Crystal Palace,Home,0,0,9,6,2,3,3,9,1,0,1,0.222222222,0,0,3,-0.277777778,0,-6
2021-22,2022/2/12,Brighton,Watford,Away,2,0,11,9,6,1,5,4,2,0,3,0.545454545,0.181818182,0.333333333,2,0.434343434,0.333333333,1
2021-22,2022/2/12,Crystal Palace,Brentford,Away,0,0,6,9,3,2,9,3,0,0,1,0.5,0,0,-3,0.277777778,0,6
2021-22,2022/2/12,Everton,Leeds,Home,3,0,21,7,10,0,5,3,1,0,3,0.476190476,0.142857143,0.3,14,0.476190476,0.3,2
2021-22,2022/2/12,Leeds,Everton,Away,0,3,7,21,0,10,3,5,1,0,0,0,0,0,-14,-0.476190476,-0.3,-2
2021-22,2022/2/12,Man City,Norwich,Away,4,0,22,8,9,3,12,4,2,0,3,0.409090909,0.181818182,0.444444444,14,0.034090909,0.444444444,8
2021-22,2022/2/12,Man United,Southampton,Home,1,1,12,13,8,4,1,4,4,0,1,0.666666667,0.083333333,0.125,-1,0.358974359,-0.125,-3
2021-22,2022/2/12,Norwich,Man City,Home,0,4,8,22,3,9,4,12,0,0,0,0.375,0,0,-14,-0.034090909,-0.444444444,-8
2021-22,2022/2/12,Southampton,Man United,Away,1,1,13,12,4,8,4,1,0,0,1,0.307692308,0.076923077,0.25,1,-0.358974359,0.125,3
2021-22,2022/2/12,Watford,Brighton,Home,0,2,9,11,1,6,4,5,3,0,0,0.111111111,0,0,-2,-0.434343434,-0.333333333,-1
2021-22,2022/2/13,Aston Villa,Newcastle,Away,0,1,11,10,1,2,6,3,4,0,0,0.090909091,0,0,1,-0.109090909,-0.5,3
2021-22,2022/2/13,Burnley,Liverpool,Home,0,1,8,12,5,4,5,8,0,0,0,0.625,0,0,-4,0.291666667,-0.25,-3
2021-22,2022/2/13,Leicester,West Ham,Home,2,2,13,8,2,3,5,4,1,0,1,0.153846154,0.153846154,1,5,-0.221153846,0.333333333,1
2021-22,2022/2/13,Liverpool,Burnley,Away,1,0,12,8,4,5,8,5,1,0,3,0.333333333,0.083333333,0.25,4,-0.291666667,0.25,3
2021-22,2022/2/13,Newcastle,Aston Villa,Home,1,0,10,11,2,1,3,6,3,0,3,0.2,0.1,0.5,-1,0.109090909,0.5,-3
2021-22,2022/2/13,Tottenham,Wolves,Home,0,2,17,11,7,7,7,3,3,0,0,0.411764706,0,0,6,-0.22459893,-0.285714286,4
2021-22,2022/2/13,West Ham,Leicester,Away,2,2,8,13,3,2,4,5,2,0,1,0.375,0.25,0.666666667,-5,0.221153846,-0.333333333,-1
2021-22,2022/2/13,Wolves,Tottenham,Away,2,0,11,17,7,7,3,7,1,0,3,0.636363636,0.181818182,0.285714286,-6,0.22459893,0.285714286,-4
2021-22,2022/2/15,Brighton,Man United,Away,0,2,10,19,3,7,2,10,1,1,0,0.3,0,0,-9,-0.068421053,-0.285714286,-8
2021-22,2022/2/15,Man United,Brighton,Home,2,0,19,10,7,3,10,2,3,0,3,0.368421053,0.105263158,0.285714286,9,0.068421053,0.285714286,8
2021-22,2022/2/19,Arsenal,Brentford,Home,2,1,24,6,8,2,14,0,1,0,3,0.333333333,0.083333333,0.25,18,0,-0.25,14
2021-22,2022/2/19,Aston Villa,Watford,Home,0,1,20,8,1,4,10,5,1,0,0,0.05,0,0,12,-0.45,-0.25,5
2021-22,2022/2/19,Brentford,Arsenal,Away,1,2,6,24,2,8,0,14,1,0,0,0.333333333,0.166666667,0.5,-18,0,0.25,-14
2021-22,2022/2/19,Brighton,Burnley,Home,0,3,11,10,1,4,4,4,1,0,0,0.090909091,0,0,1,-0.309090909,-0.75,0
2021-22,2022/2/19,Burnley,Brighton,Away,3,0,10,11,4,1,4,4,4,0,3,0.4,0.3,0.75,-1,0.309090909,0.75,0
2021-22,2022/2/19,Chelsea,Crystal Palace,Away,1,0,9,7,3,0,4,4,3,0,3,0.333333333,0.111111111,0.333333333,2,0.333333333,0.333333333,0
2021-22,2022/2/19,Crystal Palace,Chelsea,Home,0,1,7,9,0,3,4,4,1,0,0,0,0,0,-2,-0.333333333,-0.333333333,0
2021-22,2022/2/19,Everton,Southampton,Away,0,2,9,19,0,11,4,4,2,0,0,0,0,0,-10,-0.578947368,-0.181818182,0
2021-22,2022/2/19,Liverpool,Norwich,Home,3,1,29,6,8,1,9,4,0,0,3,0.275862069,0.103448276,0.375,23,0.109195402,-0.625,5
2021-22,2022/2/19,Man City,Tottenham,Home,2,3,21,6,4,5,10,0,0,0,0,0.19047619,0.095238095,0.5,15,-0.642857143,-0.1,10
2021-22,2022/2/19,Newcastle,West Ham,Away,1,1,14,11,3,3,7,3,3,0,1,0.214285714,0.071428571,0.333333333,3,-0.058441558,0,4
2021-22,2022/2/19,Norwich,Liverpool,Away,1,3,6,29,1,8,4,9,1,0,0,0.166666667,0.166666667,1,-23,-0.109195402,0.625,-5
2021-22,2022/2/19,Southampton,Everton,Home,2,0,19,9,11,0,4,4,0,0,3,0.578947368,0.105263158,0.181818182,10,0.578947368,0.181818182,0
2021-22,2022/2/19,Tottenham,Man City,Away,3,2,6,21,5,4,0,10,3,0,3,0.833333333,0.5,0.6,-15,0.642857143,0.1,-10
2021-22,2022/2/19,Watford,Aston Villa,Away,1,0,8,20,4,1,5,10,2,0,3,0.5,0.125,0.25,-12,0.45,0.25,-5
2021-22,2022/2/19,West Ham,Newcastle,Home,1,1,11,14,3,3,3,7,3,0,1,0.272727273,0.090909091,0.333333333,-3,0.058441558,0,-4
2021-22,2022/2/20,Leeds,Man United,Home,2,4,16,15,6,9,3,3,6,0,0,0.375,0.125,0.333333333,1,-0.225,-0.111111111,0
2021-22,2022/2/20,Leicester,Wolves,Away,1,2,17,11,7,3,10,7,4,0,0,0.411764706,0.058823529,0.142857143,6,0.139037433,-0.523809524,3
2021-22,2022/2/20,Man United,Leeds,Away,4,2,15,16,9,6,3,3,3,0,3,0.6,0.266666667,0.444444444,-1,0.225,0.111111111,0
2021-22,2022/2/20,Wolves,Leicester,Home,2,1,11,17,3,7,7,10,4,0,3,0.272727273,0.181818182,0.666666667,-6,-0.139037433,0.523809524,-3
2021-22,2022/2/23,Burnley,Tottenham,Home,1,0,15,12,4,2,3,7,0,0,3,0.266666667,0.066666667,0.25,3,0.1,0.25,-4
2021-22,2022/2/23,Crystal Palace,Watford,Away,4,1,7,8,5,1,4,6,1,0,3,0.714285714,0.571428571,0.8,-1,0.589285714,-0.2,-2
2021-22,2022/2/23,Leeds,Liverpool,Away,0,6,3,23,2,15,0,4,3,0,0,0.666666667,0,0,-20,0.014492754,-0.4,-4
2021-22,2022/2/23,Liverpool,Leeds,Home,6,0,23,3,15,2,4,0,0,0,3,0.652173913,0.260869565,0.4,20,-0.014492754,0.4,4
2021-22,2022/2/23,Tottenham,Burnley,Away,0,1,12,15,2,4,7,3,0,0,0,0.166666667,0,0,-3,-0.1,-0.25,4
2021-22,2022/2/23,Watford,Crystal Palace,Home,1,4,8,7,1,5,6,4,2,0,0,0.125,0.125,1,1,-0.589285714,0.2,2
2021-22,2022/2/24,Arsenal,Wolves,Home,2,1,26,6,5,2,5,4,1,0,3,0.192307692,0.076923077,0.4,20,-0.141025641,-0.1,1
2021-22,2022/2/24,Wolves,Arsenal,Away,1,2,6,26,2,5,4,5,1,0,0,0.333333333,0.166666667,0.5,-20,0.141025641,0.1,-1
2021-22,2022/2/25,Norwich,Southampton,Away,0,2,8,27,1,9,6,13,2,0,0,0.125,0,0,-19,-0.208333333,-0.222222222,-7
2021-22,2022/2/25,Southampton,Norwich,Home,2,0,27,8,9,1,13,6,1,0,3,0.333333333,0.074074074,0.222222222,19,0.208333333,0.222222222,7
2021-22,2022/2/26,Aston Villa,Brighton,Away,2,0,9,12,4,1,2,7,5,0,3,0.444444444,0.222222222,0.5,-3,0.361111111,0.5,-5
2021-22,2022/2/26,Brentford,Newcastle,Home,0,2,6,26,1,11,6,6,3,1,0,0.166666667,0,0,-20,-0.256410256,-0.181818182,0
2021-22,2022/2/26,Brighton,Aston Villa,Home,0,2,12,9,1,4,7,2,4,0,0,0.083333333,0,0,3,-0.361111111,-0.5,5
2021-22,2022/2/26,Burnley,Crystal Palace,Away,1,1,5,11,1,4,4,5,2,0,1,0.2,0.2,1,-6,-0.163636364,0.75,-1
2021-22,2022/2/26,Crystal Palace,Burnley,Home,1,1,11,5,4,1,5,4,0,0,1,0.363636364,0.090909091,0.25,6,0.163636364,-0.75,1
2021-22,2022/2/26,Everton,Man City,Home,0,1,6,13,2,8,3,4,3,0,0,0.333333333,0,0,-7,-0.282051282,-0.125,-1
2021-22,2022/2/26,Leeds,Tottenham,Home,0,4,19,15,3,11,3,6,4,0,0,0.157894737,0,0,4,-0.575438596,-0.363636364,-3
2021-22,2022/2/26,Man City,Everton,Away,1,0,13,6,8,2,4,3,2,0,3,0.615384615,0.076923077,0.125,7,0.282051282,0.125,1
2021-22,2022/2/26,Man United,Watford,Home,0,0,22,10,3,2,4,3,0,0,1,0.136363636,0,0,12,-0.063636364,0,1
2021-22,2022/2/26,Newcastle,Brentford,Away,2,0,26,6,11,1,6,6,1,0,3,0.423076923,0.076923077,0.181818182,20,0.256410256,0.181818182,0
2021-22,2022/2/26,Tottenham,Leeds,Away,4,0,15,19,11,3,6,3,2,0,3,0.733333333,0.266666667,0.363636364,-4,0.575438596,0.363636364,3
2021-22,2022/2/26,Watford,Man United,Away,0,0,10,22,2,3,3,4,0,0,1,0.2,0,0,-12,0.063636364,0,-1
2021-22,2022/2/27,West Ham,Wolves,Home,1,0,13,14,4,1,3,5,1,0,3,0.307692308,0.076923077,0.25,-1,0.236263736,0.25,-2
2021-22,2022/2/27,Wolves,West Ham,Away,0,1,14,13,1,4,5,3,0,0,0,0.071428571,0,0,1,-0.236263736,-0.25,2
2021-22,2022/3/1,Burnley,Leicester,Home,0,2,9,22,2,6,6,8,1,0,0,0.222222222,0,0,-13,-0.050505051,-0.333333333,-2
2021-22,2022/3/1,Leicester,Burnley,Away,2,0,22,9,6,2,8,6,1,0,3,0.272727273,0.090909091,0.333333333,13,0.050505051,0.333333333,2
2021-22,2022/3/5,Aston Villa,Southampton,Home,4,0,14,11,9,1,4,7,1,0,3,0.642857143,0.285714286,0.444444444,3,0.551948052,0.444444444,-3
2021-22,2022/3/5,Brentford,Norwich,Away,3,1,10,15,6,7,5,5,5,0,3,0.6,0.3,0.5,-5,0.133333333,0.357142857,0
2021-22,2022/3/5,Brighton,Newcastle,Away,1,2,15,10,4,4,7,4,1,0,0,0.266666667,0.066666667,0.25,5,-0.133333333,-0.25,3
2021-22,2022/3/5,Burnley,Chelsea,Home,0,4,6,11,1,5,5,2,2,0,0,0.166666667,0,0,-5,-0.287878788,-0.8,3
2021-22,2022/3/5,Chelsea,Burnley,Away,4,0,11,6,5,1,2,5,0,0,3,0.454545455,0.363636364,0.8,5,0.287878788,0.8,-3
2021-22,2022/3/5,Crystal Palace,Wolves,Away,2,0,12,12,8,5,7,7,3,0,3,0.666666667,0.166666667,0.25,0,0.25,0.25,0
2021-22,2022/3/5,Leeds,Leicester,Away,0,1,19,7,4,4,10,5,2,0,0,0.210526316,0,0,12,-0.360902256,-0.25,5
2021-22,2022/3/5,Leicester,Leeds,Home,1,0,7,19,4,4,5,10,1,0,3,0.571428571,0.142857143,0.25,-12,0.360902256,0.25,-5
2021-22,2022/3/5,Liverpool,West Ham,Home,1,0,22,13,5,5,4,6,2,0,3,0.227272727,0.045454545,0.2,9,-0.157342657,0.2,-2
2021-22,2022/3/5,Newcastle,Brighton,Home,2,1,10,15,4,4,4,7,1,0,3,0.4,0.2,0.5,-5,0.133333333,0.25,-3
2021-22,2022/3/5,Norwich,Brentford,Home,1,3,15,10,7,6,5,5,2,0,0,0.466666667,0.066666667,0.142857143,5,-0.133333333,-0.357142857,0
2021-22,2022/3/5,Southampton,Aston Villa,Away,0,4,11,14,1,9,7,4,1,0,0,0.090909091,0,0,-3,-0.551948052,-0.444444444,3
2021-22,2022/3/5,West Ham,Liverpool,Away,0,1,13,22,5,5,6,4,1,0,0,0.384615385,0,0,-9,0.157342657,-0.2,2
2021-22,2022/3/5,Wolves,Crystal Palace,Home,0,2,12,12,5,8,7,7,0,0,0,0.416666667,0,0,0,-0.25,-0.25,0
2021-22,2022/3/6,Arsenal,Watford,Away,3,2,16,13,4,7,5,1,2,0,3,0.25,0.1875,0.75,3,-0.288461538,0.464285714,4
2021-22,2022/3/6,Man City,Man United,Home,4,1,24,5,10,2,9,3,0,0,3,0.416666667,0.166666667,0.4,19,0.016666667,-0.1,6
2021-22,2022/3/6,Man United,Man City,Away,1,4,5,24,2,10,3,9,1,0,0,0.4,0.2,0.5,-19,-0.016666667,0.1,-6
2021-22,2022/3/6,Watford,Arsenal,Home,2,3,13,16,7,4,1,5,1,0,0,0.538461538,0.153846154,0.285714286,-3,0.288461538,-0.464285714,-4
2021-22,2022/3/7,Everton,Tottenham,Away,0,5,6,14,0,7,2,5,0,0,0,0,0,0,-8,-0.5,-0.714285714,-3
2021-22,2022/3/7,Tottenham,Everton,Home,5,0,14,6,7,0,5,2,2,0,3,0.5,0.357142857,0.714285714,8,0.5,0.714285714,3
2021-22,2022/3/10,Aston Villa,Leeds,Away,3,0,15,4,9,1,5,3,3,0,3,0.6,0.2,0.333333333,11,0.35,0.333333333,2
2021-22,2022/3/10,Chelsea,Norwich,Away,3,1,15,9,7,3,8,3,2,0,3,0.466666667,0.2,0.428571429,6,0.133333333,0.095238095,5
2021-22,2022/3/10,Leeds,Aston Villa,Home,0,3,4,15,1,9,3,5,5,0,0,0.25,0,0,-11,-0.35,-0.333333333,-2
2021-22,2022/3/10,Newcastle,Southampton,Away,2,1,8,14,4,5,5,12,1,0,3,0.5,0.25,0.5,-6,0.142857143,0.3,-7
2021-22,2022/3/10,Norwich,Chelsea,Home,1,3,9,15,3,7,3,8,0,0,0,0.333333333,0.111111111,0.333333333,-6,-0.133333333,-0.095238095,-5
2021-22,2022/3/10,Southampton,Newcastle,Home,1,2,14,8,5,4,12,5,1,0,0,0.357142857,0.071428571,0.2,6,-0.142857143,-0.3,7
2021-22,2022/3/10,Watford,Wolves,Away,0,4,9,10,0,5,2,5,2,0,0,0,0,0,-1,-0.5,-0.8,-3
2021-22,2022/3/10,Wolves,Watford,Home,4,0,10,9,5,0,5,2,2,0,3,0.5,0.4,0.8,1,0.5,0.8,3
2021-22,2022/3/12,Brentford,Burnley,Home,2,0,13,7,4,1,2,9,1,0,3,0.307692308,0.153846154,0.5,6,0.164835165,0.5,-7
2021-22,2022/3/12,Brighton,Liverpool,Home,0,2,8,18,3,9,7,6,3,0,0,0.375,0,0,-10,-0.125,-0.222222222,1
2021-22,2022/3/12,Burnley,Brentford,Away,0,2,7,13,1,4,9,2,1,1,0,0.142857143,0,0,-6,-0.164835165,-0.5,7
2021-22,2022/3/12,Liverpool,Brighton,Away,2,0,18,8,9,3,6,7,1,0,3,0.5,0.111111111,0.222222222,10,0.125,0.222222222,-1
2021-22,2022/3/12,Man United,Tottenham,Home,3,2,10,10,6,3,4,5,2,0,3,0.6,0.3,0.5,0,0.3,-0.166666667,-1
2021-22,2022/3/12,Tottenham,Man United,Away,2,3,10,10,3,6,5,4,1,0,0,0.3,0.2,0.666666667,0,-0.3,0.166666667,1
2021-22,2022/3/13,Arsenal,Leicester,Home,2,0,21,6,8,3,2,6,0,0,3,0.380952381,0.095238095,0.25,15,-0.119047619,0.25,-4
2021-22,2022/3/13,Aston Villa,West Ham,Away,1,2,13,11,7,4,7,5,0,0,0,0.538461538,0.076923077,0.142857143,2,0.174825175,-0.357142857,2
2021-22,2022/3/13,Chelsea,Newcastle,Home,1,0,8,7,3,2,7,2,4,0,3,0.375,0.125,0.333333333,1,0.089285714,0.333333333,5
2021-22,2022/3/13,Everton,Wolves,Home,0,1,8,14,2,3,5,2,2,1,0,0.25,0,0,-6,0.035714286,-0.333333333,3
2021-22,2022/3/13,Leeds,Norwich,Home,2,1,13,12,7,4,6,2,3,0,3,0.538461538,0.153846154,0.285714286,1,0.205128205,0.035714286,4
2021-22,2022/3/13,Leicester,Arsenal,Away,0,2,6,21,3,8,6,2,3,0,0,0.5,0,0,-15,0.119047619,-0.25,4
2021-22,2022/3/13,Newcastle,Chelsea,Away,0,1,7,8,2,3,2,7,3,0,0,0.285714286,0,0,-1,-0.089285714,-0.333333333,-5
2021-22,2022/3/13,Norwich,Leeds,Away,1,2,12,13,4,7,2,6,1,0,0,0.333333333,0.083333333,0.25,-1,-0.205128205,-0.035714286,-4
2021-22,2022/3/13,Southampton,Watford,Home,1,2,13,9,7,5,11,3,3,0,0,0.538461538,0.076923077,0.142857143,4,-0.017094017,-0.257142857,8
2021-22,2022/3/13,Watford,Southampton,Away,2,1,9,13,5,7,3,11,2,0,3,0.555555556,0.222222222,0.4,-4,0.017094017,0.257142857,-8
2021-22,2022/3/13,West Ham,Aston Villa,Home,2,1,11,13,4,7,5,7,1,0,3,0.363636364,0.181818182,0.5,-2,-0.174825175,0.357142857,-2
2021-22,2022/3/13,Wolves,Everton,Away,1,0,14,8,3,2,2,5,1,0,3,0.214285714,0.071428571,0.333333333,6,-0.035714286,0.333333333,-3
2021-22,2022/3/14,Crystal Palace,Man City,Home,0,0,7,18,1,4,2,6,3,0,1,0.142857143,0,0,-11,-0.079365079,0,-4
2021-22,2022/3/14,Man City,Crystal Palace,Away,0,0,18,7,4,1,6,2,1,0,1,0.222222222,0,0,11,0.079365079,0,4
2021-22,2022/3/16,Arsenal,Liverpool,Home,0,2,9,9,2,3,1,6,0,0,0,0.222222222,0,0,0,-0.111111111,-0.666666667,-5
2021-22,2022/3/16,Brighton,Tottenham,Home,0,2,15,17,0,7,6,3,2,0,0,0,0,0,-2,-0.411764706,-0.285714286,3
2021-22,2022/3/16,Liverpool,Arsenal,Away,2,0,9,9,3,2,6,1,1,0,3,0.333333333,0.222222222,0.666666667,0,0.111111111,0.666666667,5
2021-22,2022/3/16,Tottenham,Brighton,Away,2,0,17,15,7,0,3,6,2,0,3,0.411764706,0.117647059,0.285714286,2,0.411764706,0.285714286,-3
2021-22,2022/3/17,Everton,Newcastle,Home,1,0,9,17,3,6,5,7,2,1,3,0.333333333,0.111111111,0.333333333,-8,-0.019607843,0.333333333,-2
2021-22,2022/3/17,Newcastle,Everton,Away,0,1,17,9,6,3,7,5,1,0,0,0.352941176,0,0,8,0.019607843,-0.333333333,2
2021-22,2022/3/18,Leeds,Wolves,Away,3,2,15,14,6,8,5,2,4,0,3,0.4,0.2,0.5,1,-0.171428571,0.25,3
2021-22,2022/3/18,Wolves,Leeds,Home,2,3,14,15,8,6,2,5,1,1,0,0.571428571,0.142857143,0.25,-1,0.171428571,-0.25,-3
2021-22,2022/3/19,Arsenal,Aston Villa,Away,1,0,10,8,3,1,5,6,3,0,3,0.3,0.1,0.333333333,2,0.175,0.333333333,-1
2021-22,2022/3/19,Aston Villa,Arsenal,Home,0,1,8,10,1,3,6,5,3,0,0,0.125,0,0,-2,-0.175,-0.333333333,1
2021-22,2022/3/20,Brentford,Leicester,Away,1,2,15,12,6,4,5,2,2,0,0,0.4,0.066666667,0.166666667,3,0.066666667,-0.333333333,3
2021-22,2022/3/20,Leicester,Brentford,Home,2,1,12,15,4,6,2,5,1,0,3,0.333333333,0.166666667,0.5,-3,-0.066666667,0.333333333,-3
2021-22,2022/3/20,Tottenham,West Ham,Home,3,1,17,6,4,1,5,3,0,0,3,0.235294118,0.176470588,0.75,11,0.068627451,-0.25,2
2021-22,2022/3/20,West Ham,Tottenham,Away,1,3,6,17,1,4,3,5,1,0,0,0.166666667,0.166666667,1,-11,-0.068627451,0.25,-2
2021-22,2022/4/2,Aston Villa,Wolves,Away,1,2,15,11,5,5,9,4,3,0,0,0.333333333,0.066666667,0.2,4,-0.121212121,-0.2,5
2021-22,2022/4/2,Brentford,Chelsea,Away,4,1,17,21,6,8,7,12,0,0,3,0.352941176,0.235294118,0.666666667,-4,-0.028011204,0.541666667,-5
2021-22,2022/4/2,Brighton,Norwich,Home,0,0,31,6,4,0,11,2,1,0,1,0.129032258,0,0,25,0.129032258,0,9
2021-22,2022/4/2,Burnley,Man City,Home,0,2,3,18,1,6,1,8,1,0,0,0.333333333,0,0,-15,0,-0.333333333,-7
2021-22,2022/4/2,Chelsea,Brentford,Home,1,4,21,17,8,6,12,7,0,0,0,0.380952381,0.047619048,0.125,4,0.028011204,-0.541666667,5
2021-22,2022/4/2,Leeds,Southampton,Home,1,1,12,14,3,6,4,7,1,0,1,0.25,0.083333333,0.333333333,-2,-0.178571429,0.166666667,-3
2021-22,2022/4/2,Leicester,Man United,Away,1,1,11,11,3,5,5,6,2,0,1,0.272727273,0.090909091,0.333333333,0,-0.181818182,0.133333333,-1
2021-22,2022/4/2,Liverpool,Watford,Home,2,0,20,5,3,2,9,3,1,0,3,0.15,0.1,0.666666667,15,-0.25,0.666666667,6
2021-22,2022/4/2,Man City,Burnley,Away,2,0,18,3,6,1,8,1,0,0,3,0.333333333,0.111111111,0.333333333,15,0,0.333333333,7
2021-22,2022/4/2,Man United,Leicester,Home,1,1,11,11,5,3,6,5,2,0,1,0.454545455,0.090909091,0.2,0,0.181818182,-0.133333333,1
2021-22,2022/4/2,Norwich,Brighton,Away,0,0,6,31,0,4,2,11,1,0,1,0,0,0,-25,-0.129032258,0,-9
2021-22,2022/4/2,Southampton,Leeds,Away,1,1,14,12,6,3,7,4,1,0,1,0.428571429,0.071428571,0.166666667,2,0.178571429,-0.166666667,3
2021-22,2022/4/2,Watford,Liverpool,Away,0,2,5,20,2,3,3,9,1,0,0,0.4,0,0,-15,0.25,-0.666666667,-6
2021-22,2022/4/2,Wolves,Aston Villa,Home,2,1,11,15,5,5,4,9,4,0,3,0.454545455,0.181818182,0.4,-4,0.121212121,0.2,-5
2021-22,2022/4/3,Everton,West Ham,Away,1,2,13,11,2,5,4,2,1,1,0,0.153846154,0.076923077,0.5,2,-0.300699301,0.1,2
2021-22,2022/4/3,Newcastle,Tottenham,Away,1,5,8,19,1,6,3,2,3,0,0,0.125,0.125,1,-11,-0.190789474,0.166666667,1
2021-22,2022/4/3,Tottenham,Newcastle,Home,5,1,19,8,6,1,2,3,2,0,3,0.315789474,0.263157895,0.833333333,11,0.190789474,-0.166666667,-1
2021-22,2022/4/3,West Ham,Everton,Home,2,1,11,13,5,2,2,4,1,0,3,0.454545455,0.181818182,0.4,-2,0.300699301,-0.1,-2
2021-22,2022/4/4,Arsenal,Crystal Palace,Away,0,3,12,6,3,5,2,0,2,0,0,0.25,0,0,6,-0.583333333,-0.6,2
2021-22,2022/4/4,Crystal Palace,Arsenal,Home,3,0,6,12,5,3,0,2,0,0,3,0.833333333,0.5,0.6,-6,0.583333333,0.6,-2
2021-22,2022/4/6,Burnley,Everton,Home,3,2,13,16,4,4,9,6,2,0,3,0.307692308,0.230769231,0.75,-3,0.057692308,0.25,3
2021-22,2022/4/6,Everton,Burnley,Away,2,3,16,13,4,4,6,9,2,0,0,0.25,0.125,0.5,3,-0.057692308,-0.25,-3
2021-22,2022/4/8,Newcastle,Wolves,Home,1,0,12,5,4,2,1,2,1,0,3,0.333333333,0.083333333,0.25,7,-0.066666667,0.25,-1
2021-22,2022/4/8,Wolves,Newcastle,Away,0,1,5,12,2,4,2,1,1,0,0,0.4,0,0,-7,0.066666667,-0.25,1
2021-22,2022/4/9,Arsenal,Brighton,Home,1,2,20,8,4,3,11,2,3,0,0,0.2,0.05,0.25,12,-0.175,-0.416666667,9
2021-22,2022/4/9,Aston Villa,Tottenham,Home,0,4,9,11,8,5,9,3,2,0,0,0.888888889,0,0,-2,0.434343434,-0.8,6
2021-22,2022/4/9,Brighton,Arsenal,Away,2,1,8,20,3,4,2,11,4,0,3,0.375,0.25,0.666666667,-12,0.175,0.416666667,-9
2021-22,2022/4/9,Chelsea,Southampton,Away,6,0,24,4,14,1,3,3,0,0,3,0.583333333,0.25,0.428571429,20,0.333333333,0.428571429,0
2021-22,2022/4/9,Everton,Man United,Home,1,0,7,12,3,4,5,7,2,0,3,0.428571429,0.142857143,0.333333333,-5,0.095238095,0.333333333,-2
2021-22,2022/4/9,Leeds,Watford,Away,3,0,10,8,5,1,8,3,0,0,3,0.5,0.3,0.6,2,0.375,0.6,5
2021-22,2022/4/9,Man United,Everton,Away,0,1,12,7,4,3,7,5,2,0,0,0.333333333,0,0,5,-0.095238095,-0.333333333,2
2021-22,2022/4/9,Southampton,Chelsea,Home,0,6,4,24,1,14,3,3,1,0,0,0.25,0,0,-20,-0.333333333,-0.428571429,0
2021-22,2022/4/9,Tottenham,Aston Villa,Away,4,0,11,9,5,8,3,9,3,0,3,0.454545455,0.363636364,0.8,2,-0.434343434,0.8,-6
2021-22,2022/4/9,Watford,Leeds,Home,0,3,8,10,1,5,3,8,2,0,0,0.125,0,0,-2,-0.375,-0.6,-5
2021-22,2022/4/10,Brentford,West Ham,Home,2,0,15,5,7,1,4,6,0,0,3,0.466666667,0.133333333,0.285714286,10,0.266666667,0.285714286,-2
2021-22,2022/4/10,Burnley,Norwich,Away,0,2,18,17,4,6,7,6,1,0,0,0.222222222,0,0,1,-0.130718954,-0.333333333,1
2021-22,2022/4/10,Crystal Palace,Leicester,Away,1,2,11,12,3,3,4,3,1,0,0,0.272727273,0.090909091,0.333333333,-1,0.022727273,-0.333333333,1
2021-22,2022/4/10,Leicester,Crystal Palace,Home,2,1,12,11,3,3,3,4,1,0,3,0.25,0.166666667,0.666666667,1,-0.022727273,0.333333333,-1
2021-22,2022/4/10,Liverpool,Man City,Away,2,2,6,11,4,5,1,4,4,0,1,0.666666667,0.333333333,0.5,-5,0.212121212,0.1,-3
2021-22,2022/4/10,Man City,Liverpool,Home,2,2,11,6,5,4,4,1,1,0,1,0.454545455,0.181818182,0.4,5,-0.212121212,-0.1,3
2021-22,2022/4/10,Norwich,Burnley,Home,2,0,17,18,6,4,6,7,1,0,3,0.352941176,0.117647059,0.333333333,-1,0.130718954,0.333333333,-1
2021-22,2022/4/10,West Ham,Brentford,Away,0,2,5,15,1,7,6,4,1,0,0,0.2,0,0,-10,-0.266666667,-0.285714286,2
2021-22,2022/4/16,Arsenal,Southampton,Away,0,1,23,9,6,3,8,6,1,0,0,0.260869565,0,0,14,-0.072463768,-0.333333333,2
2021-22,2022/4/16,Brentford,Watford,Away,2,1,16,17,5,4,5,6,1,0,3,0.3125,0.125,0.4,-1,0.077205882,0.15,-1
2021-22,2022/4/16,Brighton,Tottenham,Away,1,0,12,5,5,0,4,4,3,0,3,0.416666667,0.083333333,0.2,7,0.416666667,0.2,0
2021-22,2022/4/16,Man United,Norwich,Home,3,2,20,15,9,4,6,7,0,0,3,0.45,0.15,0.333333333,5,0.183333333,-0.166666667,-1
2021-22,2022/4/16,Norwich,Man United,Away,2,3,15,20,4,9,7,6,0,0,0,0.266666667,0.133333333,0.5,-5,-0.183333333,0.166666667,1
2021-22,2022/4/16,Southampton,Arsenal,Home,1,0,9,23,3,6,6,8,2,0,3,0.333333333,0.111111111,0.333333333,-14,0.072463768,0.333333333,-2
2021-22,2022/4/16,Tottenham,Brighton,Home,0,1,5,12,0,5,4,4,3,0,0,0,0,0,-7,-0.416666667,-0.2,0
2021-22,2022/4/16,Watford,Brentford,Home,1,2,17,16,4,5,6,5,2,0,0,0.235294118,0.058823529,0.25,1,-0.077205882,-0.15,1
2021-22,2022/4/17,Burnley,West Ham,Away,1,1,9,21,1,8,4,13,2,0,1,0.111111111,0.111111111,1,-12,-0.26984127,0.875,-9
2021-22,2022/4/17,Leicester,Newcastle,Away,1,2,8,16,2,7,5,3,2,0,0,0.25,0.125,0.5,-8,-0.1875,0.214285714,2
2021-22,2022/4/17,Newcastle,Leicester,Home,2,1,16,8,7,2,3,5,2,0,3,0.4375,0.125,0.285714286,8,0.1875,-0.214285714,-2
2021-22,2022/4/17,West Ham,Burnley,Home,1,1,21,9,8,1,13,4,2,0,1,0.380952381,0.047619048,0.125,12,0.26984127,-0.875,9
2021-22,2022/4/19,Liverpool,Man United,Home,4,0,14,2,5,1,10,2,1,0,3,0.357142857,0.285714286,0.8,12,-0.142857143,0.8,8
2021-22,2022/4/19,Man United,Liverpool,Away,0,4,2,14,1,5,2,10,2,0,0,0.5,0,0,-12,0.142857143,-0.8,-8
2021-22,2022/4/20,Arsenal,Chelsea,Away,4,2,14,11,4,2,1,6,1,0,3,0.285714286,0.285714286,1,3,0.103896104,0,-5
2021-22,2022/4/20,Brighton,Man City,Away,0,3,2,17,1,5,4,7,3,0,0,0.5,0,0,-15,0.205882353,-0.6,-3
2021-22,2022/4/20,Chelsea,Arsenal,Home,2,4,11,14,2,4,6,1,3,0,0,0.181818182,0.181818182,1,-3,-0.103896104,0,5
2021-22,2022/4/20,Crystal Palace,Newcastle,Away,0,1,10,13,2,4,5,2,1,0,0,0.2,0,0,-3,-0.107692308,-0.25,3
2021-22,2022/4/20,Everton,Leicester,Home,1,1,13,11,3,3,5,4,3,0,1,0.230769231,0.076923077,0.333333333,2,-0.041958042,0,1
2021-22,2022/4/20,Leicester,Everton,Away,1,1,11,13,3,3,4,5,1,0,1,0.272727273,0.090909091,0.333333333,-2,0.041958042,0,-1
2021-22,2022/4/20,Man City,Brighton,Home,3,0,17,2,5,1,7,4,0,0,3,0.294117647,0.176470588,0.6,15,-0.205882353,0.6,3
2021-22,2022/4/20,Newcastle,Crystal Palace,Home,1,0,13,10,4,2,2,5,1,0,3,0.307692308,0.076923077,0.25,3,0.107692308,0.25,-3
2021-22,2022/4/21,Burnley,Southampton,Home,2,0,16,11,6,3,10,10,2,0,3,0.375,0.125,0.333333333,5,0.102272727,0.333333333,0
2021-22,2022/4/21,Southampton,Burnley,Away,0,2,11,16,3,6,10,10,2,0,0,0.272727273,0,0,-5,-0.102272727,-0.333333333,0
2021-22,2022/4/23,Arsenal,Man United,Home,3,1,14,14,7,5,1,7,3,0,3,0.5,0.214285714,0.428571429,0,0.142857143,0.228571429,-6
2021-22,2022/4/23,Aston Villa,Leicester,Away,0,0,11,5,3,2,6,7,2,0,1,0.272727273,0,0,6,-0.127272727,0,-1
2021-22,2022/4/23,Brentford,Tottenham,Home,0,0,15,9,2,0,12,8,2,0,1,0.133333333,0,0,6,0.133333333,0,4
2021-22,2022/4/23,Leicester,Aston Villa,Home,0,0,5,11,2,3,7,6,3,0,1,0.4,0,0,-6,0.127272727,0,1
2021-22,2022/4/23,Man City,Watford,Home,5,1,21,5,8,2,11,4,1,0,3,0.380952381,0.238095238,0.625,16,-0.019047619,0.125,7
2021-22,2022/4/23,Man United,Arsenal,Away,1,3,14,14,5,7,7,1,4,0,0,0.357142857,0.071428571,0.2,0,-0.142857143,-0.228571429,6
2021-22,2022/4/23,Newcastle,Norwich,Away,3,0,13,5,7,2,3,2,2,0,3,0.538461538,0.230769231,0.428571429,8,0.138461538,0.428571429,1
2021-22,2022/4/23,Norwich,Newcastle,Home,0,3,5,13,2,7,2,3,0,0,0,0.4,0,0,-8,-0.138461538,-0.428571429,-1
2021-22,2022/4/23,Tottenham,Brentford,Away,0,0,9,15,0,2,8,12,1,0,1,0,0,0,-6,-0.133333333,0,-4
2021-22,2022/4/23,Watford,Man City,Away,1,5,5,21,2,8,4,11,0,0,0,0.4,0.2,0.5,-16,0.019047619,-0.125,-7
2021-22,2022/4/24,Brighton,Southampton,Home,2,2,8,18,5,5,6,6,1,0,1,0.625,0.25,0.4,-10,0.347222222,0,0
2021-22,2022/4/24,Burnley,Wolves,Home,1,0,14,10,5,4,3,6,3,0,3,0.357142857,0.071428571,0.2,4,-0.042857143,0.2,-3
2021-22,2022/4/24,Chelsea,West Ham,Home,1,0,26,6,5,2,3,1,1,0,3,0.192307692,0.038461538,0.2,20,-0.141025641,0.2,2
2021-22,2022/4/24,Everton,Liverpool,Away,0,2,9,18,1,4,1,13,5,0,0,0.111111111,0,0,-9,-0.111111111,-0.5,-12
2021-22,2022/4/24,Liverpool,Everton,Home,2,0,18,9,4,1,13,1,2,0,3,0.222222222,0.111111111,0.5,9,0.111111111,0.5,12
2021-22,2022/4/24,Southampton,Brighton,Away,2,2,18,8,5,5,6,6,0,0,1,0.277777778,0.111111111,0.4,10,-0.347222222,0,0
2021-22,2022/4/24,West Ham,Chelsea,Away,0,1,6,26,2,5,1,3,0,1,0,0.333333333,0,0,-20,0.141025641,-0.2,-2
2021-22,2022/4/24,Wolves,Burnley,Away,0,1,10,14,4,5,6,3,1,0,0,0.4,0,0,-4,0.042857143,-0.2,3
2021-22,2022/4/25,Crystal Palace,Leeds,Home,0,0,17,9,7,2,6,3,2,0,1,0.411764706,0,0,8,0.189542484,0,3
2021-22,2022/4/25,Leeds,Crystal Palace,Away,0,0,9,17,2,7,3,6,2,0,1,0.222222222,0,0,-8,-0.189542484,0,-3
2021-22,2022/4/28,Chelsea,Man United,Away,1,1,21,6,6,3,9,2,1,0,1,0.285714286,0.047619048,0.166666667,15,-0.214285714,-0.166666667,7
2021-22,2022/4/28,Man United,Chelsea,Home,1,1,6,21,3,6,2,9,0,0,1,0.5,0.166666667,0.333333333,-15,0.214285714,0.166666667,-7
2021-22,2022/4/30,Aston Villa,Norwich,Home,2,0,21,9,6,3,2,3,4,0,3,0.285714286,0.095238095,0.333333333,12,-0.047619048,0.333333333,-1
2021-22,2022/4/30,Brighton,Wolves,Away,3,0,17,11,9,1,3,7,1,0,3,0.529411765,0.176470588,0.333333333,6,0.438502674,0.333333333,-4
2021-22,2022/4/30,Burnley,Watford,Away,2,1,17,13,6,1,6,5,2,0,3,0.352941176,0.117647059,0.333333333,4,0.2760181,-0.666666667,1
2021-22,2022/4/30,Crystal Palace,Southampton,Away,2,1,14,8,5,3,7,6,3,0,3,0.357142857,0.142857143,0.4,6,-0.017857143,0.066666667,1
2021-22,2022/4/30,Leeds,Man City,Home,0,4,7,19,2,6,3,6,1,0,0,0.285714286,0,0,-12,-0.030075188,-0.666666667,-3
2021-22,2022/4/30,Liverpool,Newcastle,Away,1,0,24,4,10,2,6,0,3,0,3,0.416666667,0.041666667,0.1,20,-0.083333333,0.1,6
2021-22,2022/4/30,Man City,Leeds,Away,4,0,19,7,6,2,6,3,2,0,3,0.315789474,0.210526316,0.666666667,12,0.030075188,0.666666667,3
2021-22,2022/4/30,Newcastle,Liverpool,Home,0,1,4,24,2,10,0,6,1,0,0,0.5,0,0,-20,0.083333333,-0.1,-6
2021-22,2022/4/30,Norwich,Aston Villa,Away,0,2,9,21,3,6,3,2,1,0,0,0.333333333,0,0,-12,0.047619048,-0.333333333,1
2021-22,2022/4/30,Southampton,Crystal Palace,Home,1,2,8,14,3,5,6,7,1,0,0,0.375,0.125,0.333333333,-6,0.017857143,-0.066666667,-1
2021-22,2022/4/30,Watford,Burnley,Home,1,2,13,17,1,6,5,6,1,0,0,0.076923077,0.076923077,1,-4,-0.2760181,0.666666667,-1
2021-22,2022/4/30,Wolves,Brighton,Home,0,3,11,17,1,9,7,3,2,0,0,0.090909091,0,0,-6,-0.438502674,-0.333333333,4
2021-22,2022/5/1,Arsenal,West Ham,Away,2,1,13,8,7,3,7,3,2,0,3,0.538461538,0.153846154,0.285714286,5,0.163461538,-0.047619048,4
2021-22,2022/5/1,Chelsea,Everton,Away,0,1,17,9,5,4,8,3,5,0,0,0.294117647,0,0,8,-0.150326797,-0.25,5
2021-22,2022/5/1,Everton,Chelsea,Home,1,0,9,17,4,5,3,8,3,0,3,0.444444444,0.111111111,0.25,-8,0.150326797,0.25,-5
2021-22,2022/5/1,Leicester,Tottenham,Away,1,3,6,13,2,7,3,7,3,0,0,0.333333333,0.166666667,0.5,-7,-0.205128205,0.071428571,-4
2021-22,2022/5/1,Tottenham,Leicester,Home,3,1,13,6,7,2,7,3,2,0,3,0.538461538,0.230769231,0.428571429,7,0.205128205,-0.071428571,4
2021-22,2022/5/1,West Ham,Arsenal,Home,1,2,8,13,3,7,3,7,2,0,0,0.375,0.125,0.333333333,-5,-0.163461538,0.047619048,-4
2021-22,2022/5/2,Brentford,Man United,Away,0,3,12,9,4,5,8,3,0,0,0,0.333333333,0,0,3,-0.222222222,-0.6,5
2021-22,2022/5/2,Man United,Brentford,Home,3,0,9,12,5,4,3,8,1,0,3,0.555555556,0.333333333,0.6,-3,0.222222222,0.6,-5
2021-22,2022/5/7,Aston Villa,Burnley,Away,3,1,12,14,7,6,5,4,2,0,3,0.583333333,0.25,0.428571429,-2,0.154761905,0.261904762,1
2021-22,2022/5/7,Brentford,Southampton,Home,3,0,18,19,5,4,4,7,0,0,3,0.277777778,0.166666667,0.6,-1,0.067251462,0.6,-3
2021-22,2022/5/7,Brighton,Man United,Home,4,0,17,15,6,5,7,6,0,0,3,0.352941176,0.235294118,0.666666667,2,0.019607843,0.666666667,1
2021-22,2022/5/7,Burnley,Aston Villa,Home,1,3,14,12,6,7,4,5,1,0,0,0.428571429,0.071428571,0.166666667,2,-0.154761905,-0.261904762,-1
2021-22,2022/5/7,Chelsea,Wolves,Home,2,2,19,14,6,4,9,3,1,0,1,0.315789474,0.105263158,0.333333333,5,0.030075188,-0.166666667,6
2021-22,2022/5/7,Crystal Palace,Watford,Home,1,0,15,6,7,1,8,5,2,0,3,0.466666667,0.066666667,0.142857143,9,0.3,0.142857143,3
2021-22,2022/5/7,Liverpool,Tottenham,Home,1,1,22,8,3,3,11,5,3,0,1,0.136363636,0.045454545,0.333333333,14,-0.238636364,0,6
2021-22,2022/5/7,Man United,Brighton,Away,0,4,15,17,5,6,6,7,2,0,0,0.333333333,0,0,-2,-0.019607843,-0.666666667,-1
2021-22,2022/5/7,Southampton,Brentford,Away,0,3,19,18,4,5,7,4,1,0,0,0.210526316,0,0,1,-0.067251462,-0.6,3
2021-22,2022/5/7,Tottenham,Liverpool,Away,1,1,8,22,3,3,5,11,2,0,1,0.375,0.125,0.333333333,-14,0.238636364,0,-6
2021-22,2022/5/7,Watford,Crystal Palace,Away,0,1,6,15,1,7,5,8,1,1,0,0.166666667,0,0,-9,-0.3,-0.142857143,-3
2021-22,2022/5/7,Wolves,Chelsea,Away,2,2,14,19,4,6,3,9,3,0,1,0.285714286,0.142857143,0.5,-5,-0.030075188,0.166666667,-6
2021-22,2022/5/8,Arsenal,Leeds,Home,2,1,19,3,9,2,8,2,2,0,3,0.473684211,0.105263158,0.222222222,16,-0.192982456,-0.277777778,6
2021-22,2022/5/8,Everton,Leicester,Away,2,1,10,16,4,9,1,6,0,0,3,0.4,0.2,0.5,-6,-0.1625,0.388888889,-5
2021-22,2022/5/8,Leeds,Arsenal,Away,1,2,3,19,2,9,2,8,2,1,0,0.666666667,0.333333333,0.5,-16,0.192982456,0.277777778,-6
2021-22,2022/5/8,Leicester,Everton,Home,1,2,16,10,9,4,6,1,3,0,0,0.5625,0.0625,0.111111111,6,0.1625,-0.388888889,5
2021-22,2022/5/8,Man City,Newcastle,Home,5,0,21,7,9,3,8,2,1,0,3,0.428571429,0.238095238,0.555555556,14,0,0.555555556,6
2021-22,2022/5/8,Newcastle,Man City,Away,0,5,7,21,3,9,2,8,3,0,0,0.428571429,0,0,-14,0,-0.555555556,-6
2021-22,2022/5/8,Norwich,West Ham,Home,0,4,8,13,2,5,9,5,1,0,0,0.25,0,0,-5,-0.134615385,-0.8,4
2021-22,2022/5/8,West Ham,Norwich,Away,4,0,13,8,5,2,5,9,1,0,3,0.384615385,0.307692308,0.8,5,0.134615385,0.8,-4
2021-22,2022/5/10,Aston Villa,Liverpool,Home,1,2,9,17,4,6,2,3,0,0,0,0.444444444,0.111111111,0.25,-8,0.091503268,-0.083333333,-1
2021-22,2022/5/10,Liverpool,Aston Villa,Away,2,1,17,9,6,4,3,2,0,0,3,0.352941176,0.117647059,0.333333333,8,-0.091503268,0.083333333,1
2021-22,2022/5/11,Chelsea,Leeds,Away,3,0,17,5,4,0,5,1,0,0,3,0.235294118,0.176470588,0.75,12,0.235294118,0.75,4
2021-22,2022/5/11,Everton,Watford,Away,0,0,16,6,5,0,13,1,2,0,1,0.3125,0,0,10,0.3125,0,12
2021-22,2022/5/11,Leeds,Chelsea,Home,0,3,5,17,0,4,1,5,1,1,0,0,0,0,-12,-0.235294118,-0.75,-4
2021-22,2022/5/11,Leicester,Norwich,Home,3,0,20,9,8,5,10,2,0,0,3,0.4,0.15,0.375,11,-0.155555556,0.375,8
2021-22,2022/5/11,Man City,Wolves,Away,5,1,16,7,5,3,2,6,1,0,3,0.3125,0.3125,1,9,-0.116071429,0.666666667,-4
2021-22,2022/5/11,Norwich,Leicester,Away,0,3,9,20,5,8,2,10,0,0,0,0.555555556,0,0,-11,0.155555556,-0.375,-8
2021-22,2022/5/11,Watford,Everton,Home,0,0,6,16,0,5,1,13,1,0,1,0,0,0,-10,-0.3125,0,-12
2021-22,2022/5/11,Wolves,Man City,Home,1,5,7,16,3,5,6,2,0,0,0,0.428571429,0.142857143,0.333333333,-9,0.116071429,-0.666666667,4
2021-22,2022/5/12,Arsenal,Tottenham,Away,0,3,8,16,4,6,2,2,3,1,0,0.5,0,0,-8,0.125,-0.5,0
2021-22,2022/5/12,Tottenham,Arsenal,Home,3,0,16,8,6,4,2,2,1,0,3,0.375,0.1875,0.5,8,-0.125,0.5,0
2021-22,2022/5/15,Aston Villa,Crystal Palace,Home,1,1,13,16,4,4,1,5,1,0,1,0.307692308,0.076923077,0.25,-3,0.057692308,0,-4
2021-22,2022/5/15,Brentford,Everton,Away,3,2,18,10,7,5,2,5,3,0,3,0.388888889,0.166666667,0.428571429,8,-0.111111111,0.028571429,-3
2021-22,2022/5/15,Brighton,Leeds,Away,1,1,16,19,6,5,1,8,2,0,1,0.375,0.0625,0.166666667,-3,0.111842105,-0.033333333,-7
2021-22,2022/5/15,Burnley,Tottenham,Away,0,1,8,21,1,8,2,8,2,0,0,0.125,0,0,-13,-0.255952381,-0.125,-6
2021-22,2022/5/15,Crystal Palace,Aston Villa,Away,1,1,16,13,4,4,5,1,3,0,1,0.25,0.0625,0.25,3,-0.057692308,0,4
2021-22,2022/5/15,Everton,Brentford,Home,2,3,10,18,5,7,5,2,0,2,0,0.5,0.2,0.4,-8,0.111111111,-0.028571429,3
2021-22,2022/5/15,Leeds,Brighton,Home,1,1,19,16,5,6,8,1,3,0,1,0.263157895,0.052631579,0.2,3,-0.111842105,0.033333333,7
2021-22,2022/5/15,Leicester,Watford,Away,5,1,13,13,7,5,3,7,1,0,3,0.538461538,0.384615385,0.714285714,0,0.153846154,0.514285714,-4
2021-22,2022/5/15,Man City,West Ham,Away,2,2,31,6,8,2,9,4,1,0,1,0.258064516,0.064516129,0.25,25,-0.075268817,-0.75,5
2021-22,2022/5/15,Norwich,Wolves,Away,1,1,11,17,2,4,3,5,3,0,1,0.181818182,0.090909091,0.5,-6,-0.053475936,0.25,-2
2021-22,2022/5/15,Tottenham,Burnley,Home,1,0,21,8,8,1,8,2,3,0,3,0.380952381,0.047619048,0.125,13,0.255952381,0.125,6
2021-22,2022/5/15,Watford,Leicester,Home,1,5,13,13,5,7,7,3,0,0,0,0.384615385,0.076923077,0.2,0,-0.153846154,-0.514285714,4
2021-22,2022/5/15,West Ham,Man City,Home,2,2,6,31,2,8,4,9,3,0,1,0.333333333,0.333333333,1,-25,0.075268817,0.75,-5
2021-22,2022/5/15,Wolves,Norwich,Home,1,1,17,11,4,2,5,3,0,0,1,0.235294118,0.058823529,0.25,6,0.053475936,-0.25,2
2021-22,2022/5/16,Arsenal,Newcastle,Away,0,2,11,16,2,4,8,12,3,0,0,0.181818182,0,0,-5,-0.068181818,-0.5,-4
2021-22,2022/5/16,Newcastle,Arsenal,Home,2,0,16,11,4,2,12,8,0,0,3,0.25,0.125,0.5,5,0.068181818,0.5,4
2021-22,2022/5/17,Liverpool,Southampton,Away,2,1,24,4,5,2,9,1,0,0,3,0.208333333,0.083333333,0.4,20,-0.291666667,-0.1,8
2021-22,2022/5/17,Southampton,Liverpool,Home,1,2,4,24,2,5,1,9,2,0,0,0.5,0.25,0.5,-20,0.291666667,0.1,-8
2021-22,2022/5/19,Aston Villa,Burnley,Home,1,1,22,10,9,5,13,6,0,0,1,0.409090909,0.045454545,0.111111111,12,-0.090909091,-0.088888889,7
2021-22,2022/5/19,Burnley,Aston Villa,Away,1,1,10,22,5,9,6,13,1,1,1,0.5,0.1,0.2,-12,0.090909091,0.088888889,-7
2021-22,2022/5/19,Chelsea,Leicester,Home,1,1,20,2,7,1,6,0,4,0,1,0.35,0.05,0.142857143,18,-0.15,-0.857142857,6
2021-22,2022/5/19,Crystal Palace,Everton,Away,2,3,7,12,5,6,5,4,3,0,0,0.714285714,0.285714286,0.4,-5,0.214285714,-0.1,1
2021-22,2022/5/19,Everton,Crystal Palace,Home,3,2,12,7,6,5,4,5,2,0,3,0.5,0.25,0.5,5,-0.214285714,0.1,-1
2021-22,2022/5/19,Leicester,Chelsea,Away,1,1,2,20,1,7,0,6,1,0,1,0.5,0.5,1,-18,0.15,0.857142857,-6
2021-22,2022/5/22,Arsenal,Everton,Home,5,1,26,6,9,2,12,2,0,0,3,0.346153846,0.192307692,0.555555556,20,0.012820513,0.055555556,10
2021-22,2022/5/22,Aston Villa,Man City,Away,2,3,4,24,2,5,1,13,1,0,0,0.5,0.5,1,-20,0.291666667,0.4,-12
2021-22,2022/5/22,Brentford,Leeds,Home,1,2,14,14,5,6,3,2,2,1,0,0.357142857,0.071428571,0.2,0,-0.071428571,-0.133333333,1
2021-22,2022/5/22,Brighton,West Ham,Home,3,1,18,7,7,2,5,6,1,0,3,0.388888889,0.166666667,0.428571429,11,0.103174603,-0.071428571,-1
2021-22,2022/5/22,Burnley,Newcastle,Home,1,2,12,8,5,6,8,2,1,0,0,0.416666667,0.083333333,0.2,4,-0.333333333,-0.133333333,6
2021-22,2022/5/22,Chelsea,Watford,Home,2,1,19,8,8,3,3,3,0,0,3,0.421052632,0.105263158,0.25,11,0.046052632,-0.083333333,0
2021-22,2022/5/22,Crystal Palace,Man United,Home,1,0,6,10,3,4,3,6,2,0,3,0.5,0.166666667,0.333333333,-4,0.1,0.333333333,-3
2021-22,2022/5/22,Everton,Arsenal,Away,1,5,6,26,2,9,2,12,1,0,0,0.333333333,0.166666667,0.5,-20,-0.012820513,-0.055555556,-10
2021-22,2022/5/22,Leeds,Brentford,Away,2,1,14,14,6,5,2,3,1,0,3,0.428571429,0.142857143,0.333333333,0,0.071428571,0.133333333,-1
2021-22,2022/5/22,Leicester,Southampton,Home,4,1,12,7,6,2,3,3,0,0,3,0.5,0.333333333,0.666666667,5,0.214285714,0.166666667,0
2021-22,2022/5/22,Liverpool,Wolves,Home,3,1,29,7,8,5,5,3,1,0,3,0.275862069,0.103448276,0.375,22,-0.438423645,0.175,2
2021-22,2022/5/22,Man City,Aston Villa,Home,3,2,24,4,5,2,13,1,0,0,3,0.208333333,0.125,0.6,20,-0.291666667,-0.4,12
2021-22,2022/5/22,Man United,Crystal Palace,Away,0,1,10,6,4,3,6,3,4,0,0,0.4,0,0,4,-0.1,-0.333333333,3
2021-22,2022/5/22,Newcastle,Burnley,Away,2,1,8,12,6,5,2,8,0,0,3,0.75,0.25,0.333333333,-4,0.333333333,0.133333333,-6
2021-22,2022/5/22,Norwich,Tottenham,Home,0,5,9,19,0,13,3,2,3,0,0,0,0,0,-10,-0.684210526,-0.384615385,1
2021-22,2022/5/22,Southampton,Leicester,Away,1,4,7,12,2,6,3,3,1,0,0,0.285714286,0.142857143,0.5,-5,-0.214285714,-0.166666667,0
2021-22,2022/5/22,Tottenham,Norwich,Away,5,0,19,9,13,0,2,3,1,0,3,0.684210526,0.263157895,0.384615385,10,0.684210526,0.384615385,-1
2021-22,2022/5/22,Watford,Chelsea,Away,1,2,8,19,3,8,3,3,0,0,0,0.375,0.125,0.333333333,-11,-0.046052632,0.083333333,0
2021-22,2022/5/22,West Ham,Brighton,Away,1,3,7,18,2,7,6,5,1,0,0,0.285714286,0.142857143,0.5,-11,-0.103174603,0.071428571,1
2021-22,2022/5/22,Wolves,Liverpool,Away,1,3,7,29,5,8,3,5,0,0,0,0.714285714,0.142857143,0.2,-22,0.438423645,-0.175,-2
2022-23,2022/8/5,Arsenal,Crystal Palace,Away,2,0,10,10,2,2,5,3,2,0,3,0.2,0.2,1,0,0,1,2
2022-23,2022/8/5,Crystal Palace,Arsenal,Home,0,2,10,10,2,2,3,5,1,0,0,0.2,0,0,0,0,-1,-2
2022-23,2022/8/6,Aston Villa,Bournemouth,Away,0,2,15,7,2,3,5,5,3,0,0,0.133333333,0,0,8,-0.295238095,-0.666666667,0
2022-23,2022/8/6,Bournemouth,Aston Villa,Home,2,0,7,15,3,2,5,5,3,0,3,0.428571429,0.285714286,0.666666667,-8,0.295238095,0.666666667,0
2022-23,2022/8/6,Chelsea,Everton,Away,1,0,15,8,6,4,16,4,2,0,3,0.4,0.066666667,0.166666667,7,-0.1,0.166666667,12
2022-23,2022/8/6,Everton,Chelsea,Home,0,1,8,15,4,6,4,16,3,0,0,0.5,0,0,-7,0.1,-0.166666667,-12
2022-23,2022/8/6,Fulham,Liverpool,Home,2,2,9,11,3,4,4,4,2,0,1,0.333333333,0.222222222,0.666666667,-2,-0.03030303,0.166666667,0
2022-23,2022/8/6,Leeds,Wolves,Home,2,1,12,15,4,6,6,4,2,0,3,0.333333333,0.166666667,0.5,-3,-0.066666667,0.333333333,2
2022-23,2022/8/6,Liverpool,Fulham,Away,2,2,11,9,4,3,4,4,0,0,1,0.363636364,0.181818182,0.5,2,0.03030303,-0.166666667,0
2022-23,2022/8/6,Newcastle,Nott'm Forest,Home,2,0,23,5,10,0,11,1,0,0,3,0.434782609,0.086956522,0.2,18,0.434782609,0.2,10
2022-23,2022/8/6,Nott'm Forest,Newcastle,Away,0,2,5,23,0,10,1,11,3,0,0,0,0,0,-18,-0.434782609,-0.2,-10
2022-23,2022/8/6,Southampton,Tottenham,Away,1,4,10,18,2,8,2,10,0,0,0,0.2,0.1,0.5,-8,-0.244444444,0,-8
2022-23,2022/8/6,Tottenham,Southampton,Home,4,1,18,10,8,2,10,2,3,0,3,0.444444444,0.222222222,0.5,8,0.244444444,0,8
2022-23,2022/8/6,Wolves,Leeds,Away,1,2,15,12,6,4,4,6,0,0,0,0.4,0.066666667,0.166666667,3,0.066666667,-0.333333333,-2
2022-23,2022/8/7,Brentford,Leicester,Away,2,2,8,14,3,5,6,5,0,0,1,0.375,0.25,0.666666667,-6,0.017857143,0.266666667,1
2022-23,2022/8/7,Brighton,Man United,Away,2,1,15,17,4,5,2,6,1,0,3,0.266666667,0.133333333,0.5,-2,-0.02745098,0.3,-4
2022-23,2022/8/7,Leicester,Brentford,Home,2,2,14,8,5,3,5,6,0,0,1,0.357142857,0.142857143,0.4,6,-0.017857143,-0.266666667,-1
2022-23,2022/8/7,Man City,West Ham,Away,2,0,14,6,2,1,4,1,1,0,3,0.142857143,0.142857143,1,8,-0.023809524,1,3
2022-23,2022/8/7,Man United,Brighton,Home,1,2,17,15,5,4,6,2,4,0,0,0.294117647,0.058823529,0.2,2,0.02745098,-0.3,4
2022-23,2022/8/7,West Ham,Man City,Home,0,2,6,14,1,2,1,4,0,0,0,0.166666667,0,0,-8,0.023809524,-1,-3
2022-23,2022/8/13,Arsenal,Leicester,Home,4,2,19,6,7,2,6,2,1,0,3,0.368421053,0.210526316,0.571428571,13,0.035087719,-0.428571429,4
2022-23,2022/8/13,Aston Villa,Everton,Home,2,1,12,15,4,4,5,8,4,0,3,0.333333333,0.166666667,0.5,-3,0.066666667,0.25,-3
2022-23,2022/8/13,Bournemouth,Man City,Away,0,4,3,19,1,7,1,11,3,0,0,0.333333333,0,0,-16,-0.035087719,-0.571428571,-10
2022-23,2022/8/13,Brentford,Man United,Home,4,0,13,15,7,4,8,2,0,0,3,0.538461538,0.307692308,0.571428571,-2,0.271794872,0.571428571,6
2022-23,2022/8/13,Brighton,Newcastle,Home,0,0,13,4,7,1,7,3,2,0,1,0.538461538,0,0,9,0.288461538,0,4
2022-23,2022/8/13,Everton,Aston Villa,Away,1,2,15,12,4,4,8,5,1,0,0,0.266666667,0.066666667,0.25,3,-0.066666667,-0.25,3
2022-23,2022/8/13,Fulham,Wolves,Away,0,0,9,7,3,1,3,5,3,0,1,0.333333333,0,0,2,0.19047619,0,-2
2022-23,2022/8/13,Leeds,Southampton,Away,2,2,13,14,5,4,5,2,3,0,1,0.384615385,0.153846154,0.4,-1,0.098901099,-0.1,3
2022-23,2022/8/13,Leicester,Arsenal,Away,2,4,6,19,2,7,2,6,1,0,0,0.333333333,0.333333333,1,-13,-0.035087719,0.428571429,-4
2022-23,2022/8/13,Man City,Bournemouth,Home,4,0,19,3,7,1,11,1,0,0,3,0.368421053,0.210526316,0.571428571,16,0.035087719,0.571428571,10
2022-23,2022/8/13,Man United,Brentford,Away,0,4,15,13,4,7,2,8,4,0,0,0.266666667,0,0,2,-0.271794872,-0.571428571,-6
2022-23,2022/8/13,Newcastle,Brighton,Away,0,0,4,13,1,7,3,7,3,0,1,0.25,0,0,-9,-0.288461538,0,-4
2022-23,2022/8/13,Southampton,Leeds,Home,2,2,14,13,4,5,2,5,1,0,1,0.285714286,0.142857143,0.5,1,-0.098901099,0.1,-3
2022-23,2022/8/13,Wolves,Fulham,Home,0,0,7,9,1,3,5,3,3,0,1,0.142857143,0,0,-2,-0.19047619,0,2
2022-23,2022/8/14,Chelsea,Tottenham,Home,2,2,16,10,3,5,8,5,3,0,1,0.1875,0.125,0.666666667,6,-0.3125,0.266666667,3
2022-23,2022/8/14,Nott'm Forest,West Ham,Home,1,0,13,19,6,5,6,7,4,0,3,0.461538462,0.076923077,0.166666667,-6,0.198380567,0.166666667,-1
2022-23,2022/8/14,Tottenham,Chelsea,Away,2,2,10,16,5,3,5,8,0,0,1,0.5,0.2,0.4,-6,0.3125,-0.266666667,-3
2022-23,2022/8/14,West Ham,Nott'm Forest,Away,0,1,19,13,5,6,7,6,1,0,0,0.263157895,0,0,6,-0.198380567,-0.166666667,1
2022-23,2022/8/15,Crystal Palace,Liverpool,Away,1,1,7,24,3,4,2,4,4,0,1,0.428571429,0.142857143,0.333333333,-17,0.261904762,0.083333333,-2
2022-23,2022/8/15,Liverpool,Crystal Palace,Home,1,1,24,7,4,3,4,2,2,1,1,0.166666667,0.041666667,0.25,17,-0.261904762,-0.083333333,2
2022-23,2022/8/20,Arsenal,Bournemouth,Away,3,0,14,6,6,1,4,3,1,0,3,0.428571429,0.214285714,0.5,8,0.261904762,0.5,1
2022-23,2022/8/20,Aston Villa,Crystal Palace,Away,1,3,13,17,5,9,2,4,1,0,0,0.384615385,0.076923077,0.2,-4,-0.14479638,-0.133333333,-2
2022-23,2022/8/20,Bournemouth,Arsenal,Home,0,3,6,14,1,6,3,4,2,0,0,0.166666667,0,0,-8,-0.261904762,-0.5,-1
2022-23,2022/8/20,Brentford,Fulham,Away,2,3,13,18,5,9,3,6,2,0,0,0.384615385,0.153846154,0.4,-5,-0.115384615,0.066666667,-3
2022-23,2022/8/20,Crystal Palace,Aston Villa,Home,3,1,17,13,9,5,4,2,2,0,3,0.529411765,0.176470588,0.333333333,4,0.14479638,0.133333333,2
2022-23,2022/8/20,Everton,Nott'm Forest,Home,1,1,19,14,8,5,6,2,3,0,1,0.421052632,0.052631579,0.125,5,0.063909774,-0.075,4
2022-23,2022/8/20,Fulham,Brentford,Home,3,2,18,13,9,5,6,3,3,0,3,0.5,0.166666667,0.333333333,5,0.115384615,-0.066666667,3
2022-23,2022/8/20,Leicester,Southampton,Home,1,2,6,9,1,3,2,5,2,0,0,0.166666667,0.166666667,1,-3,-0.166666667,0.333333333,-3
2022-23,2022/8/20,Nott'm Forest,Everton,Away,1,1,14,19,5,8,2,6,2,0,1,0.357142857,0.071428571,0.2,-5,-0.063909774,0.075,-4
2022-23,2022/8/20,Southampton,Leicester,Away,2,1,9,6,3,1,5,2,3,0,3,0.333333333,0.222222222,0.666666667,3,0.166666667,-0.333333333,3
2022-23,2022/8/20,Tottenham,Wolves,Home,1,0,11,20,4,3,8,6,2,0,3,0.363636364,0.090909091,0.25,-9,0.213636364,0.25,2
2022-23,2022/8/20,Wolves,Tottenham,Away,0,1,20,11,3,4,6,8,2,0,0,0.15,0,0,9,-0.213636364,-0.25,-2
2022-23,2022/8/21,Brighton,West Ham,Away,2,0,11,13,2,3,4,5,0,0,3,0.181818182,0.181818182,1,-2,-0.048951049,1,-1
2022-23,2022/8/21,Chelsea,Leeds,Away,0,3,14,12,3,6,6,4,1,1,0,0.214285714,0,0,2,-0.285714286,-0.5,2
2022-23,2022/8/21,Leeds,Chelsea,Home,3,0,12,14,6,3,4,6,0,0,3,0.5,0.25,0.5,-2,0.285714286,0.5,-2
2022-23,2022/8/21,Man City,Newcastle,Away,3,3,21,12,10,6,5,5,2,0,1,0.476190476,0.142857143,0.3,9,-0.023809524,-0.2,0
2022-23,2022/8/21,Newcastle,Man City,Home,3,3,12,21,6,10,5,5,4,0,1,0.5,0.25,0.5,-9,0.023809524,0.2,0
2022-23,2022/8/21,West Ham,Brighton,Home,0,2,13,11,3,2,5,4,2,0,0,0.230769231,0,0,2,0.048951049,-1,1
2022-23,2022/8/22,Liverpool,Man United,Away,1,2,17,12,5,4,8,6,1,0,0,0.294117647,0.058823529,0.2,5,-0.039215686,-0.3,2
2022-23,2022/8/22,Man United,Liverpool,Home,2,1,12,17,4,5,6,8,3,0,3,0.333333333,0.166666667,0.5,-5,0.039215686,0.3,-2
2022-23,2022/8/27,Arsenal,Fulham,Home,2,1,22,11,8,3,9,2,2,0,3,0.363636364,0.090909091,0.25,11,0.090909091,-0.083333333,7
2022-23,2022/8/27,Bournemouth,Liverpool,Away,0,9,5,19,2,12,1,8,1,0,0,0.4,0,0,-14,-0.231578947,-0.75,-7
2022-23,2022/8/27,Brentford,Everton,Home,1,1,19,14,5,7,8,5,2,0,1,0.263157895,0.052631579,0.2,5,-0.236842105,0.057142857,3
2022-23,2022/8/27,Brighton,Leeds,Home,1,0,13,10,4,2,5,3,2,0,3,0.307692308,0.076923077,0.25,3,0.107692308,0.25,2
2022-23,2022/8/27,Chelsea,Leicester,Home,2,1,7,17,3,5,3,11,1,1,3,0.428571429,0.285714286,0.666666667,-10,0.134453782,0.466666667,-8
2022-23,2022/8/27,Crystal Palace,Man City,Away,2,4,2,18,2,5,1,6,2,0,0,1,1,1,-16,0.722222222,0.2,-5
2022-23,2022/8/27,Everton,Brentford,Away,1,1,14,19,7,5,5,8,2,0,1,0.5,0.071428571,0.142857143,-5,0.236842105,-0.057142857,-3
2022-23,2022/8/27,Fulham,Arsenal,Away,1,2,11,22,3,8,2,9,3,0,0,0.272727273,0.090909091,0.333333333,-11,-0.090909091,0.083333333,-7
2022-23,2022/8/27,Leeds,Brighton,Away,0,1,10,13,2,4,3,5,3,0,0,0.2,0,0,-3,-0.107692308,-0.25,-2
2022-23,2022/8/27,Leicester,Chelsea,Away,1,2,17,7,5,3,11,3,2,0,0,0.294117647,0.058823529,0.2,10,-0.134453782,-0.466666667,8
2022-23,2022/8/27,Liverpool,Bournemouth,Home,9,0,19,5,12,2,8,1,0,0,3,0.631578947,0.473684211,0.75,14,0.231578947,0.75,7
2022-23,2022/8/27,Man City,Crystal Palace,Home,4,2,18,2,5,2,6,1,1,0,3,0.277777778,0.222222222,0.8,16,-0.722222222,-0.2,5
2022-23,2022/8/27,Man United,Southampton,Away,1,0,11,17,6,5,3,5,3,0,3,0.545454545,0.090909091,0.166666667,-6,0.251336898,0.166666667,-2
2022-23,2022/8/27,Southampton,Man United,Home,0,1,17,11,5,6,5,3,0,0,0,0.294117647,0,0,6,-0.251336898,-0.166666667,2
2022-23,2022/8/28,Aston Villa,West Ham,Home,0,1,9,7,3,2,3,2,2,0,0,0.333333333,0,0,2,0.047619048,-0.5,1
2022-23,2022/8/28,Newcastle,Wolves,Away,1,1,21,10,6,4,13,4,1,0,1,0.285714286,0.047619048,0.166666667,11,-0.114285714,-0.083333333,9
2022-23,2022/8/28,Nott'm Forest,Tottenham,Home,0,2,17,18,1,7,6,1,6,0,0,0.058823529,0,0,-1,-0.330065359,-0.285714286,5
2022-23,2022/8/28,Tottenham,Nott'm Forest,Away,2,0,18,17,7,1,1,6,1,0,3,0.388888889,0.111111111,0.285714286,1,0.330065359,0.285714286,-5
2022-23,2022/8/28,West Ham,Aston Villa,Away,1,0,7,9,2,3,2,3,0,0,3,0.285714286,0.142857143,0.5,-2,-0.047619048,0.5,-1
2022-23,2022/8/28,Wolves,Newcastle,Home,1,1,10,21,4,6,4,13,2,0,1,0.4,0.1,0.25,-11,0.114285714,0.083333333,-9
2022-23,2022/8/30,Brentford,Crystal Palace,Away,1,1,9,13,3,4,6,4,2,0,1,0.333333333,0.111111111,0.333333333,-4,0.025641026,0.083333333,2
2022-23,2022/8/30,Brighton,Fulham,Away,1,2,7,10,4,3,3,3,1,0,0,0.571428571,0.142857143,0.25,-3,0.271428571,-0.416666667,0
2022-23,2022/8/30,Chelsea,Southampton,Away,1,2,10,9,4,7,3,5,1,0,0,0.4,0.1,0.25,1,-0.377777778,-0.035714286,-2
2022-23,2022/8/30,Crystal Palace,Brentford,Home,1,1,13,9,4,3,4,6,1,0,1,0.307692308,0.076923077,0.25,4,-0.025641026,-0.083333333,-2
2022-23,2022/8/30,Everton,Leeds,Away,1,1,7,14,2,5,2,10,3,0,1,0.285714286,0.142857143,0.5,-7,-0.071428571,0.3,-8
2022-23,2022/8/30,Fulham,Brighton,Home,2,1,10,7,3,4,3,3,2,0,3,0.3,0.2,0.666666667,3,-0.271428571,0.416666667,0
2022-23,2022/8/30,Leeds,Everton,Home,1,1,14,7,5,2,10,2,3,0,1,0.357142857,0.071428571,0.2,7,0.071428571,-0.3,8
2022-23,2022/8/30,Southampton,Chelsea,Home,2,1,9,10,7,4,5,3,2,0,3,0.777777778,0.222222222,0.285714286,-1,0.377777778,0.035714286,2
2022-23,2022/8/31,Arsenal,Aston Villa,Home,2,1,22,4,9,3,10,3,2,0,3,0.409090909,0.090909091,0.222222222,18,-0.340909091,-0.111111111,7
2022-23,2022/8/31,Aston Villa,Arsenal,Away,1,2,4,22,3,9,3,10,3,0,0,0.75,0.25,0.333333333,-18,0.340909091,0.111111111,-7
2022-23,2022/8/31,Bournemouth,Wolves,Home,0,0,5,17,2,4,2,5,2,0,1,0.4,0,0,-12,0.164705882,0,-3
2022-23,2022/8/31,Liverpool,Newcastle,Home,2,1,23,5,6,2,13,0,0,0,3,0.260869565,0.086956522,0.333333333,18,-0.139130435,-0.166666667,13
2022-23,2022/8/31,Man City,Nott'm Forest,Home,6,0,17,8,9,1,10,1,0,0,3,0.529411765,0.352941176,0.666666667,9,0.404411765,0.666666667,9
2022-23,2022/8/31,Newcastle,Liverpool,Away,1,2,5,23,2,6,0,13,2,0,0,0.4,0.2,0.5,-18,0.139130435,0.166666667,-13
2022-23,2022/8/31,Nott'm Forest,Man City,Away,0,6,8,17,1,9,1,10,1,0,0,0.125,0,0,-9,-0.404411765,-0.666666667,-9
2022-23,2022/8/31,Tottenham,West Ham,Away,1,1,13,14,4,4,4,3,5,0,1,0.307692308,0.076923077,0.25,-1,0.021978022,0,1
2022-23,2022/8/31,West Ham,Tottenham,Home,1,1,14,13,4,4,3,4,2,0,1,0.285714286,0.071428571,0.25,1,-0.021978022,0,-1
2022-23,2022/8/31,Wolves,Bournemouth,Away,0,0,17,5,4,2,5,2,1,0,1,0.235294118,0,0,12,-0.164705882,0,3
2022-23,2022/9/1,Leicester,Man United,Home,0,1,10,9,2,2,1,3,1,0,0,0.2,0,0,1,-0.022222222,-0.5,-2
2022-23,2022/9/1,Man United,Leicester,Away,1,0,9,10,2,2,3,1,3,0,3,0.222222222,0.111111111,0.5,-1,0.022222222,0.5,2
2022-23,2022/9/3,Aston Villa,Man City,Home,1,1,3,13,1,4,1,4,2,0,1,0.333333333,0.333333333,1,-10,0.025641026,0.75,-3
2022-23,2022/9/3,Bournemouth,Nott'm Forest,Away,3,2,8,11,3,3,6,4,1,0,3,0.375,0.375,1,-3,0.102272727,0.333333333,2
2022-23,2022/9/3,Brentford,Leeds,Home,5,2,14,17,8,6,2,6,2,0,3,0.571428571,0.357142857,0.625,-3,0.218487395,0.291666667,-4
2022-23,2022/9/3,Chelsea,West Ham,Home,2,1,8,6,3,3,10,3,4,0,3,0.375,0.25,0.666666667,2,-0.125,0.333333333,7
2022-23,2022/9/3,Crystal Palace,Newcastle,Away,0,0,19,23,9,6,5,13,1,0,1,0.473684211,0,0,-4,0.212814645,0,-8
2022-23,2022/9/3,Everton,Liverpool,Home,0,0,14,23,3,8,7,9,2,0,1,0.214285714,0,0,-9,-0.133540373,0,-2
2022-23,2022/9/3,Fulham,Tottenham,Away,1,2,9,23,3,10,3,10,4,0,0,0.333333333,0.111111111,0.333333333,-14,-0.101449275,0.133333333,-7
2022-23,2022/9/3,Leeds,Brentford,Away,2,5,17,14,6,8,6,2,2,0,0,0.352941176,0.117647059,0.333333333,3,-0.218487395,-0.291666667,4
2022-23,2022/9/3,Liverpool,Everton,Away,0,0,23,14,8,3,9,7,2,0,1,0.347826087,0,0,9,0.133540373,0,2
2022-23,2022/9/3,Man City,Aston Villa,Away,1,1,13,3,4,1,4,1,0,0,1,0.307692308,0.076923077,0.25,10,-0.025641026,-0.75,3
2022-23,2022/9/3,Newcastle,Crystal Palace,Home,0,0,23,19,6,9,13,5,2,0,1,0.260869565,0,0,4,-0.212814645,0,8
2022-23,2022/9/3,Nott'm Forest,Bournemouth,Home,2,3,11,8,3,3,4,6,2,0,0,0.272727273,0.181818182,0.666666667,3,-0.102272727,-0.333333333,-2
2022-23,2022/9/3,Southampton,Wolves,Away,0,1,12,7,1,2,6,5,2,0,0,0.083333333,0,0,5,-0.202380952,-0.5,1
2022-23,2022/9/3,Tottenham,Fulham,Home,2,1,23,9,10,3,10,3,3,0,3,0.434782609,0.086956522,0.2,14,0.101449275,-0.133333333,7
2022-23,2022/9/3,West Ham,Chelsea,Away,1,2,6,8,3,3,3,10,2,0,0,0.5,0.166666667,0.333333333,-2,0.125,-0.333333333,-7
2022-23,2022/9/3,Wolves,Southampton,Home,1,0,7,12,2,1,5,6,4,0,3,0.285714286,0.142857143,0.5,-5,0.202380952,0.5,-1
2022-23,2022/9/4,Arsenal,Man United,Away,1,3,16,10,3,6,5,2,3,0,0,0.1875,0.0625,0.333333333,6,-0.4125,-0.166666667,3
2022-23,2022/9/4,Brighton,Leicester,Home,5,2,23,6,11,4,10,1,1,0,3,0.47826087,0.217391304,0.454545455,17,-0.188405797,-0.045454545,9
2022-23,2022/9/4,Leicester,Brighton,Away,2,5,6,23,4,11,1,10,1,0,0,0.666666667,0.333333333,0.5,-17,0.188405797,0.045454545,-9
2022-23,2022/9/4,Man United,Arsenal,Home,3,1,10,16,6,3,2,5,3,0,3,0.6,0.3,0.5,-6,0.4125,0.166666667,-3
2022-23,2022/9/16,Aston Villa,Southampton,Home,1,0,11,7,3,1,6,3,3,0,3,0.272727273,0.090909091,0.333333333,4,0.12987013,0.333333333,3
2022-23,2022/9/16,Fulham,Nott'm Forest,Away,3,2,15,11,7,3,10,2,4,0,3,0.466666667,0.2,0.428571429,4,0.193939394,-0.238095238,8
2022-23,2022/9/16,Nott'm Forest,Fulham,Home,2,3,11,15,3,7,2,10,2,0,0,0.272727273,0.181818182,0.666666667,-4,-0.193939394,0.238095238,-8
2022-23,2022/9/16,Southampton,Aston Villa,Away,0,1,7,11,1,3,3,6,1,0,0,0.142857143,0,0,-4,-0.12987013,-0.333333333,-3
2022-23,2022/9/17,Bournemouth,Newcastle,Away,1,1,10,20,3,7,1,8,2,0,1,0.3,0.1,0.333333333,-10,-0.05,0.19047619,-7
2022-23,2022/9/17,Leicester,Tottenham,Away,2,6,19,16,7,11,1,6,2,0,0,0.368421053,0.105263158,0.285714286,3,-0.319078947,-0.25974026,-5
2022-23,2022/9/17,Man City,Wolves,Away,3,0,16,6,7,1,7,5,1,0,3,0.4375,0.1875,0.428571429,10,0.270833333,0.428571429,2
2022-23,2022/9/17,Newcastle,Bournemouth,Home,1,1,20,10,7,3,8,1,2,0,1,0.35,0.05,0.142857143,10,0.05,-0.19047619,7
2022-23,2022/9/17,Tottenham,Leicester,Home,6,2,16,19,11,7,6,1,1,0,3,0.6875,0.375,0.545454545,-3,0.319078947,0.25974026,5
2022-23,2022/9/17,Wolves,Man City,Home,0,3,6,16,1,7,5,7,2,1,0,0.166666667,0,0,-10,-0.270833333,-0.428571429,-2
2022-23,2022/9/18,Arsenal,Brentford,Away,3,0,13,5,7,2,3,3,2,0,3,0.538461538,0.230769231,0.428571429,8,0.138461538,0.428571429,0
2022-23,2022/9/18,Brentford,Arsenal,Home,0,3,5,13,2,7,3,3,0,0,0,0.4,0,0,-8,-0.138461538,-0.428571429,0
2022-23,2022/9/18,Everton,West Ham,Home,1,0,7,14,2,4,5,14,3,0,3,0.285714286,0.142857143,0.5,-7,0,0.5,-9
2022-23,2022/9/18,West Ham,Everton,Away,0,1,14,7,4,2,14,5,1,0,0,0.285714286,0,0,7,0,-0.5,9
2022-23,2022/10/1,Arsenal,Tottenham,Home,3,1,22,7,9,3,5,2,2,0,3,0.409090909,0.136363636,0.333333333,15,-0.019480519,0,3
2022-23,2022/10/1,Bournemouth,Brentford,Home,0,0,7,13,1,4,7,8,1,0,1,0.142857143,0,0,-6,-0.164835165,0,-1
2022-23,2022/10/1,Brentford,Bournemouth,Away,0,0,13,7,4,1,8,7,2,0,1,0.307692308,0,0,6,0.164835165,0,1
2022-23,2022/10/1,Brighton,Liverpool,Away,3,3,6,15,6,7,2,9,1,0,1,1,0.5,0.5,-9,0.533333333,0.071428571,-7
2022-23,2022/10/1,Chelsea,Crystal Palace,Away,2,1,13,7,3,3,2,5,3,0,3,0.230769231,0.153846154,0.666666667,6,-0.197802198,0.333333333,-3
2022-23,2022/10/1,Crystal Palace,Chelsea,Home,1,2,7,13,3,3,5,2,1,0,0,0.428571429,0.142857143,0.333333333,-6,0.197802198,-0.333333333,3
2022-23,2022/10/1,Everton,Southampton,Away,2,1,12,22,5,6,6,7,2,0,3,0.416666667,0.166666667,0.4,-10,0.143939394,0.233333333,-1
2022-23,2022/10/1,Fulham,Newcastle,Home,1,4,3,19,1,10,1,8,2,1,0,0.333333333,0.333333333,1,-16,-0.192982456,0.6,-7
2022-23,2022/10/1,Liverpool,Brighton,Home,3,3,15,6,7,6,9,2,1,0,1,0.466666667,0.2,0.428571429,9,-0.533333333,-0.071428571,7
2022-23,2022/10/1,Newcastle,Fulham,Away,4,1,19,3,10,1,8,1,0,0,3,0.526315789,0.210526316,0.4,16,0.192982456,-0.6,7
2022-23,2022/10/1,Southampton,Everton,Home,1,2,22,12,6,5,7,6,2,0,0,0.272727273,0.045454545,0.166666667,10,-0.143939394,-0.233333333,1
2022-23,2022/10/1,Tottenham,Arsenal,Away,1,3,7,22,3,9,2,5,1,1,0,0.428571429,0.142857143,0.333333333,-15,0.019480519,0,-3
2022-23,2022/10/1,West Ham,Wolves,Home,2,0,18,15,5,4,1,6,2,0,3,0.277777778,0.111111111,0.4,3,0.011111111,0.4,-5
2022-23,2022/10/1,Wolves,West Ham,Away,0,2,15,18,4,5,6,1,2,0,0,0.266666667,0,0,-3,-0.011111111,-0.4,5
2022-23,2022/10/2,Aston Villa,Leeds,Away,0,0,19,9,7,1,9,2,2,0,1,0.368421053,0,0,10,0.257309942,0,7
2022-23,2022/10/2,Leeds,Aston Villa,Home,0,0,9,19,1,7,2,9,3,1,1,0.111111111,0,0,-10,-0.257309942,0,-7
2022-23,2022/10/2,Man City,Man United,Home,6,3,22,12,10,8,5,1,0,0,3,0.454545455,0.272727273,0.6,10,-0.212121212,0.225,4
2022-23,2022/10/2,Man United,Man City,Away,3,6,12,22,8,10,1,5,3,0,0,0.666666667,0.25,0.375,-10,0.212121212,-0.225,-4
2022-23,2022/10/3,Leicester,Nott'm Forest,Home,4,0,17,10,7,3,6,6,2,0,3,0.411764706,0.235294118,0.571428571,7,0.111764706,0.571428571,0
2022-23,2022/10/3,Nott'm Forest,Leicester,Away,0,4,10,17,3,7,6,6,4,0,0,0.3,0,0,-7,-0.111764706,-0.571428571,0
2022-23,2022/10/8,Bournemouth,Leicester,Home,2,1,10,9,4,5,7,2,1,0,3,0.4,0.2,0.5,1,-0.155555556,0.3,5
2022-23,2022/10/8,Brentford,Newcastle,Away,1,5,6,16,3,6,5,9,1,0,0,0.5,0.166666667,0.333333333,-10,0.125,-0.5,-4
2022-23,2022/10/8,Brighton,Tottenham,Home,0,1,14,8,4,3,6,2,1,0,0,0.285714286,0,0,6,-0.089285714,-0.333333333,4
2022-23,2022/10/8,Chelsea,Wolves,Home,3,0,20,8,7,2,4,2,2,0,3,0.35,0.15,0.428571429,12,0.1,0.428571429,2
2022-23,2022/10/8,Leicester,Bournemouth,Away,1,2,9,10,5,4,2,7,2,0,0,0.555555556,0.111111111,0.2,-1,0.155555556,-0.3,-5
2022-23,2022/10/8,Man City,Southampton,Home,4,0,21,5,8,0,9,1,0,0,3,0.380952381,0.19047619,0.5,16,0.380952381,0.5,8
2022-23,2022/10/8,Newcastle,Brentford,Home,5,1,16,6,6,3,9,5,0,0,3,0.375,0.3125,0.833333333,10,-0.125,0.5,4
2022-23,2022/10/8,Southampton,Man City,Away,0,4,5,21,0,8,1,9,1,0,0,0,0,0,-16,-0.380952381,-0.5,-8
2022-23,2022/10/8,Tottenham,Brighton,Away,1,0,8,14,3,4,2,6,2,0,3,0.375,0.125,0.333333333,-6,0.089285714,0.333333333,-4
2022-23,2022/10/8,Wolves,Chelsea,Away,0,3,8,20,2,7,2,4,0,0,0,0.25,0,0,-12,-0.1,-0.428571429,-2
2022-23,2022/10/9,Arsenal,Liverpool,Home,3,2,11,8,7,3,4,3,1,0,3,0.636363636,0.272727273,0.428571429,3,0.261363636,-0.238095238,1
2022-23,2022/10/9,Crystal Palace,Leeds,Home,2,1,13,10,5,4,5,3,3,0,3,0.384615385,0.153846154,0.4,3,-0.015384615,0.15,2
2022-23,2022/10/9,Everton,Man United,Home,1,2,11,12,2,4,5,4,2,0,0,0.181818182,0.090909091,0.5,-1,-0.151515152,0,1
2022-23,2022/10/9,Fulham,West Ham,Away,1,3,8,17,2,8,2,4,3,0,0,0.25,0.125,0.5,-9,-0.220588235,0.125,-2
2022-23,2022/10/9,Leeds,Crystal Palace,Away,1,2,10,13,4,5,3,5,3,0,0,0.4,0.1,0.25,-3,0.015384615,-0.15,-2
2022-23,2022/10/9,Liverpool,Arsenal,Away,2,3,8,11,3,7,3,4,2,0,0,0.375,0.25,0.666666667,-3,-0.261363636,0.238095238,-1
2022-23,2022/10/9,Man United,Everton,Away,2,1,12,11,4,2,4,5,1,0,3,0.333333333,0.166666667,0.5,1,0.151515152,0,-1
2022-23,2022/10/9,West Ham,Fulham,Home,3,1,17,8,8,2,4,2,1,0,3,0.470588235,0.176470588,0.375,9,0.220588235,-0.125,2
2022-23,2022/10/10,Aston Villa,Nott'm Forest,Away,1,1,12,6,2,3,4,1,3,0,1,0.166666667,0.083333333,0.5,6,-0.333333333,0.166666667,3
2022-23,2022/10/10,Nott'm Forest,Aston Villa,Home,1,1,6,12,3,2,1,4,3,0,1,0.5,0.166666667,0.333333333,-6,0.333333333,-0.166666667,-3
2022-23,2022/10/14,Brentford,Brighton,Home,2,0,7,21,3,7,2,11,3,0,3,0.428571429,0.285714286,0.666666667,-14,0.095238095,0.666666667,-9
2022-23,2022/10/14,Brighton,Brentford,Away,0,2,21,7,7,3,11,2,1,0,0,0.333333333,0,0,14,-0.095238095,-0.666666667,9
2022-23,2022/10/15,Bournemouth,Fulham,Away,2,2,10,19,6,4,6,5,0,0,1,0.6,0.2,0.333333333,-9,0.389473684,-0.166666667,1
2022-23,2022/10/15,Crystal Palace,Leicester,Away,0,0,8,14,1,5,2,9,2,0,1,0.125,0,0,-6,-0.232142857,0,-7
2022-23,2022/10/15,Everton,Tottenham,Away,0,2,4,21,0,7,1,7,4,0,0,0,0,0,-17,-0.333333333,-0.285714286,-6
2022-23,2022/10/15,Fulham,Bournemouth,Home,2,2,19,10,4,6,5,6,2,0,1,0.210526316,0.105263158,0.5,9,-0.389473684,0.166666667,-1
2022-23,2022/10/15,Leicester,Crystal Palace,Home,0,0,14,8,5,1,9,2,2,0,1,0.357142857,0,0,6,0.232142857,0,7
2022-23,2022/10/15,Nott'm Forest,Wolves,Away,0,1,10,9,2,2,5,4,2,0,0,0.2,0,0,1,-0.022222222,-0.5,1
2022-23,2022/10/15,Tottenham,Everton,Home,2,0,21,4,7,0,7,1,1,0,3,0.333333333,0.095238095,0.285714286,17,0.333333333,0.285714286,6
2022-23,2022/10/15,Wolves,Nott'm Forest,Home,1,0,9,10,2,2,4,5,2,0,3,0.222222222,0.111111111,0.5,-1,0.022222222,0.5,-1
2022-23,2022/10/16,Arsenal,Leeds,Away,1,0,9,16,4,4,3,6,2,0,3,0.444444444,0.111111111,0.25,-7,0.194444444,0.25,-3
2022-23,2022/10/16,Aston Villa,Chelsea,Home,0,2,18,8,7,4,7,1,0,0,0,0.388888889,0,0,10,-0.111111111,-0.5,6
2022-23,2022/10/16,Chelsea,Aston Villa,Away,2,0,8,18,4,7,1,7,3,0,3,0.5,0.25,0.5,-10,0.111111111,0.5,-6
2022-23,2022/10/16,Leeds,Arsenal,Home,0,1,16,9,4,4,6,3,0,0,0,0.25,0,0,7,-0.194444444,-0.25,3
2022-23,2022/10/16,Liverpool,Man City,Home,1,0,13,16,2,6,5,6,3,0,3,0.153846154,0.076923077,0.5,-3,-0.221153846,0.5,-1
2022-23,2022/10/16,Man City,Liverpool,Away,0,1,16,13,6,2,6,5,1,0,0,0.375,0,0,3,0.221153846,-0.5,1
2022-23,2022/10/16,Man United,Newcastle,Home,0,0,15,9,2,2,4,4,3,0,1,0.133333333,0,0,6,-0.088888889,0,0
2022-23,2022/10/16,Newcastle,Man United,Away,0,0,9,15,2,2,4,4,1,0,1,0.222222222,0,0,-6,0.088888889,0,0
2022-23,2022/10/16,Southampton,West Ham,Home,1,1,10,25,8,4,4,14,1,0,1,0.8,0.1,0.125,-15,0.64,-0.125,-10
2022-23,2022/10/16,West Ham,Southampton,Away,1,1,25,10,4,8,14,4,1,0,1,0.16,0.04,0.25,15,-0.64,0.125,10
2022-23,2022/10/18,Brighton,Nott'm Forest,Home,0,0,19,3,7,0,9,1,3,0,1,0.368421053,0,0,16,0.368421053,0,8
2022-23,2022/10/18,Crystal Palace,Wolves,Home,2,1,14,10,4,4,4,3,3,0,3,0.285714286,0.142857143,0.5,4,-0.114285714,0.25,1
2022-23,2022/10/18,Nott'm Forest,Brighton,Away,0,0,3,19,0,7,1,9,1,0,1,0,0,0,-16,-0.368421053,0,-8
2022-23,2022/10/18,Wolves,Crystal Palace,Away,1,2,10,14,4,4,3,4,1,0,0,0.4,0.1,0.25,-4,0.114285714,-0.25,-1
2022-23,2022/10/19,Bournemouth,Southampton,Home,0,1,15,9,3,3,7,3,1,0,0,0.2,0,0,6,-0.133333333,-0.333333333,4
2022-23,2022/10/19,Brentford,Chelsea,Home,0,0,8,14,5,5,6,2,0,0,1,0.625,0,0,-6,0.267857143,0,4
2022-23,2022/10/19,Chelsea,Brentford,Away,0,0,14,8,5,5,2,6,0,0,1,0.357142857,0,0,6,-0.267857143,0,-4
2022-23,2022/10/19,Everton,Newcastle,Away,0,1,1,16,0,4,2,8,4,0,0,0,0,0,-15,-0.25,-0.25,-6
2022-23,2022/10/19,Liverpool,West Ham,Home,1,0,22,8,7,3,8,3,0,0,3,0.318181818,0.045454545,0.142857143,14,-0.056818182,0.142857143,5
2022-23,2022/10/19,Man United,Tottenham,Home,2,0,28,9,10,2,8,3,1,0,3,0.357142857,0.071428571,0.2,19,0.134920635,0.2,5
2022-23,2022/10/19,Newcastle,Everton,Home,1,0,16,1,4,0,8,2,2,0,3,0.25,0.0625,0.25,15,0.25,0.25,6
2022-23,2022/10/19,Southampton,Bournemouth,Away,1,0,9,15,3,3,3,7,3,0,3,0.333333333,0.111111111,0.333333333,-6,0.133333333,0.333333333,-4
2022-23,2022/10/19,Tottenham,Man United,Away,0,2,9,28,2,10,3,8,0,0,0,0.222222222,0,0,-19,-0.134920635,-0.2,-5
2022-23,2022/10/19,West Ham,Liverpool,Away,0,1,8,22,3,7,3,8,0,0,0,0.375,0,0,-14,0.056818182,-0.142857143,-5
2022-23,2022/10/20,Aston Villa,Fulham,Away,0,3,12,18,6,8,7,9,2,1,0,0.5,0,0,-6,0.055555556,-0.375,-2
2022-23,2022/10/20,Fulham,Aston Villa,Home,3,0,18,12,8,6,9,7,0,0,3,0.444444444,0.166666667,0.375,6,-0.055555556,0.375,2
2022-23,2022/10/20,Leeds,Leicester,Away,0,2,14,5,2,1,9,2,1,0,0,0.142857143,0,0,9,-0.057142857,-2,7
2022-23,2022/10/20,Leicester,Leeds,Home,2,0,5,14,1,2,2,9,2,0,3,0.2,0.4,2,-9,0.057142857,2,-7
2022-23,2022/10/22,Brighton,Man City,Away,1,3,8,10,2,4,3,7,3,0,0,0.25,0.125,0.5,-2,-0.15,-0.25,-4
2022-23,2022/10/22,Chelsea,Man United,Home,1,1,6,13,2,6,6,4,1,0,1,0.333333333,0.166666667,0.5,-7,-0.128205128,0.333333333,2
2022-23,2022/10/22,Crystal Palace,Everton,Away,0,3,9,9,2,6,4,3,4,0,0,0.222222222,0,0,0,-0.444444444,-0.5,1
2022-23,2022/10/22,Everton,Crystal Palace,Home,3,0,9,9,6,2,3,4,3,0,3,0.666666667,0.333333333,0.5,0,0.444444444,0.5,-1
2022-23,2022/10/22,Liverpool,Nott'm Forest,Away,0,1,15,10,7,7,11,2,1,0,0,0.466666667,0,0,5,-0.233333333,-0.142857143,9
2022-23,2022/10/22,Man City,Brighton,Home,3,1,10,8,4,2,7,3,1,0,3,0.4,0.3,0.75,2,0.15,0.25,4
2022-23,2022/10/22,Man United,Chelsea,Away,1,1,13,6,6,2,4,6,4,0,1,0.461538462,0.076923077,0.166666667,7,0.128205128,-0.333333333,-2
2022-23,2022/10/22,Nott'm Forest,Liverpool,Home,1,0,10,15,7,7,2,11,2,0,3,0.7,0.1,0.142857143,-5,0.233333333,0.142857143,-9
2022-23,2022/10/23,Arsenal,Southampton,Away,1,1,12,10,3,3,4,9,1,0,1,0.25,0.083333333,0.333333333,2,-0.05,0,-5
2022-23,2022/10/23,Aston Villa,Brentford,Home,4,0,19,12,11,3,7,6,1,0,3,0.578947368,0.210526316,0.363636364,7,0.328947368,0.363636364,1
2022-23,2022/10/23,Brentford,Aston Villa,Away,0,4,12,19,3,11,6,7,0,0,0,0.25,0,0,-7,-0.328947368,-0.363636364,-1
2022-23,2022/10/23,Fulham,Leeds,Away,3,2,11,14,5,5,6,3,1,0,3,0.454545455,0.272727273,0.6,-3,0.097402597,0.2,3
2022-23,2022/10/23,Leeds,Fulham,Home,2,3,14,11,5,5,3,6,1,0,0,0.357142857,0.142857143,0.4,3,-0.097402597,-0.2,-3
2022-23,2022/10/23,Leicester,Wolves,Away,4,0,5,21,4,5,2,9,1,0,3,0.8,0.8,1,-16,0.561904762,1,-7
2022-23,2022/10/23,Newcastle,Tottenham,Away,2,1,13,17,5,5,7,6,2,0,3,0.384615385,0.153846154,0.4,-4,0.090497738,0.2,1
2022-23,2022/10/23,Southampton,Arsenal,Home,1,1,10,12,3,3,9,4,2,0,1,0.3,0.1,0.333333333,-2,0.05,0,5
2022-23,2022/10/23,Tottenham,Newcastle,Home,1,2,17,13,5,5,6,7,4,0,0,0.294117647,0.058823529,0.2,4,-0.090497738,-0.2,-1
2022-23,2022/10/23,Wolves,Leicester,Home,0,4,21,5,5,4,9,2,2,0,0,0.238095238,0,0,16,-0.561904762,-1,7
2022-23,2022/10/24,Bournemouth,West Ham,Away,0,2,5,20,3,4,0,5,2,0,0,0.6,0,0,-15,0.4,-0.5,-5
2022-23,2022/10/24,West Ham,Bournemouth,Home,2,0,20,5,4,3,5,0,0,0,3,0.2,0.1,0.5,15,-0.4,0.5,5
2022-23,2022/10/29,Aston Villa,Newcastle,Away,0,4,3,20,0,7,0,3,1,0,0,0,0,0,-17,-0.35,-0.571428571,-3
2022-23,2022/10/29,Bournemouth,Tottenham,Home,2,3,6,23,4,7,2,19,1,0,0,0.666666667,0.333333333,0.5,-17,0.362318841,0.071428571,-17
2022-23,2022/10/29,Brentford,Wolves,Home,1,1,12,14,3,4,3,6,3,0,1,0.25,0.083333333,0.333333333,-2,-0.035714286,0.083333333,-3
2022-23,2022/10/29,Brighton,Chelsea,Home,4,1,19,15,9,7,8,7,1,0,3,0.473684211,0.210526316,0.444444444,4,0.007017544,0.301587302,1
2022-23,2022/10/29,Chelsea,Brighton,Away,1,4,15,19,7,9,7,8,2,0,0,0.466666667,0.066666667,0.142857143,-4,-0.007017544,-0.301587302,-1
2022-23,2022/10/29,Crystal Palace,Southampton,Home,1,0,12,14,3,4,8,4,3,0,3,0.25,0.083333333,0.333333333,-2,-0.035714286,0.333333333,4
2022-23,2022/10/29,Everton,Fulham,Away,0,0,9,24,4,6,4,13,1,0,1,0.444444444,0,0,-15,0.194444444,0,-9
2022-23,2022/10/29,Fulham,Everton,Home,0,0,24,9,6,4,13,4,2,0,1,0.25,0,0,15,-0.194444444,0,9
2022-23,2022/10/29,Leeds,Liverpool,Away,2,1,14,22,6,10,5,14,1,0,3,0.428571429,0.142857143,0.333333333,-8,-0.025974026,0.233333333,-9
2022-23,2022/10/29,Leicester,Man City,Home,0,1,10,15,5,5,3,10,0,0,0,0.5,0,0,-5,0.166666667,-0.2,-7
2022-23,2022/10/29,Liverpool,Leeds,Home,1,2,22,14,10,6,14,5,0,0,0,0.454545455,0.045454545,0.1,8,0.025974026,-0.233333333,9
2022-23,2022/10/29,Man City,Leicester,Away,1,0,15,10,5,5,10,3,0,0,3,0.333333333,0.066666667,0.2,5,-0.166666667,0.2,7
2022-23,2022/10/29,Newcastle,Aston Villa,Home,4,0,20,3,7,0,3,0,1,0,3,0.35,0.2,0.571428571,17,0.35,0.571428571,3
2022-23,2022/10/29,Southampton,Crystal Palace,Away,0,1,14,12,4,3,4,8,3,0,0,0.285714286,0,0,2,0.035714286,-0.333333333,-4
2022-23,2022/10/29,Tottenham,Bournemouth,Away,3,2,23,6,7,4,19,2,2,0,3,0.304347826,0.130434783,0.428571429,17,-0.362318841,-0.071428571,17
2022-23,2022/10/29,Wolves,Brentford,Away,1,1,14,12,4,3,6,3,3,1,1,0.285714286,0.071428571,0.25,2,0.035714286,-0.083333333,3
2022-23,2022/10/30,Arsenal,Nott'm Forest,Home,5,0,24,5,10,2,9,4,0,0,3,0.416666667,0.208333333,0.5,19,0.016666667,0.5,5
2022-23,2022/10/30,Man United,West Ham,Home,1,0,16,13,3,5,5,10,1,0,3,0.1875,0.0625,0.333333333,3,-0.197115385,0.333333333,-5
2022-23,2022/10/30,Nott'm Forest,Arsenal,Away,0,5,5,24,2,10,4,9,1,0,0,0.4,0,0,-19,-0.016666667,-0.5,-5
2022-23,2022/10/30,West Ham,Man United,Away,0,1,13,16,5,3,10,5,3,0,0,0.384615385,0,0,-3,0.197115385,-0.333333333,5
2022-23,2022/11/5,Bournemouth,Leeds,Away,3,4,9,18,6,4,3,13,2,0,0,0.666666667,0.333333333,0.5,-9,0.444444444,-0.5,-10
2022-23,2022/11/5,Brentford,Nott'm Forest,Away,2,2,6,15,2,7,3,3,2,0,1,0.333333333,0.333333333,1,-9,-0.133333333,0.714285714,0
2022-23,2022/11/5,Brighton,Wolves,Away,3,2,19,8,8,5,9,4,0,0,3,0.421052632,0.157894737,0.375,11,-0.203947368,-0.025,5
2022-23,2022/11/5,Everton,Leicester,Home,0,2,12,22,2,8,8,3,0,0,0,0.166666667,0,0,-10,-0.196969697,-0.25,5
2022-23,2022/11/5,Fulham,Man City,Away,1,2,4,16,2,5,0,9,4,0,0,0.5,0.25,0.5,-12,0.1875,0.1,-9
2022-23,2022/11/5,Leeds,Bournemouth,Home,4,3,18,9,4,6,13,3,2,0,3,0.222222222,0.222222222,1,9,-0.444444444,0.5,10
2022-23,2022/11/5,Leicester,Everton,Away,2,0,22,12,8,2,3,8,0,0,3,0.363636364,0.090909091,0.25,10,0.196969697,0.25,-5
2022-23,2022/11/5,Man City,Fulham,Home,2,1,16,4,5,2,9,0,2,1,3,0.3125,0.125,0.4,12,-0.1875,-0.1,9
2022-23,2022/11/5,Nott'm Forest,Brentford,Home,2,2,15,6,7,2,3,3,2,0,1,0.466666667,0.133333333,0.285714286,9,0.133333333,-0.714285714,0
2022-23,2022/11/5,Wolves,Brighton,Home,2,3,8,19,5,8,4,9,2,1,0,0.625,0.25,0.4,-11,0.203947368,0.025,-5
2022-23,2022/11/6,Arsenal,Chelsea,Away,1,0,14,5,2,1,6,4,2,0,3,0.142857143,0.071428571,0.5,9,-0.057142857,0.5,2
2022-23,2022/11/6,Aston Villa,Man United,Home,3,1,6,8,4,3,3,5,3,0,3,0.666666667,0.5,0.75,-2,0.291666667,0.416666667,-2
2022-23,2022/11/6,Chelsea,Arsenal,Home,0,1,5,14,1,2,4,6,5,0,0,0.2,0,0,-9,0.057142857,-0.5,-2
2022-23,2022/11/6,Crystal Palace,West Ham,Away,2,1,15,5,6,2,5,2,1,0,3,0.4,0.133333333,0.333333333,10,0,-0.166666667,3
2022-23,2022/11/6,Liverpool,Tottenham,Away,2,1,13,14,6,5,3,5,0,0,3,0.461538462,0.153846154,0.333333333,-1,0.104395604,0.133333333,-2
2022-23,2022/11/6,Man United,Aston Villa,Away,1,3,8,6,3,4,5,3,3,0,0,0.375,0.125,0.333333333,2,-0.291666667,-0.416666667,2
2022-23,2022/11/6,Newcastle,Southampton,Away,4,1,7,16,4,5,2,8,0,0,3,0.571428571,0.571428571,1,-9,0.258928571,0.8,-6
2022-23,2022/11/6,Southampton,Newcastle,Home,1,4,16,7,5,4,8,2,1,0,0,0.3125,0.0625,0.2,9,-0.258928571,-0.8,6
2022-23,2022/11/6,Tottenham,Liverpool,Home,1,2,14,13,5,6,5,3,0,0,0,0.357142857,0.071428571,0.2,1,-0.104395604,-0.133333333,2
2022-23,2022/11/6,West Ham,Crystal Palace,Home,1,2,5,15,2,6,2,5,1,0,0,0.4,0.2,0.5,-10,0,0.166666667,-3
2022-23,2022/11/12,Arsenal,Wolves,Away,2,0,14,11,4,2,4,6,2,0,3,0.285714286,0.142857143,0.5,3,0.103896104,0.5,-2
2022-23,2022/11/12,Bournemouth,Everton,Home,3,0,16,15,9,3,3,5,2,0,3,0.5625,0.1875,0.333333333,1,0.3625,0.333333333,-2
2022-23,2022/11/12,Brentford,Man City,Away,2,1,10,29,8,6,2,10,2,0,3,0.8,0.2,0.25,-19,0.593103448,0.083333333,-8
2022-23,2022/11/12,Chelsea,Newcastle,Away,0,1,5,10,2,3,3,5,2,0,0,0.4,0,0,-5,0.1,-0.333333333,-2
2022-23,2022/11/12,Crystal Palace,Nott'm Forest,Away,0,1,8,9,0,2,5,1,4,0,0,0,0,0,-1,-0.222222222,-0.5,4
2022-23,2022/11/12,Everton,Bournemouth,Away,0,3,15,16,3,9,5,3,0,0,0,0.2,0,0,-1,-0.3625,-0.333333333,2
2022-23,2022/11/12,Leeds,Tottenham,Away,3,4,12,14,5,8,2,9,1,1,0,0.416666667,0.25,0.6,-2,-0.154761905,0.1,-7
2022-23,2022/11/12,Leicester,West Ham,Away,2,0,9,18,6,6,2,7,1,0,3,0.666666667,0.222222222,0.333333333,-9,0.333333333,0.333333333,-5
2022-23,2022/11/12,Liverpool,Southampton,Home,3,1,15,9,7,5,6,0,0,0,3,0.466666667,0.2,0.428571429,6,-0.088888889,0.228571429,6
2022-23,2022/11/12,Man City,Brentford,Home,1,2,29,10,6,8,10,2,2,0,0,0.206896552,0.034482759,0.166666667,19,-0.593103448,-0.083333333,8
2022-23,2022/11/12,Newcastle,Chelsea,Home,1,0,10,5,3,2,5,3,3,0,3,0.3,0.1,0.333333333,5,-0.1,0.333333333,2
2022-23,2022/11/12,Nott'm Forest,Crystal Palace,Home,1,0,9,8,2,0,1,5,1,0,3,0.222222222,0.111111111,0.5,1,0.222222222,0.5,-4
2022-23,2022/11/12,Southampton,Liverpool,Away,1,3,9,15,5,7,0,6,2,0,0,0.555555556,0.111111111,0.2,-6,0.088888889,-0.228571429,-6
2022-23,2022/11/12,Tottenham,Leeds,Home,4,3,14,12,8,5,9,2,1,0,3,0.571428571,0.285714286,0.5,2,0.154761905,-0.1,7
2022-23,2022/11/12,West Ham,Leicester,Home,0,2,18,9,6,6,7,2,3,0,0,0.333333333,0,0,9,-0.333333333,-0.333333333,5
2022-23,2022/11/12,Wolves,Arsenal,Home,0,2,11,14,2,4,6,4,3,0,0,0.181818182,0,0,-3,-0.103896104,-0.5,2
2022-23,2022/11/13,Aston Villa,Brighton,Away,2,1,8,7,2,2,4,11,7,0,3,0.25,0.25,1,1,-0.035714286,0.5,-7
2022-23,2022/11/13,Brighton,Aston Villa,Home,1,2,7,8,2,2,11,4,2,0,0,0.285714286,0.142857143,0.5,-1,0.035714286,-0.5,7
2022-23,2022/11/13,Fulham,Man United,Home,1,2,14,14,7,9,10,3,1,0,0,0.5,0.071428571,0.142857143,0,-0.142857143,-0.079365079,7
2022-23,2022/11/13,Man United,Fulham,Away,2,1,14,14,9,7,3,10,1,0,3,0.642857143,0.142857143,0.222222222,0,0.142857143,0.079365079,-7
2022-23,2022/12/26,Arsenal,West Ham,Home,3,1,16,8,5,4,7,5,0,0,3,0.3125,0.1875,0.6,8,-0.1875,0.35,2
2022-23,2022/12/26,Aston Villa,Liverpool,Home,1,3,12,16,6,9,0,6,0,0,0,0.5,0.083333333,0.166666667,-4,-0.0625,-0.166666667,-6
2022-23,2022/12/26,Brentford,Tottenham,Home,2,2,9,16,5,8,6,5,3,0,1,0.555555556,0.222222222,0.4,-7,0.055555556,0.15,1
2022-23,2022/12/26,Brighton,Southampton,Away,3,1,7,14,4,4,2,4,2,0,3,0.571428571,0.428571429,0.75,-7,0.285714286,0.5,-2
2022-23,2022/12/26,Crystal Palace,Fulham,Home,0,3,4,23,0,11,1,8,0,2,0,0,0,0,-19,-0.47826087,-0.272727273,-7
2022-23,2022/12/26,Everton,Wolves,Home,1,2,12,7,6,4,2,2,1,0,0,0.5,0.083333333,0.166666667,5,-0.071428571,-0.333333333,0
2022-23,2022/12/26,Fulham,Crystal Palace,Away,3,0,23,4,11,0,8,1,0,0,3,0.47826087,0.130434783,0.272727273,19,0.47826087,0.272727273,7
2022-23,2022/12/26,Leicester,Newcastle,Home,0,3,8,12,2,5,5,5,0,0,0,0.25,0,0,-4,-0.166666667,-0.6,0
2022-23,2022/12/26,Liverpool,Aston Villa,Away,3,1,16,12,9,6,6,0,0,0,3,0.5625,0.1875,0.333333333,4,0.0625,0.166666667,6
2022-23,2022/12/26,Newcastle,Leicester,Away,3,0,12,8,5,2,5,5,0,0,3,0.416666667,0.25,0.6,4,0.166666667,0.6,0
2022-23,2022/12/26,Southampton,Brighton,Home,1,3,14,7,4,4,4,2,1,0,0,0.285714286,0.071428571,0.25,7,-0.285714286,-0.5,2
2022-23,2022/12/26,Tottenham,Brentford,Away,2,2,16,9,8,5,5,6,1,0,1,0.5,0.125,0.25,7,-0.055555556,-0.15,-1
2022-23,2022/12/26,West Ham,Arsenal,Away,1,3,8,16,4,5,5,7,2,0,0,0.5,0.125,0.25,-8,0.1875,-0.35,-2
2022-23,2022/12/26,Wolves,Everton,Away,2,1,7,12,4,6,2,2,6,0,3,0.571428571,0.285714286,0.5,-5,0.071428571,0.333333333,0
2022-23,2022/12/27,Bournemouth,Chelsea,Away,0,2,9,15,4,5,8,6,0,0,0,0.444444444,0,0,-6,0.111111111,-0.4,2
2022-23,2022/12/27,Chelsea,Bournemouth,Home,2,0,15,9,5,4,6,8,0,0,3,0.333333333,0.133333333,0.4,6,-0.111111111,0.4,-2
2022-23,2022/12/27,Man United,Nott'm Forest,Home,3,0,17,8,8,3,9,9,3,0,3,0.470588235,0.176470588,0.375,9,0.095588235,0.375,0
2022-23,2022/12/27,Nott'm Forest,Man United,Away,0,3,8,17,3,8,9,9,1,0,0,0.375,0,0,-9,-0.095588235,-0.375,0
2022-23,2022/12/28,Leeds,Man City,Home,1,3,9,26,1,9,3,5,3,0,0,0.111111111,0.111111111,1,-17,-0.235042735,0.666666667,-2
2022-23,2022/12/28,Man City,Leeds,Away,3,1,26,9,9,1,5,3,3,0,3,0.346153846,0.115384615,0.333333333,17,0.235042735,-0.666666667,2
2022-23,2022/12/30,Brentford,West Ham,Away,2,0,9,20,6,5,1,8,0,0,3,0.666666667,0.222222222,0.333333333,-11,0.416666667,0.333333333,-7
2022-23,2022/12/30,Leicester,Liverpool,Away,1,2,7,21,2,5,5,4,1,0,0,0.285714286,0.142857143,0.5,-14,0.047619048,0.1,1
2022-23,2022/12/30,Liverpool,Leicester,Home,2,1,21,7,5,2,4,5,0,0,3,0.238095238,0.095238095,0.4,14,-0.047619048,-0.1,-1
2022-23,2022/12/30,West Ham,Brentford,Home,0,2,20,9,5,6,8,1,1,0,0,0.25,0,0,11,-0.416666667,-0.333333333,7
2022-23,2022/12/31,Arsenal,Brighton,Away,4,2,14,9,7,5,4,7,3,0,3,0.5,0.285714286,0.571428571,5,-0.055555556,0.171428571,-3
2022-23,2022/12/31,Bournemouth,Crystal Palace,Home,0,2,6,15,2,6,2,7,4,0,0,0.333333333,0,0,-9,-0.066666667,-0.333333333,-5
2022-23,2022/12/31,Brighton,Arsenal,Home,2,4,9,14,5,7,7,4,3,0,0,0.555555556,0.222222222,0.4,-5,0.055555556,-0.171428571,3
2022-23,2022/12/31,Crystal Palace,Bournemouth,Away,2,0,15,6,6,2,7,2,1,0,3,0.4,0.133333333,0.333333333,9,0.066666667,0.333333333,5
2022-23,2022/12/31,Everton,Man City,Away,1,1,2,16,1,3,1,7,4,0,1,0.5,0.5,1,-14,0.3125,0.666666667,-6
2022-23,2022/12/31,Fulham,Southampton,Home,2,1,8,9,2,3,4,4,0,0,3,0.25,0.25,1,-1,-0.083333333,0.666666667,0
2022-23,2022/12/31,Leeds,Newcastle,Away,0,0,8,16,1,5,3,9,5,0,1,0.125,0,0,-8,-0.1875,0,-6
2022-23,2022/12/31,Man City,Everton,Home,1,1,16,2,3,1,7,1,3,0,1,0.1875,0.0625,0.333333333,14,-0.3125,-0.666666667,6
2022-23,2022/12/31,Man United,Wolves,Away,1,0,16,10,6,3,5,7,3,0,3,0.375,0.0625,0.166666667,6,0.075,0.166666667,-2
2022-23,2022/12/31,Newcastle,Leeds,Home,0,0,16,8,5,1,9,3,3,0,1,0.3125,0,0,8,0.1875,0,6
2022-23,2022/12/31,Southampton,Fulham,Away,1,2,9,8,3,2,4,4,1,0,0,0.333333333,0.111111111,0.333333333,1,0.083333333,-0.666666667,0
2022-23,2022/12/31,Wolves,Man United,Home,0,1,10,16,3,6,7,5,1,0,0,0.3,0,0,-6,-0.075,-0.166666667,2
2022-23,2023/1/1,Aston Villa,Tottenham,Away,2,0,13,6,4,2,3,5,3,0,3,0.307692308,0.153846154,0.5,7,-0.025641026,0.5,-2
2022-23,2023/1/1,Chelsea,Nott'm Forest,Away,1,1,7,12,2,5,2,1,2,0,1,0.285714286,0.142857143,0.5,-5,-0.130952381,0.3,1
2022-23,2023/1/1,Nott'm Forest,Chelsea,Home,1,1,12,7,5,2,1,2,2,0,1,0.416666667,0.083333333,0.2,5,0.130952381,-0.3,-1
2022-23,2023/1/1,Tottenham,Aston Villa,Home,0,2,6,13,2,4,5,3,4,0,0,0.333333333,0,0,-7,0.025641026,-0.5,2
2022-23,2023/1/2,Brentford,Liverpool,Home,3,1,10,16,7,6,4,9,1,0,3,0.7,0.3,0.428571429,-6,0.325,0.261904762,-5
2022-23,2023/1/2,Liverpool,Brentford,Away,1,3,16,10,6,7,9,4,3,0,0,0.375,0.0625,0.166666667,6,-0.325,-0.261904762,5
2022-23,2023/1/3,Arsenal,Newcastle,Home,0,0,17,8,4,1,5,5,4,0,1,0.235294118,0,0,9,0.110294118,0,0
2022-23,2023/1/3,Bournemouth,Man United,Away,0,3,7,18,4,6,5,6,3,0,0,0.571428571,0,0,-11,0.238095238,-0.5,-1
2022-23,2023/1/3,Brighton,Everton,Away,4,1,19,10,8,4,2,5,1,0,3,0.421052632,0.210526316,0.5,9,0.021052632,0.25,-3
2022-23,2023/1/3,Everton,Brighton,Home,1,4,10,19,4,8,5,2,3,0,0,0.4,0.1,0.25,-9,-0.021052632,-0.25,3
2022-23,2023/1/3,Fulham,Leicester,Away,1,0,11,15,2,6,3,6,6,0,3,0.181818182,0.090909091,0.5,-4,-0.218181818,0.5,-3
2022-23,2023/1/3,Leicester,Fulham,Home,0,1,15,11,6,2,6,3,2,0,0,0.4,0,0,4,0.218181818,-0.5,3
2022-23,2023/1/3,Man United,Bournemouth,Home,3,0,18,7,6,4,6,5,0,0,3,0.333333333,0.166666667,0.5,11,-0.238095238,0.5,1
2022-23,2023/1/3,Newcastle,Arsenal,Away,0,0,8,17,1,4,5,5,4,0,1,0.125,0,0,-9,-0.110294118,0,0
2022-23,2023/1/4,Aston Villa,Wolves,Home,1,1,13,10,4,3,7,8,1,0,1,0.307692308,0.076923077,0.25,3,0.007692308,-0.083333333,-1
2022-23,2023/1/4,Crystal Palace,Tottenham,Home,0,4,19,14,4,6,10,4,1,0,0,0.210526316,0,0,5,-0.218045113,-0.666666667,6
2022-23,2023/1/4,Leeds,West Ham,Home,2,2,14,15,6,2,8,1,3,0,1,0.428571429,0.142857143,0.333333333,-1,0.295238095,-0.666666667,7
2022-23,2023/1/4,Nott'm Forest,Southampton,Away,1,0,11,8,1,0,2,6,2,0,3,0.090909091,0.090909091,1,3,0.090909091,1,-4
2022-23,2023/1/4,Southampton,Nott'm Forest,Home,0,1,8,11,0,1,6,2,2,0,0,0,0,0,-3,-0.090909091,-1,4
2022-23,2023/1/4,Tottenham,Crystal Palace,Away,4,0,14,19,6,4,4,10,2,0,3,0.428571429,0.285714286,0.666666667,-5,0.218045113,0.666666667,-6
2022-23,2023/1/4,West Ham,Leeds,Away,2,2,15,14,2,6,1,8,1,0,1,0.133333333,0.133333333,1,1,-0.295238095,0.666666667,-7
2022-23,2023/1/4,Wolves,Aston Villa,Away,1,1,10,13,3,4,8,7,3,0,1,0.3,0.1,0.333333333,-3,-0.007692308,0.083333333,1
2022-23,2023/1/5,Chelsea,Man City,Home,0,1,8,12,2,3,3,2,2,0,0,0.25,0,0,-4,0,-0.333333333,1
2022-23,2023/1/5,Man City,Chelsea,Away,1,0,12,8,3,2,2,3,0,0,3,0.25,0.083333333,0.333333333,4,0,0.333333333,-1
2022-23,2023/1/12,Chelsea,Fulham,Away,1,2,20,8,10,3,7,5,3,1,0,0.5,0.05,0.1,12,0.125,-0.566666667,2
2022-23,2023/1/12,Fulham,Chelsea,Home,2,1,8,20,3,10,5,7,4,0,3,0.375,0.25,0.666666667,-12,-0.125,0.566666667,-2
2022-23,2023/1/13,Aston Villa,Leeds,Home,2,1,11,16,5,4,0,11,2,0,3,0.454545455,0.181818182,0.4,-5,0.204545455,0.15,-11
2022-23,2023/1/13,Leeds,Aston Villa,Away,1,2,16,11,4,5,11,0,2,0,0,0.25,0.0625,0.25,5,-0.204545455,-0.15,11
2022-23,2023/1/14,Bournemouth,Brentford,Away,0,2,7,12,2,4,3,5,1,0,0,0.285714286,0,0,-5,-0.047619048,-0.5,-2
2022-23,2023/1/14,Brentford,Bournemouth,Home,2,0,12,7,4,2,5,3,1,0,3,0.333333333,0.166666667,0.5,5,0.047619048,0.5,2
2022-23,2023/1/14,Brighton,Liverpool,Home,3,0,16,6,9,2,7,1,1,0,3,0.5625,0.1875,0.333333333,10,0.229166667,0.333333333,6
2022-23,2023/1/14,Everton,Southampton,Home,1,2,12,13,4,5,6,4,0,0,0,0.333333333,0.083333333,0.25,-1,-0.051282051,-0.15,2
2022-23,2023/1/14,Leicester,Nott'm Forest,Away,0,2,6,15,1,5,5,3,2,0,0,0.166666667,0,0,-9,-0.166666667,-0.4,2
2022-23,2023/1/14,Liverpool,Brighton,Away,0,3,6,16,2,9,1,7,3,0,0,0.333333333,0,0,-10,-0.229166667,-0.333333333,-6
2022-23,2023/1/14,Man City,Man United,Away,1,2,5,8,1,4,2,1,0,0,0,0.2,0.2,1,-3,-0.3,0.5,1
2022-23,2023/1/14,Man United,Man City,Home,2,1,8,5,4,1,1,2,3,0,3,0.5,0.25,0.5,3,0.3,-0.5,-1
2022-23,2023/1/14,Nott'm Forest,Leicester,Home,2,0,15,6,5,1,3,5,1,0,3,0.333333333,0.133333333,0.4,9,0.166666667,0.4,-2
2022-23,2023/1/14,Southampton,Everton,Away,2,1,13,12,5,4,4,6,3,0,3,0.384615385,0.153846154,0.4,1,0.051282051,0.15,-2
2022-23,2023/1/14,West Ham,Wolves,Away,0,1,16,17,4,4,3,4,2,0,0,0.25,0,0,-1,0.014705882,-0.25,-1
2022-23,2023/1/14,Wolves,West Ham,Home,1,0,17,16,4,4,4,3,0,0,3,0.235294118,0.058823529,0.25,1,-0.014705882,0.25,1
2022-23,2023/1/15,Arsenal,Tottenham,Away,2,0,14,17,5,7,3,4,2,0,3,0.357142857,0.142857143,0.4,-3,-0.054621849,0.4,-1
2022-23,2023/1/15,Chelsea,Crystal Palace,Home,1,0,15,10,5,5,11,7,2,0,3,0.333333333,0.066666667,0.2,5,-0.166666667,0.2,4
2022-23,2023/1/15,Crystal Palace,Chelsea,Away,0,1,10,15,5,5,7,11,5,0,0,0.5,0,0,-5,0.166666667,-0.2,-4
2022-23,2023/1/15,Fulham,Newcastle,Away,0,1,5,20,0,5,5,10,3,0,0,0,0,0,-15,-0.25,-0.2,-5
2022-23,2023/1/15,Newcastle,Fulham,Home,1,0,20,5,5,0,10,5,1,0,3,0.25,0.05,0.2,15,0.25,0.2,5
2022-23,2023/1/15,Tottenham,Arsenal,Home,0,2,17,14,7,5,4,3,4,0,0,0.411764706,0,0,3,0.054621849,-0.4,1
2022-23,2023/1/18,Crystal Palace,Man United,Home,1,1,10,15,5,4,3,3,1,0,1,0.5,0.1,0.2,-5,0.233333333,-0.05,0
2022-23,2023/1/18,Man United,Crystal Palace,Away,1,1,15,10,4,5,3,3,2,0,1,0.266666667,0.066666667,0.25,5,-0.233333333,0.05,0
2022-23,2023/1/19,Man City,Tottenham,Home,4,2,16,9,6,3,8,3,1,0,3,0.375,0.25,0.666666667,7,0.041666667,0,5
2022-23,2023/1/19,Tottenham,Man City,Away,2,4,9,16,3,6,3,8,2,0,0,0.333333333,0.222222222,0.666666667,-7,-0.041666667,0,-5
2022-23,2023/1/21,Aston Villa,Southampton,Away,1,0,16,8,5,5,2,2,2,0,3,0.3125,0.0625,0.2,8,-0.3125,0.2,0
2022-23,2023/1/21,Bournemouth,Nott'm Forest,Home,1,1,16,20,4,5,4,6,1,0,1,0.25,0.0625,0.25,-4,0,0.05,-2
2022-23,2023/1/21,Brighton,Leicester,Away,2,2,13,9,4,2,6,5,1,0,1,0.307692308,0.153846154,0.5,4,0.085470085,-0.5,1
2022-23,2023/1/21,Chelsea,Liverpool,Away,0,0,11,15,2,3,5,5,1,0,1,0.181818182,0,0,-4,-0.018181818,0,0
2022-23,2023/1/21,Crystal Palace,Newcastle,Home,0,0,6,16,1,7,3,15,4,0,1,0.166666667,0,0,-10,-0.270833333,0,-12
2022-23,2023/1/21,Everton,West Ham,Away,0,2,5,11,2,4,9,4,1,0,0,0.4,0,0,-6,0.036363636,-0.5,5
2022-23,2023/1/21,Leicester,Brighton,Home,2,2,9,13,2,4,5,6,0,0,1,0.222222222,0.222222222,1,-4,-0.085470085,0.5,-1
2022-23,2023/1/21,Liverpool,Chelsea,Home,0,0,15,11,3,2,5,5,3,0,1,0.2,0,0,4,0.018181818,0,0
2022-23,2023/1/21,Newcastle,Crystal Palace,Away,0,0,16,6,7,1,15,3,2,0,1,0.4375,0,0,10,0.270833333,0,12
2022-23,2023/1/21,Nott'm Forest,Bournemouth,Away,1,1,20,16,5,4,6,4,2,0,1,0.25,0.05,0.2,4,0,-0.05,2
2022-23,2023/1/21,Southampton,Aston Villa,Home,0,1,8,16,5,5,2,2,1,0,0,0.625,0,0,-8,0.3125,-0.2,0
2022-23,2023/1/21,West Ham,Everton,Home,2,0,11,5,4,2,4,9,1,0,3,0.363636364,0.181818182,0.5,6,-0.036363636,0.5,-5
2022-23,2023/1/22,Arsenal,Man United,Home,3,2,25,6,5,4,12,4,1,0,3,0.2,0.12,0.6,19,-0.466666667,0.1,8
2022-23,2023/1/22,Brentford,Leeds,Away,0,0,6,9,0,5,3,2,2,0,1,0,0,0,-3,-0.555555556,0,1
2022-23,2023/1/22,Leeds,Brentford,Home,0,0,9,6,5,0,2,3,2,0,1,0.555555556,0,0,3,0.555555556,0,-1
2022-23,2023/1/22,Man City,Wolves,Home,3,0,13,10,7,1,5,7,1,0,3,0.538461538,0.230769231,0.428571429,3,0.438461538,0.428571429,-2
2022-23,2023/1/22,Man United,Arsenal,Away,2,3,6,25,4,5,4,12,2,0,0,0.666666667,0.333333333,0.5,-19,0.466666667,-0.1,-8
2022-23,2023/1/22,Wolves,Man City,Away,0,3,10,13,1,7,7,5,2,0,0,0.1,0,0,-3,-0.438461538,-0.428571429,2
2022-23,2023/1/23,Fulham,Tottenham,Home,0,1,10,10,5,3,3,8,1,0,0,0.5,0,0,0,0.2,-0.333333333,-5
2022-23,2023/1/23,Tottenham,Fulham,Away,1,0,10,10,3,5,8,3,3,0,3,0.3,0.1,0.333333333,0,-0.2,0.333333333,5
2022-23,2023/2/3,Chelsea,Fulham,Home,0,0,12,10,3,4,6,2,1,0,1,0.25,0,0,2,-0.15,0,4
2022-23,2023/2/3,Fulham,Chelsea,Away,0,0,10,12,4,3,2,6,4,0,1,0.4,0,0,-2,0.15,0,-4
2022-23,2023/2/4,Arsenal,Everton,Away,0,1,15,12,3,4,5,7,1,0,0,0.2,0,0,3,-0.133333333,-0.25,-2
2022-23,2023/2/4,Aston Villa,Leicester,Home,2,4,19,9,4,5,11,3,0,0,0,0.210526316,0.105263158,0.5,10,-0.34502924,-0.3,8
2022-23,2023/2/4,Bournemouth,Brighton,Away,0,1,12,20,2,6,3,7,1,0,0,0.166666667,0,0,-8,-0.133333333,-0.166666667,-4
2022-23,2023/2/4,Brentford,Southampton,Home,3,0,14,14,4,6,4,4,1,0,3,0.285714286,0.214285714,0.75,0,-0.142857143,0.75,0
2022-23,2023/2/4,Brighton,Bournemouth,Home,1,0,20,12,6,2,7,3,3,0,3,0.3,0.05,0.166666667,8,0.133333333,0.166666667,4
2022-23,2023/2/4,Crystal Palace,Man United,Away,1,2,10,14,3,5,5,5,2,0,0,0.3,0.1,0.333333333,-4,-0.057142857,-0.066666667,0
2022-23,2023/2/4,Everton,Arsenal,Home,1,0,12,15,4,3,7,5,4,0,3,0.333333333,0.083333333,0.25,-3,0.133333333,0.25,2
2022-23,2023/2/4,Leicester,Aston Villa,Away,4,2,9,19,5,4,3,11,2,0,3,0.555555556,0.444444444,0.8,-10,0.34502924,0.3,-8
2022-23,2023/2/4,Liverpool,Wolves,Away,0,3,22,12,4,6,7,2,1,0,0,0.181818182,0,0,10,-0.318181818,-0.5,5
2022-23,2023/2/4,Man United,Crystal Palace,Home,2,1,14,10,5,3,5,5,1,1,3,0.357142857,0.142857143,0.4,4,0.057142857,0.066666667,0
2022-23,2023/2/4,Newcastle,West Ham,Home,1,1,8,10,2,1,4,2,2,0,1,0.25,0.125,0.5,-2,0.15,-0.5,2
2022-23,2023/2/4,Southampton,Brentford,Away,0,3,14,14,6,4,4,4,2,0,0,0.428571429,0,0,0,0.142857143,-0.75,0
2022-23,2023/2/4,West Ham,Newcastle,Away,1,1,10,8,1,2,2,4,1,0,1,0.1,0.1,1,2,-0.15,0.5,-2
2022-23,2023/2/4,Wolves,Liverpool,Home,3,0,12,22,6,4,2,7,1,0,3,0.5,0.25,0.5,-10,0.318181818,0.5,-5
2022-23,2023/2/5,Leeds,Nott'm Forest,Away,0,1,10,6,4,2,2,0,2,0,0,0.4,0,0,4,0.066666667,-0.5,2
2022-23,2023/2/5,Man City,Tottenham,Away,0,1,15,12,5,3,6,4,3,0,0,0.333333333,0,0,3,0.083333333,-0.333333333,2
2022-23,2023/2/5,Nott'm Forest,Leeds,Home,1,0,6,10,2,4,0,2,4,0,3,0.333333333,0.166666667,0.5,-4,-0.066666667,0.5,-2
2022-23,2023/2/5,Tottenham,Man City,Home,1,0,12,15,3,5,4,6,2,1,3,0.25,0.083333333,0.333333333,-3,-0.083333333,0.333333333,-2
2022-23,2023/2/8,Leeds,Man United,Away,2,2,8,24,2,7,5,6,3,0,1,0.25,0.25,1,-16,-0.041666667,0.714285714,-1
2022-23,2023/2/8,Man United,Leeds,Home,2,2,24,8,7,2,6,5,1,0,1,0.291666667,0.083333333,0.285714286,16,0.041666667,-0.714285714,1
2022-23,2023/2/11,Arsenal,Brentford,Home,1,1,23,9,7,2,7,4,0,0,1,0.304347826,0.043478261,0.142857143,14,0.082125604,-0.357142857,3
2022-23,2023/2/11,Bournemouth,Newcastle,Home,1,1,11,15,5,7,4,6,2,0,1,0.454545455,0.090909091,0.2,-4,-0.012121212,0.057142857,-2
2022-23,2023/2/11,Brentford,Arsenal,Away,1,1,9,23,2,7,4,7,2,0,1,0.222222222,0.111111111,0.5,-14,-0.082125604,0.357142857,-3
2022-23,2023/2/11,Brighton,Crystal Palace,Away,1,1,17,6,7,1,6,1,1,0,1,0.411764706,0.058823529,0.142857143,11,0.245098039,-0.857142857,5
2022-23,2023/2/11,Chelsea,West Ham,Away,1,1,12,10,4,2,6,5,1,0,1,0.333333333,0.083333333,0.25,2,0.133333333,-0.25,1
2022-23,2023/2/11,Crystal Palace,Brighton,Home,1,1,6,17,1,7,1,6,4,0,1,0.166666667,0.166666667,1,-11,-0.245098039,0.857142857,-5
2022-23,2023/2/11,Fulham,Nott'm Forest,Home,2,0,16,10,3,1,5,4,0,0,3,0.1875,0.125,0.666666667,6,0.0875,0.666666667,1
2022-23,2023/2/11,Leicester,Tottenham,Home,4,1,15,11,7,4,1,5,5,0,3,0.466666667,0.266666667,0.571428571,4,0.103030303,0.321428571,-4
2022-23,2023/2/11,Newcastle,Bournemouth,Away,1,1,15,11,7,5,6,4,3,0,1,0.466666667,0.066666667,0.142857143,4,0.012121212,-0.057142857,2
2022-23,2023/2/11,Nott'm Forest,Fulham,Away,0,2,10,16,1,3,4,5,1,0,0,0.1,0,0,-6,-0.0875,-0.666666667,-1
2022-23,2023/2/11,Southampton,Wolves,Home,1,2,17,11,2,2,5,2,2,0,0,0.117647059,0.058823529,0.5,6,-0.064171123,-0.5,3
2022-23,2023/2/11,Tottenham,Leicester,Away,1,4,11,15,4,7,5,1,2,0,0,0.363636364,0.090909091,0.25,-4,-0.103030303,-0.321428571,4
2022-23,2023/2/11,West Ham,Chelsea,Home,1,1,10,12,2,4,5,6,1,0,1,0.2,0.1,0.5,-2,-0.133333333,0.25,-1
2022-23,2023/2/11,Wolves,Southampton,Away,2,1,11,17,2,2,2,5,2,1,3,0.181818182,0.181818182,1,-6,0.064171123,0.5,-3
2022-23,2023/2/12,Aston Villa,Man City,Away,1,3,6,17,2,9,4,8,2,0,0,0.333333333,0.166666667,0.5,-11,-0.196078431,0.166666667,-4
2022-23,2023/2/12,Leeds,Man United,Home,0,2,16,11,6,5,7,3,2,0,0,0.375,0,0,5,-0.079545455,-0.4,4
2022-23,2023/2/12,Man City,Aston Villa,Home,3,1,17,6,9,2,8,4,1,0,3,0.529411765,0.176470588,0.333333333,11,0.196078431,-0.166666667,4
2022-23,2023/2/12,Man United,Leeds,Away,2,0,11,16,5,6,3,7,1,0,3,0.454545455,0.181818182,0.4,-5,0.079545455,0.4,-4
2022-23,2023/2/13,Everton,Liverpool,Away,0,2,6,15,1,6,3,3,3,0,0,0.166666667,0,0,-9,-0.233333333,-0.333333333,0
2022-23,2023/2/13,Liverpool,Everton,Home,2,0,15,6,6,1,3,3,1,0,3,0.4,0.133333333,0.333333333,9,0.233333333,0.333333333,0
2022-23,2023/2/15,Arsenal,Man City,Home,1,3,10,9,1,6,1,3,2,0,0,0.1,0.1,1,1,-0.566666667,0.5,-2
2022-23,2023/2/15,Man City,Arsenal,Away,3,1,9,10,6,1,3,1,3,0,3,0.666666667,0.333333333,0.5,-1,0.566666667,-0.5,2
2022-23,2023/2/18,Arsenal,Aston Villa,Away,4,2,20,7,5,5,9,2,1,0,3,0.25,0.2,0.8,13,-0.464285714,0.4,7
2022-23,2023/2/18,Aston Villa,Arsenal,Home,2,4,7,20,5,5,2,9,2,0,0,0.714285714,0.285714286,0.4,-13,0.464285714,-0.4,-7
2022-23,2023/2/18,Bournemouth,Wolves,Away,1,0,5,15,1,4,2,12,3,0,3,0.2,0.2,1,-10,-0.066666667,1,-10
2022-23,2023/2/18,Brentford,Crystal Palace,Home,1,1,12,10,5,4,2,6,2,0,1,0.416666667,0.083333333,0.2,2,0.016666667,-0.05,-4
2022-23,2023/2/18,Brighton,Fulham,Home,0,1,21,5,7,2,10,2,0,0,0,0.333333333,0,0,16,-0.066666667,-0.5,8
2022-23,2023/2/18,Chelsea,Southampton,Home,0,1,17,8,5,5,8,2,3,0,0,0.294117647,0,0,9,-0.330882353,-0.2,6
2022-23,2023/2/18,Crystal Palace,Brentford,Away,1,1,10,12,4,5,6,2,2,0,1,0.4,0.1,0.25,-2,-0.016666667,0.05,4
2022-23,2023/2/18,Everton,Leeds,Home,1,0,15,8,6,0,6,4,2,0,3,0.4,0.066666667,0.166666667,7,0.4,0.166666667,2
2022-23,2023/2/18,Fulham,Brighton,Away,1,0,5,21,2,7,2,10,5,0,3,0.4,0.2,0.5,-16,0.066666667,0.5,-8
2022-23,2023/2/18,Leeds,Everton,Away,0,1,8,15,0,6,4,6,3,0,0,0,0,0,-7,-0.4,-0.166666667,-2
2022-23,2023/2/18,Liverpool,Newcastle,Away,2,0,13,14,7,4,7,6,1,0,3,0.538461538,0.153846154,0.285714286,-1,0.252747253,0.285714286,1
2022-23,2023/2/18,Man City,Nott'm Forest,Away,1,1,26,4,6,1,10,0,0,0,1,0.230769231,0.038461538,0.166666667,22,-0.019230769,-0.833333333,10
2022-23,2023/2/18,Newcastle,Liverpool,Home,0,2,14,13,4,7,6,7,1,1,0,0.285714286,0,0,1,-0.252747253,-0.285714286,-1
2022-23,2023/2/18,Nott'm Forest,Man City,Home,1,1,4,26,1,6,0,10,1,0,1,0.25,0.25,1,-22,0.019230769,0.833333333,-10
2022-23,2023/2/18,Southampton,Chelsea,Away,1,0,8,17,5,5,2,8,6,0,3,0.625,0.125,0.2,-9,0.330882353,0.2,-6
2022-23,2023/2/18,Wolves,Bournemouth,Home,0,1,15,5,4,1,12,2,3,0,0,0.266666667,0,0,10,0.066666667,-1,10
2022-23,2023/2/19,Leicester,Man United,Away,0,3,19,26,3,8,6,6,2,0,0,0.157894737,0,0,-7,-0.149797571,-0.375,0
2022-23,2023/2/19,Man United,Leicester,Home,3,0,26,19,8,3,6,6,0,0,3,0.307692308,0.115384615,0.375,7,0.149797571,0.375,0
2022-23,2023/2/19,Tottenham,West Ham,Home,2,0,16,6,6,1,4,7,2,0,3,0.375,0.125,0.333333333,10,0.208333333,0.333333333,-3
2022-23,2023/2/19,West Ham,Tottenham,Away,0,2,6,16,1,6,7,4,1,0,0,0.166666667,0,0,-10,-0.208333333,-0.333333333,3
2022-23,2023/2/24,Fulham,Wolves,Home,1,1,10,8,5,2,4,3,2,0,1,0.5,0.1,0.2,2,0.25,-0.3,1
2022-23,2023/2/24,Wolves,Fulham,Away,1,1,8,10,2,5,3,4,0,0,1,0.25,0.125,0.5,-2,-0.25,0.3,-1
2022-23,2023/2/25,Arsenal,Leicester,Away,1,0,10,1,2,0,8,0,1,0,3,0.2,0.1,0.5,9,0.2,0.5,8
2022-23,2023/2/25,Aston Villa,Everton,Away,2,0,9,15,5,5,1,5,1,0,3,0.555555556,0.222222222,0.4,-6,0.222222222,0.4,-4
2022-23,2023/2/25,Bournemouth,Man City,Home,1,4,13,20,2,5,4,6,2,0,0,0.153846154,0.076923077,0.5,-7,-0.096153846,-0.3,-2
2022-23,2023/2/25,Crystal Palace,Liverpool,Home,0,0,6,12,0,4,5,3,2,0,1,0,0,0,-6,-0.333333333,0,2
2022-23,2023/2/25,Everton,Aston Villa,Home,0,2,15,9,5,5,5,1,2,0,0,0.333333333,0,0,6,-0.222222222,-0.4,4
2022-23,2023/2/25,Leeds,Southampton,Home,1,0,14,8,4,2,9,2,2,0,3,0.285714286,0.071428571,0.25,6,0.035714286,0.25,7
2022-23,2023/2/25,Leicester,Arsenal,Home,0,1,1,10,0,2,0,8,0,0,0,0,0,0,-9,-0.2,-0.5,-8
2022-23,2023/2/25,Liverpool,Crystal Palace,Away,0,0,12,6,4,0,3,5,5,0,1,0.333333333,0,0,6,0.333333333,0,-2
2022-23,2023/2/25,Man City,Bournemouth,Away,4,1,20,13,5,2,6,4,2,0,3,0.25,0.2,0.8,7,0.096153846,0.3,2
2022-23,2023/2/25,Nott'm Forest,West Ham,Away,0,4,8,18,3,5,3,12,0,0,0,0.375,0,0,-10,0.097222222,-0.8,-9
2022-23,2023/2/25,Southampton,Leeds,Away,0,1,8,14,2,4,2,9,4,0,0,0.25,0,0,-6,-0.035714286,-0.25,-7
2022-23,2023/2/25,West Ham,Nott'm Forest,Home,4,0,18,8,5,3,12,3,0,0,3,0.277777778,0.222222222,0.8,10,-0.097222222,0.8,9
2022-23,2023/2/26,Chelsea,Tottenham,Away,0,2,10,8,2,3,4,4,3,0,0,0.2,0,0,2,-0.175,-0.666666667,0
2022-23,2023/2/26,Tottenham,Chelsea,Home,2,0,8,10,3,2,4,4,2,0,3,0.375,0.25,0.666666667,-2,0.175,0.666666667,0
2022-23,2023/3/1,Arsenal,Everton,Home,4,0,15,8,5,5,5,1,0,0,3,0.333333333,0.266666667,0.8,7,-0.291666667,0.8,4
2022-23,2023/3/1,Everton,Arsenal,Away,0,4,8,15,5,5,1,5,2,0,0,0.625,0,0,-7,0.291666667,-0.8,-4
2022-23,2023/3/1,Liverpool,Wolves,Home,2,0,15,4,6,1,5,2,2,0,3,0.4,0.133333333,0.333333333,11,0.15,0.333333333,3
2022-23,2023/3/1,Wolves,Liverpool,Away,0,2,4,15,1,6,2,5,3,0,0,0.25,0,0,-11,-0.15,-0.333333333,-3
2022-23,2023/3/4,Arsenal,Bournemouth,Home,3,2,31,4,9,4,17,1,0,0,3,0.290322581,0.096774194,0.333333333,27,-0.709677419,-0.166666667,16
2022-23,2023/3/4,Aston Villa,Crystal Palace,Home,1,0,8,3,1,0,2,4,2,0,3,0.125,0.125,1,5,0.125,1,-2
2022-23,2023/3/4,Bournemouth,Arsenal,Away,2,3,4,31,4,9,1,17,2,0,0,1,0.5,0.5,-27,0.709677419,0.166666667,-16
2022-23,2023/3/4,Brighton,West Ham,Home,4,0,20,3,9,2,7,3,0,0,3,0.45,0.2,0.444444444,17,-0.216666667,0.444444444,4
2022-23,2023/3/4,Chelsea,Leeds,Home,1,0,13,11,3,2,5,7,2,0,3,0.230769231,0.076923077,0.333333333,2,0.048951049,0.333333333,-2
2022-23,2023/3/4,Crystal Palace,Aston Villa,Away,0,1,3,8,0,1,4,2,3,1,0,0,0,0,-5,-0.125,-1,2
2022-23,2023/3/4,Leeds,Chelsea,Away,0,1,11,13,2,3,7,5,0,0,0,0.181818182,0,0,-2,-0.048951049,-0.333333333,2
2022-23,2023/3/4,Leicester,Southampton,Away,0,1,11,11,0,5,4,3,2,0,0,0,0,0,0,-0.454545455,-0.2,1
2022-23,2023/3/4,Man City,Newcastle,Home,2,0,11,5,3,2,8,4,2,0,3,0.272727273,0.181818182,0.666666667,6,-0.127272727,0.666666667,4
2022-23,2023/3/4,Newcastle,Man City,Away,0,2,5,11,2,3,4,8,4,0,0,0.4,0,0,-6,0.127272727,-0.666666667,-4
2022-23,2023/3/4,Southampton,Leicester,Home,1,0,11,11,5,0,3,4,4,0,3,0.454545455,0.090909091,0.2,0,0.454545455,0.2,-1
2022-23,2023/3/4,Tottenham,Wolves,Away,0,1,21,8,6,5,8,4,1,0,0,0.285714286,0,0,13,-0.339285714,-0.2,4
2022-23,2023/3/4,West Ham,Brighton,Away,0,4,3,20,2,9,3,7,3,0,0,0.666666667,0,0,-17,0.216666667,-0.444444444,-4
2022-23,2023/3/4,Wolves,Tottenham,Home,1,0,8,21,5,6,4,8,1,0,3,0.625,0.125,0.2,-13,0.339285714,0.2,-4
2022-23,2023/3/5,Everton,Nott'm Forest,Away,2,2,10,10,3,4,3,3,5,0,1,0.3,0.2,0.666666667,0,-0.1,0.166666667,0
2022-23,2023/3/5,Liverpool,Man United,Home,7,0,18,8,8,4,4,3,2,0,3,0.444444444,0.388888889,0.875,10,-0.055555556,0.875,1
2022-23,2023/3/5,Man United,Liverpool,Away,0,7,8,18,4,8,3,4,3,0,0,0.5,0,0,-10,0.055555556,-0.875,-1
2022-23,2023/3/5,Nott'm Forest,Everton,Home,2,2,10,10,4,3,3,3,3,0,1,0.4,0.2,0.5,0,0.1,-0.166666667,0
2022-23,2023/3/6,Brentford,Fulham,Home,3,2,14,9,6,5,2,3,0,0,3,0.428571429,0.214285714,0.5,5,-0.126984127,0.1,-1
2022-23,2023/3/6,Fulham,Brentford,Away,2,3,9,14,5,6,3,2,3,0,0,0.555555556,0.222222222,0.4,-5,0.126984127,-0.1,1
2022-23,2023/3/11,Bournemouth,Liverpool,Home,1,0,5,15,2,6,3,8,2,0,3,0.4,0.2,0.5,-10,0,0.5,-5
2022-23,2023/3/11,Brentford,Everton,Away,0,1,12,13,4,6,8,5,1,0,0,0.333333333,0,0,-1,-0.128205128,-0.166666667,3
2022-23,2023/3/11,Brighton,Leeds,Away,2,2,14,12,2,4,7,4,1,0,1,0.142857143,0.142857143,1,2,-0.19047619,0.5,3
2022-23,2023/3/11,Chelsea,Leicester,Away,3,1,12,17,6,7,5,2,2,0,3,0.5,0.25,0.5,-5,0.088235294,0.357142857,3
2022-23,2023/3/11,Crystal Palace,Man City,Home,0,1,4,14,0,4,2,6,2,0,0,0,0,0,-10,-0.285714286,-0.25,-4
2022-23,2023/3/11,Everton,Brentford,Home,1,0,13,12,6,4,5,8,2,0,3,0.461538462,0.076923077,0.166666667,1,0.128205128,0.166666667,-3
2022-23,2023/3/11,Leeds,Brighton,Home,2,2,12,14,4,2,4,7,1,0,1,0.333333333,0.166666667,0.5,-2,0.19047619,-0.5,-3
2022-23,2023/3/11,Leicester,Chelsea,Home,1,3,17,12,7,6,2,5,1,1,0,0.411764706,0.058823529,0.142857143,5,-0.088235294,-0.357142857,-3
2022-23,2023/3/11,Liverpool,Bournemouth,Away,0,1,15,5,6,2,8,3,1,0,0,0.4,0,0,10,0,-0.5,5
2022-23,2023/3/11,Man City,Crystal Palace,Away,1,0,14,4,4,0,6,2,2,0,3,0.285714286,0.071428571,0.25,10,0.285714286,0.25,4
2022-23,2023/3/11,Nott'm Forest,Tottenham,Away,1,3,9,15,5,7,10,2,1,0,0,0.555555556,0.111111111,0.2,-6,0.088888889,-0.228571429,8
2022-23,2023/3/11,Tottenham,Nott'm Forest,Home,3,1,15,9,7,5,2,10,3,0,3,0.466666667,0.2,0.428571429,6,-0.088888889,0.228571429,-8
2022-23,2023/3/12,Arsenal,Fulham,Away,3,0,15,12,7,2,8,4,1,0,3,0.466666667,0.2,0.428571429,3,0.3,0.428571429,4
2022-23,2023/3/12,Aston Villa,West Ham,Away,1,1,12,17,4,6,2,13,0,0,1,0.333333333,0.083333333,0.25,-5,-0.019607843,0.083333333,-11
2022-23,2023/3/12,Fulham,Arsenal,Home,0,3,12,15,2,7,4,8,0,0,0,0.166666667,0,0,-3,-0.3,-0.428571429,-4
2022-23,2023/3/12,Man United,Southampton,Home,0,0,10,17,4,4,7,8,2,0,1,0.4,0,0,-7,0.164705882,0,-1
2022-23,2023/3/12,Newcastle,Wolves,Home,2,1,19,7,8,4,10,3,1,0,3,0.421052632,0.105263158,0.25,12,-0.15037594,0,7
2022-23,2023/3/12,Southampton,Man United,Away,0,0,17,10,4,4,8,7,0,0,1,0.235294118,0,0,7,-0.164705882,0,1
2022-23,2023/3/12,West Ham,Aston Villa,Home,1,1,17,12,6,4,13,2,1,0,1,0.352941176,0.058823529,0.166666667,5,0.019607843,-0.083333333,11
2022-23,2023/3/12,Wolves,Newcastle,Away,1,2,7,19,4,8,3,10,2,0,0,0.571428571,0.142857143,0.25,-12,0.15037594,0,-7
2022-23,2023/3/15,Brentford,Southampton,Away,2,0,11,7,5,1,3,3,2,0,3,0.454545455,0.181818182,0.4,4,0.311688312,0.4,0
2022-23,2023/3/15,Brighton,Crystal Palace,Home,1,0,11,11,5,3,1,4,1,0,3,0.454545455,0.090909091,0.2,0,0.181818182,0.2,-3
2022-23,2023/3/15,Crystal Palace,Brighton,Away,0,1,11,11,3,5,4,1,2,0,0,0.272727273,0,0,0,-0.181818182,-0.2,3
2022-23,2023/3/15,Southampton,Brentford,Home,0,2,7,11,1,5,3,3,1,0,0,0.142857143,0,0,-4,-0.311688312,-0.4,0
2022-23,2023/3/17,Newcastle,Nott'm Forest,Away,2,1,15,5,4,3,7,3,1,0,3,0.266666667,0.133333333,0.5,10,-0.333333333,0.166666667,4
2022-23,2023/3/17,Nott'm Forest,Newcastle,Home,1,2,5,15,3,4,3,7,5,0,0,0.6,0.2,0.333333333,-10,0.333333333,-0.166666667,-4
2022-23,2023/3/18,Aston Villa,Bournemouth,Home,3,0,20,10,9,3,9,6,1,0,3,0.45,0.15,0.333333333,10,0.15,0.333333333,3
2022-23,2023/3/18,Bournemouth,Aston Villa,Away,0,3,10,20,3,9,6,9,4,0,0,0.3,0,0,-10,-0.15,-0.333333333,-3
2022-23,2023/3/18,Brentford,Leicester,Home,1,1,11,14,2,1,8,4,1,1,1,0.181818182,0.090909091,0.5,-3,0.11038961,-0.5,4
2022-23,2023/3/18,Chelsea,Everton,Home,2,2,20,12,7,3,8,2,2,0,1,0.35,0.1,0.285714286,8,0.1,-0.380952381,6
2022-23,2023/3/18,Everton,Chelsea,Away,2,2,12,20,3,7,2,8,2,0,1,0.25,0.166666667,0.666666667,-8,-0.1,0.380952381,-6
2022-23,2023/3/18,Leeds,Wolves,Away,4,2,11,23,4,8,4,5,5,0,3,0.363636364,0.363636364,1,-12,0.015810277,0.75,-1
2022-23,2023/3/18,Leicester,Brentford,Away,1,1,14,11,1,2,4,8,2,0,1,0.071428571,0.071428571,1,3,-0.11038961,0.5,-4
2022-23,2023/3/18,Southampton,Tottenham,Home,3,3,19,17,7,3,10,3,1,0,1,0.368421053,0.157894737,0.428571429,2,0.191950464,-0.571428571,7
2022-23,2023/3/18,Tottenham,Southampton,Away,3,3,17,19,3,7,3,10,1,0,1,0.176470588,0.176470588,1,-2,-0.191950464,0.571428571,-7
2022-23,2023/3/18,Wolves,Leeds,Home,2,4,23,11,8,4,5,4,3,1,0,0.347826087,0.086956522,0.25,12,-0.015810277,-0.75,1
2022-23,2023/3/19,Arsenal,Crystal Palace,Home,4,1,15,8,5,4,5,4,0,0,3,0.333333333,0.266666667,0.8,7,-0.166666667,0.55,1
2022-23,2023/3/19,Crystal Palace,Arsenal,Away,1,4,8,15,4,5,4,5,1,0,0,0.5,0.125,0.25,-7,0.166666667,-0.55,-1
2022-23,2023/4/1,Arsenal,Leeds,Home,4,1,13,7,6,5,4,3,0,0,3,0.461538462,0.307692308,0.666666667,6,-0.252747253,0.466666667,1
2022-23,2023/4/1,Aston Villa,Chelsea,Away,2,0,5,27,2,8,2,13,3,0,3,0.4,0.4,1,-22,0.103703704,1,-11
2022-23,2023/4/1,Bournemouth,Fulham,Home,2,1,12,10,7,2,4,3,1,0,3,0.583333333,0.166666667,0.285714286,2,0.383333333,-0.214285714,1
2022-23,2023/4/1,Brentford,Brighton,Away,3,3,7,33,5,15,0,14,1,0,1,0.714285714,0.428571429,0.6,-26,0.25974026,0.4,-14
2022-23,2023/4/1,Brighton,Brentford,Home,3,3,33,7,15,5,14,0,2,0,1,0.454545455,0.090909091,0.2,26,-0.25974026,-0.4,14
2022-23,2023/4/1,Chelsea,Aston Villa,Home,0,2,27,5,8,2,13,2,3,0,0,0.296296296,0,0,22,-0.103703704,-1,11
2022-23,2023/4/1,Crystal Palace,Leicester,Home,2,1,31,3,9,2,10,1,3,0,3,0.290322581,0.064516129,0.222222222,28,-0.376344086,-0.277777778,9
2022-23,2023/4/1,Fulham,Bournemouth,Away,1,2,10,12,2,7,3,4,4,0,0,0.2,0.1,0.5,-2,-0.383333333,0.214285714,-1
2022-23,2023/4/1,Leeds,Arsenal,Away,1,4,7,13,5,6,3,4,2,0,0,0.714285714,0.142857143,0.2,-6,0.252747253,-0.466666667,-1
2022-23,2023/4/1,Leicester,Crystal Palace,Away,1,2,3,31,2,9,1,10,4,0,0,0.666666667,0.333333333,0.5,-28,0.376344086,0.277777778,-9
2022-23,2023/4/1,Liverpool,Man City,Away,1,4,4,17,1,8,1,7,1,0,0,0.25,0.25,1,-13,-0.220588235,0.5,-6
2022-23,2023/4/1,Man City,Liverpool,Home,4,1,17,4,8,1,7,1,1,0,3,0.470588235,0.235294118,0.5,13,0.220588235,-0.5,6
2022-23,2023/4/1,Nott'm Forest,Wolves,Home,1,1,17,8,7,1,4,3,3,0,1,0.411764706,0.058823529,0.142857143,9,0.286764706,-0.857142857,1
2022-23,2023/4/1,Wolves,Nott'm Forest,Away,1,1,8,17,1,7,3,4,5,0,1,0.125,0.125,1,-9,-0.286764706,0.857142857,-1
2022-23,2023/4/2,Man United,Newcastle,Away,0,2,6,22,1,6,4,7,0,0,0,0.166666667,0,0,-16,-0.106060606,-0.333333333,-3
2022-23,2023/4/2,Newcastle,Man United,Home,2,0,22,6,6,1,7,4,0,0,3,0.272727273,0.090909091,0.333333333,16,0.106060606,0.333333333,3
2022-23,2023/4/2,Southampton,West Ham,Away,0,1,9,12,3,2,3,5,2,0,0,0.333333333,0,0,-3,0.166666667,-0.5,-2
2022-23,2023/4/2,West Ham,Southampton,Home,1,0,12,9,2,3,5,3,0,0,3,0.166666667,0.083333333,0.5,3,-0.166666667,0.5,2
2022-23,2023/4/3,Everton,Tottenham,Home,1,1,15,8,6,2,3,3,0,1,1,0.4,0.066666667,0.166666667,7,0.15,-0.333333333,0
2022-23,2023/4/3,Tottenham,Everton,Away,1,1,8,15,2,6,3,3,3,1,1,0.25,0.125,0.5,-7,-0.15,0.333333333,0
2022-23,2023/4/4,Aston Villa,Leicester,Away,2,1,15,9,5,4,8,4,0,0,3,0.333333333,0.133333333,0.4,6,-0.111111111,0.15,4
2022-23,2023/4/4,Bournemouth,Brighton,Home,0,2,14,16,3,6,5,5,1,0,0,0.214285714,0,0,-2,-0.160714286,-0.333333333,0
2022-23,2023/4/4,Brighton,Bournemouth,Away,2,0,16,14,6,3,5,5,1,0,3,0.375,0.125,0.333333333,2,0.160714286,0.333333333,0
2022-23,2023/4/4,Chelsea,Liverpool,Home,0,0,12,7,3,4,3,5,1,0,1,0.25,0,0,5,-0.321428571,0,-2
2022-23,2023/4/4,Leeds,Nott'm Forest,Home,2,1,21,13,6,1,11,4,1,0,3,0.285714286,0.095238095,0.333333333,8,0.208791209,-0.666666667,7
2022-23,2023/4/4,Leicester,Aston Villa,Home,1,2,9,15,4,5,4,8,2,1,0,0.444444444,0.111111111,0.25,-6,0.111111111,-0.15,-4
2022-23,2023/4/4,Liverpool,Chelsea,Away,0,0,7,12,4,3,5,3,4,0,1,0.571428571,0,0,-5,0.321428571,0,2
2022-23,2023/4/4,Nott'm Forest,Leeds,Away,1,2,13,21,1,6,4,11,4,0,0,0.076923077,0.076923077,1,-8,-0.208791209,0.666666667,-7
2022-23,2023/4/5,Brentford,Man United,Away,0,1,6,18,1,3,3,12,2,0,0,0.166666667,0,0,-12,0,-0.333333333,-9
2022-23,2023/4/5,Man United,Brentford,Home,1,0,18,6,3,1,12,3,3,0,3,0.166666667,0.055555556,0.333333333,12,0,0.333333333,9
2022-23,2023/4/5,Newcastle,West Ham,Away,5,1,15,7,8,2,6,7,1,0,3,0.533333333,0.333333333,0.625,8,0.247619048,0.125,-1
2022-23,2023/4/5,West Ham,Newcastle,Home,1,5,7,15,2,8,7,6,2,0,0,0.285714286,0.142857143,0.5,-8,-0.247619048,-0.125,1
2022-23,2023/4/8,Aston Villa,Nott'm Forest,Home,2,0,8,6,3,2,1,8,3,0,3,0.375,0.25,0.666666667,2,0.041666667,0.666666667,-7
2022-23,2023/4/8,Bournemouth,Leicester,Away,1,0,19,14,7,4,6,6,3,0,3,0.368421053,0.052631579,0.142857143,5,0.082706767,0.142857143,0
2022-23,2023/4/8,Brentford,Newcastle,Home,1,2,12,10,6,4,6,5,0,0,0,0.5,0.083333333,0.166666667,2,0.1,-0.333333333,1
2022-23,2023/4/8,Brighton,Tottenham,Away,1,2,17,9,4,3,7,3,1,0,0,0.235294118,0.058823529,0.25,8,-0.098039216,-0.416666667,4
2022-23,2023/4/8,Chelsea,Wolves,Away,0,1,13,9,1,4,8,8,5,0,0,0.076923077,0,0,4,-0.367521368,-0.25,0
2022-23,2023/4/8,Everton,Man United,Away,0,2,15,29,1,11,4,10,0,0,0,0.066666667,0,0,-14,-0.312643678,-0.181818182,-6
2022-23,2023/4/8,Fulham,West Ham,Home,0,1,16,9,3,5,11,4,1,0,0,0.1875,0,0,7,-0.368055556,-0.2,7
2022-23,2023/4/8,Leicester,Bournemouth,Home,0,1,14,19,4,7,6,6,0,0,0,0.285714286,0,0,-5,-0.082706767,-0.142857143,0
2022-23,2023/4/8,Man City,Southampton,Away,4,1,13,4,8,1,10,0,2,0,3,0.615384615,0.307692308,0.5,9,0.365384615,-0.5,10
2022-23,2023/4/8,Man United,Everton,Home,2,0,29,15,11,1,10,4,0,0,3,0.379310345,0.068965517,0.181818182,14,0.312643678,0.181818182,6
2022-23,2023/4/8,Newcastle,Brentford,Away,2,1,10,12,4,6,5,6,0,0,3,0.4,0.2,0.5,-2,-0.1,0.333333333,-1
2022-23,2023/4/8,Nott'm Forest,Aston Villa,Away,0,2,6,8,2,3,8,1,4,0,0,0.333333333,0,0,-2,-0.041666667,-0.666666667,7
2022-23,2023/4/8,Southampton,Man City,Home,1,4,4,13,1,8,0,10,0,0,0,0.25,0.25,1,-9,-0.365384615,0.5,-10
2022-23,2023/4/8,Tottenham,Brighton,Home,2,1,9,17,3,4,3,7,3,0,3,0.333333333,0.222222222,0.666666667,-8,0.098039216,0.416666667,-4
2022-23,2023/4/8,West Ham,Fulham,Away,1,0,9,16,5,3,4,11,1,0,3,0.555555556,0.111111111,0.2,-7,0.368055556,0.2,-7
2022-23,2023/4/8,Wolves,Chelsea,Home,1,0,9,13,4,1,8,8,2,0,3,0.444444444,0.111111111,0.25,-4,0.367521368,0.25,0
2022-23,2023/4/9,Arsenal,Liverpool,Away,2,2,9,21,5,6,4,5,4,0,1,0.555555556,0.222222222,0.4,-12,0.26984127,0.066666667,-1
2022-23,2023/4/9,Crystal Palace,Leeds,Away,5,1,16,11,8,7,4,2,1,0,3,0.5,0.3125,0.625,5,-0.136363636,0.482142857,2
2022-23,2023/4/9,Leeds,Crystal Palace,Home,1,5,11,16,7,8,2,4,3,0,0,0.636363636,0.090909091,0.142857143,-5,0.136363636,-0.482142857,-2
2022-23,2023/4/9,Liverpool,Arsenal,Home,2,2,21,9,6,5,5,4,4,0,1,0.285714286,0.095238095,0.333333333,12,-0.26984127,-0.066666667,1
2022-23,2023/4/15,Aston Villa,Newcastle,Home,3,0,16,8,6,2,7,2,1,0,3,0.375,0.1875,0.5,8,0.125,0.5,5
2022-23,2023/4/15,Bournemouth,Tottenham,Away,3,2,6,24,6,8,1,8,2,0,3,1,0.5,0.5,-18,0.666666667,0.25,-7
2022-23,2023/4/15,Brentford,Wolves,Away,0,2,10,11,3,9,2,5,1,0,0,0.3,0,0,-1,-0.518181818,-0.222222222,-3
2022-23,2023/4/15,Brighton,Chelsea,Away,2,1,26,8,10,2,8,2,2,0,3,0.384615385,0.076923077,0.2,18,0.134615385,-0.3,6
2022-23,2023/4/15,Chelsea,Brighton,Home,1,2,8,26,2,10,2,8,2,0,0,0.25,0.125,0.5,-18,-0.134615385,0.3,-6
2022-23,2023/4/15,Crystal Palace,Southampton,Away,2,0,9,11,2,4,2,6,1,0,3,0.222222222,0.222222222,1,-2,-0.141414141,1,-4
2022-23,2023/4/15,Everton,Fulham,Home,1,3,15,21,7,7,4,8,3,0,0,0.466666667,0.066666667,0.142857143,-6,0.133333333,-0.285714286,-4
2022-23,2023/4/15,Fulham,Everton,Away,3,1,21,15,7,7,8,4,2,0,3,0.333333333,0.142857143,0.428571429,6,-0.133333333,0.285714286,4
2022-23,2023/4/15,Leicester,Man City,Away,1,3,10,12,4,4,2,6,1,0,0,0.4,0.1,0.25,-2,0.066666667,-0.5,-4
2022-23,2023/4/15,Man City,Leicester,Home,3,1,12,10,4,4,6,2,1,0,3,0.333333333,0.25,0.75,2,-0.066666667,0.5,4
2022-23,2023/4/15,Newcastle,Aston Villa,Away,0,3,8,16,2,6,2,7,1,0,0,0.25,0,0,-8,-0.125,-0.5,-5
2022-23,2023/4/15,Southampton,Crystal Palace,Home,0,2,11,9,4,2,6,2,3,0,0,0.363636364,0,0,2,0.141414141,-1,4
2022-23,2023/4/15,Tottenham,Bournemouth,Home,2,3,24,6,8,6,8,1,1,0,0,0.333333333,0.083333333,0.25,18,-0.666666667,-0.25,7
2022-23,2023/4/15,Wolves,Brentford,Home,2,0,11,10,9,3,5,2,1,0,3,0.818181818,0.181818182,0.222222222,1,0.518181818,0.222222222,3
2022-23,2023/4/16,Arsenal,West Ham,Away,2,2,11,16,5,3,2,7,2,0,1,0.454545455,0.181818182,0.4,-5,0.267045455,-0.266666667,-5
2022-23,2023/4/16,Man United,Nott'm Forest,Away,2,0,22,6,8,0,9,4,2,0,3,0.363636364,0.090909091,0.25,16,0.363636364,0.25,5
2022-23,2023/4/16,Nott'm Forest,Man United,Home,0,2,6,22,0,8,4,9,2,0,0,0,0,0,-16,-0.363636364,-0.25,-5
2022-23,2023/4/16,West Ham,Arsenal,Home,2,2,16,11,3,5,7,2,1,0,1,0.1875,0.125,0.666666667,5,-0.267045455,0.266666667,5
2022-23,2023/4/17,Leeds,Liverpool,Home,1,6,13,13,3,7,4,2,0,0,0,0.230769231,0.076923077,0.333333333,0,-0.307692308,-0.523809524,2
2022-23,2023/4/17,Liverpool,Leeds,Away,6,1,13,13,7,3,2,4,1,0,3,0.538461538,0.461538462,0.857142857,0,0.307692308,0.523809524,-2
2022-23,2023/4/21,Arsenal,Southampton,Home,3,3,25,8,6,6,7,2,1,0,1,0.24,0.12,0.5,17,-0.51,0,5
2022-23,2023/4/21,Southampton,Arsenal,Away,3,3,8,25,6,6,2,7,5,0,1,0.75,0.375,0.5,-17,0.51,0,-5
2022-23,2023/4/22,Aston Villa,Brentford,Away,1,1,14,6,2,5,4,8,2,0,1,0.142857143,0.071428571,0.5,8,-0.69047619,0.3,-4
2022-23,2023/4/22,Brentford,Aston Villa,Home,1,1,6,14,5,2,8,4,3,0,1,0.833333333,0.166666667,0.2,-8,0.69047619,-0.3,4
2022-23,2023/4/22,Crystal Palace,Everton,Home,0,0,12,10,2,5,8,1,1,0,1,0.166666667,0,0,2,-0.333333333,0,7
2022-23,2023/4/22,Everton,Crystal Palace,Away,0,0,10,12,5,2,1,8,1,1,1,0.5,0,0,-2,0.333333333,0,-7
2022-23,2023/4/22,Fulham,Leeds,Home,2,1,12,10,5,2,8,6,1,0,3,0.416666667,0.166666667,0.4,2,0.216666667,-0.1,2
2022-23,2023/4/22,Leeds,Fulham,Away,1,2,10,12,2,5,6,8,4,0,0,0.2,0.1,0.5,-2,-0.216666667,0.1,-2
2022-23,2023/4/22,Leicester,Wolves,Home,2,1,15,16,8,3,1,7,1,0,3,0.533333333,0.133333333,0.25,-1,0.345833333,-0.083333333,-6
2022-23,2023/4/22,Liverpool,Nott'm Forest,Home,3,2,18,11,6,5,9,3,0,0,3,0.333333333,0.166666667,0.5,7,-0.121212121,0.1,6
2022-23,2023/4/22,Nott'm Forest,Liverpool,Away,2,3,11,18,5,6,3,9,1,0,0,0.454545455,0.181818182,0.4,-7,0.121212121,-0.1,-6
2022-23,2023/4/22,Wolves,Leicester,Away,1,2,16,15,3,8,7,1,3,0,0,0.1875,0.0625,0.333333333,1,-0.345833333,0.083333333,6
2022-23,2023/4/23,Bournemouth,West Ham,Home,0,4,17,18,5,10,8,5,1,0,0,0.294117647,0,0,-1,-0.261437908,-0.4,3
2022-23,2023/4/23,Newcastle,Tottenham,Home,6,1,25,11,8,3,9,3,0,0,3,0.32,0.24,0.75,14,0.047272727,0.416666667,6
2022-23,2023/4/23,Tottenham,Newcastle,Away,1,6,11,25,3,8,3,9,3,0,0,0.272727273,0.090909091,0.333333333,-14,-0.047272727,-0.416666667,-6
2022-23,2023/4/23,West Ham,Bournemouth,Away,4,0,18,17,10,5,5,8,2,0,3,0.555555556,0.222222222,0.4,1,0.261437908,0.4,-3
2022-23,2023/4/25,Aston Villa,Fulham,Home,1,0,14,1,3,0,8,2,3,0,3,0.214285714,0.071428571,0.333333333,13,0.214285714,0.333333333,6
2022-23,2023/4/25,Crystal Palace,Wolves,Away,0,2,14,9,4,3,11,6,4,0,0,0.285714286,0,0,5,-0.047619048,-0.666666667,5
2022-23,2023/4/25,Fulham,Aston Villa,Away,0,1,1,14,0,3,2,8,2,0,0,0,0,0,-13,-0.214285714,-0.333333333,-6
2022-23,2023/4/25,Leeds,Leicester,Home,1,1,13,15,3,3,3,6,4,0,1,0.230769231,0.076923077,0.333333333,-2,0.030769231,0,-3
2022-23,2023/4/25,Leicester,Leeds,Away,1,1,15,13,3,3,6,3,2,0,1,0.2,0.066666667,0.333333333,2,-0.030769231,0,3
2022-23,2023/4/25,Wolves,Crystal Palace,Home,2,0,9,14,3,4,6,11,5,0,3,0.333333333,0.222222222,0.666666667,-5,0.047619048,0.666666667,-5
2022-23,2023/4/26,Arsenal,Man City,Away,1,4,8,14,2,9,3,1,1,0,0,0.25,0.125,0.5,-6,-0.392857143,0.055555556,2
2022-23,2023/4/26,Brentford,Chelsea,Away,2,0,7,15,1,4,2,5,2,0,3,0.142857143,0.285714286,2,-8,-0.123809524,2,-3
2022-23,2023/4/26,Brighton,Nott'm Forest,Away,1,3,17,12,7,5,7,2,0,0,0,0.411764706,0.058823529,0.142857143,5,-0.004901961,-0.457142857,5
2022-23,2023/4/26,Chelsea,Brentford,Home,0,2,15,7,4,1,5,2,1,0,0,0.266666667,0,0,8,0.123809524,-2,3
2022-23,2023/4/26,Liverpool,West Ham,Away,2,1,20,7,4,2,6,3,0,0,3,0.2,0.1,0.5,13,-0.085714286,0,3
2022-23,2023/4/26,Man City,Arsenal,Home,4,1,14,8,9,2,1,3,3,0,3,0.642857143,0.285714286,0.444444444,6,0.392857143,-0.055555556,-2
2022-23,2023/4/26,Nott'm Forest,Brighton,Home,3,1,12,17,5,7,2,7,2,0,3,0.416666667,0.25,0.6,-5,0.004901961,0.457142857,-5
2022-23,2023/4/26,West Ham,Liverpool,Home,1,2,7,20,2,4,3,6,0,0,0,0.285714286,0.142857143,0.5,-13,0.085714286,0,-3
2022-23,2023/4/27,Bournemouth,Southampton,Away,1,0,16,11,2,2,4,6,3,0,3,0.125,0.0625,0.5,5,-0.056818182,0.5,-2
2022-23,2023/4/27,Everton,Newcastle,Home,1,4,13,15,5,8,3,14,2,0,0,0.384615385,0.076923077,0.2,-2,-0.148717949,-0.3,-11
2022-23,2023/4/27,Man United,Tottenham,Away,2,2,17,18,8,7,8,6,2,0,1,0.470588235,0.117647059,0.25,-1,0.081699346,-0.035714286,2
2022-23,2023/4/27,Newcastle,Everton,Away,4,1,15,13,8,5,14,3,1,0,3,0.533333333,0.266666667,0.5,2,0.148717949,0.3,11
2022-23,2023/4/27,Southampton,Bournemouth,Home,0,1,11,16,2,2,6,4,0,0,0,0.181818182,0,0,-5,0.056818182,-0.5,2
2022-23,2023/4/27,Tottenham,Man United,Home,2,2,18,17,7,8,6,8,1,0,1,0.388888889,0.111111111,0.285714286,1,-0.081699346,0.035714286,-2
2022-23,2023/4/29,Brentford,Nott'm Forest,Home,2,1,14,5,8,3,6,0,1,0,3,0.571428571,0.142857143,0.25,9,-0.028571429,-0.083333333,6
2022-23,2023/4/29,Brighton,Wolves,Home,6,0,22,10,8,2,2,5,1,0,3,0.363636364,0.272727273,0.75,12,0.163636364,0.75,-3
2022-23,2023/4/29,Crystal Palace,West Ham,Home,4,3,16,8,6,4,8,5,1,0,3,0.375,0.25,0.666666667,8,-0.125,-0.083333333,3
2022-23,2023/4/29,Nott'm Forest,Brentford,Away,1,2,5,14,3,8,0,6,2,0,0,0.6,0.2,0.333333333,-9,0.028571429,0.083333333,-6
2022-23,2023/4/29,West Ham,Crystal Palace,Away,3,4,8,16,4,6,5,8,2,0,0,0.5,0.375,0.75,-8,0.125,0.083333333,-3
2022-23,2023/4/29,Wolves,Brighton,Away,0,6,10,22,2,8,5,2,1,0,0,0.2,0,0,-12,-0.163636364,-0.75,3
2022-23,2023/4/30,Aston Villa,Man United,Away,0,1,7,14,1,6,4,1,0,0,0,0.142857143,0,0,-7,-0.285714286,-0.166666667,3
2022-23,2023/4/30,Bournemouth,Leeds,Home,4,1,12,15,7,6,2,6,1,0,3,0.583333333,0.333333333,0.571428571,-3,0.183333333,0.404761905,-4
2022-23,2023/4/30,Fulham,Man City,Home,1,2,4,12,1,9,2,5,1,0,0,0.25,0.25,1,-8,-0.5,0.777777778,-3
2022-23,2023/4/30,Leeds,Bournemouth,Away,1,4,15,12,6,7,6,2,0,0,0,0.4,0.066666667,0.166666667,3,-0.183333333,-0.404761905,4
2022-23,2023/4/30,Liverpool,Tottenham,Home,4,3,12,10,4,7,5,2,3,0,3,0.333333333,0.333333333,1,2,-0.366666667,0.571428571,3
2022-23,2023/4/30,Man City,Fulham,Away,2,1,12,4,9,1,5,2,3,0,3,0.75,0.166666667,0.222222222,8,0.5,-0.777777778,3
2022-23,2023/4/30,Man United,Aston Villa,Home,1,0,14,7,6,1,1,4,2,0,3,0.428571429,0.071428571,0.166666667,7,0.285714286,0.166666667,-3
2022-23,2023/4/30,Newcastle,Southampton,Home,3,1,22,4,5,3,11,2,1,0,3,0.227272727,0.136363636,0.6,18,-0.522727273,0.266666667,9
2022-23,2023/4/30,Southampton,Newcastle,Away,1,3,4,22,3,5,2,11,4,0,0,0.75,0.25,0.333333333,-18,0.522727273,-0.266666667,-9
2022-23,2023/4/30,Tottenham,Liverpool,Away,3,4,10,12,7,4,2,5,2,0,0,0.7,0.3,0.428571429,-2,0.366666667,-0.571428571,-3
2022-23,2023/5/1,Everton,Leicester,Away,2,2,23,15,8,6,9,2,1,0,1,0.347826087,0.086956522,0.25,8,-0.052173913,-0.083333333,7
2022-23,2023/5/1,Leicester,Everton,Home,2,2,15,23,6,8,2,9,4,0,1,0.4,0.133333333,0.333333333,-8,0.052173913,0.083333333,-7
2022-23,2023/5/2,Arsenal,Chelsea,Home,3,1,16,7,10,4,7,2,0,0,3,0.625,0.1875,0.3,9,0.053571429,0.05,5
2022-23,2023/5/2,Chelsea,Arsenal,Away,1,3,7,16,4,10,2,7,2,0,0,0.571428571,0.142857143,0.25,-9,-0.053571429,-0.05,-5
2022-23,2023/5/3,Fulham,Liverpool,Away,0,1,9,15,3,3,5,7,0,0,0,0.333333333,0,0,-6,0.133333333,-0.333333333,-2
2022-23,2023/5/3,Liverpool,Fulham,Home,1,0,15,9,3,3,7,5,0,0,3,0.2,0.066666667,0.333333333,6,-0.133333333,0.333333333,2
2022-23,2023/5/3,Man City,West Ham,Home,3,0,16,6,7,2,6,3,0,0,3,0.4375,0.1875,0.428571429,10,0.104166667,0.428571429,3
2022-23,2023/5/3,West Ham,Man City,Away,0,3,6,16,2,7,3,6,1,0,0,0.333333333,0,0,-10,-0.104166667,-0.428571429,-3
2022-23,2023/5/4,Brighton,Man United,Home,1,0,22,16,6,5,8,6,4,0,3,0.272727273,0.045454545,0.166666667,6,-0.039772727,0.166666667,2
2022-23,2023/5/4,Man United,Brighton,Away,0,1,16,22,5,6,6,8,4,0,0,0.3125,0,0,-6,0.039772727,-0.166666667,-2
2022-23,2023/5/6,Aston Villa,Wolves,Away,0,1,16,6,3,2,6,5,3,0,0,0.1875,0,0,10,-0.145833333,-0.5,1
2022-23,2023/5/6,Bournemouth,Chelsea,Home,1,3,10,11,4,5,7,7,1,0,0,0.4,0.1,0.25,-1,-0.054545455,-0.35,0
2022-23,2023/5/6,Brentford,Liverpool,Away,0,1,5,15,1,5,3,7,2,0,0,0.2,0,0,-10,-0.133333333,-0.2,-4
2022-23,2023/5/6,Chelsea,Bournemouth,Away,3,1,11,10,5,4,7,7,3,0,3,0.454545455,0.272727273,0.6,1,0.054545455,0.35,0
2022-23,2023/5/6,Crystal Palace,Tottenham,Away,0,1,7,8,2,3,4,8,5,0,0,0.285714286,0,0,-1,-0.089285714,-0.333333333,-4
2022-23,2023/5/6,Leeds,Man City,Away,1,2,4,18,2,6,1,10,3,0,0,0.5,0.25,0.5,-14,0.166666667,0.166666667,-9
2022-23,2023/5/6,Liverpool,Brentford,Home,1,0,15,5,5,1,7,3,4,0,3,0.333333333,0.066666667,0.2,10,0.133333333,0.2,4
2022-23,2023/5/6,Man City,Leeds,Home,2,1,18,4,6,2,10,1,0,0,3,0.333333333,0.111111111,0.333333333,14,-0.166666667,-0.166666667,9
2022-23,2023/5/6,Tottenham,Crystal Palace,Home,1,0,8,7,3,2,8,4,3,0,3,0.375,0.125,0.333333333,1,0.089285714,0.333333333,4
2022-23,2023/5/6,Wolves,Aston Villa,Home,1,0,6,16,2,3,5,6,3,0,3,0.333333333,0.166666667,0.5,-10,0.145833333,0.5,-1
2022-23,2023/5/7,Arsenal,Newcastle,Away,2,0,10,12,6,5,4,9,1,0,3,0.6,0.2,0.333333333,-2,0.183333333,0.333333333,-5
2022-23,2023/5/7,Man United,West Ham,Away,0,1,19,15,4,4,6,5,2,0,0,0.210526316,0,0,4,-0.056140351,-0.25,1
2022-23,2023/5/7,Newcastle,Arsenal,Home,0,2,12,10,5,6,9,4,2,0,0,0.416666667,0,0,2,-0.183333333,-0.333333333,5
2022-23,2023/5/7,West Ham,Man United,Home,1,0,15,19,4,4,5,6,0,0,3,0.266666667,0.066666667,0.25,-4,0.056140351,0.25,-1
2022-23,2023/5/8,Brighton,Everton,Home,1,5,23,10,5,5,15,1,1,0,0,0.217391304,0.043478261,0.2,13,-0.282608696,-0.8,14
2022-23,2023/5/8,Everton,Brighton,Away,5,1,10,23,5,5,1,15,5,0,3,0.5,0.5,1,-13,0.282608696,0.8,-14
2022-23,2023/5/8,Fulham,Leicester,Home,5,3,17,18,7,9,2,7,0,0,3,0.411764706,0.294117647,0.714285714,-1,-0.088235294,0.380952381,-5
2022-23,2023/5/8,Leicester,Fulham,Away,3,5,18,17,9,7,7,2,3,0,0,0.5,0.166666667,0.333333333,1,0.088235294,-0.380952381,5
2022-23,2023/5/8,Nott'm Forest,Southampton,Home,4,3,9,19,4,5,2,11,1,0,3,0.444444444,0.444444444,1,-10,0.18128655,0.4,-9
2022-23,2023/5/8,Southampton,Nott'm Forest,Away,3,4,19,9,5,4,11,2,0,0,0,0.263157895,0.157894737,0.6,10,-0.18128655,-0.4,9
2022-23,2023/5/13,Aston Villa,Tottenham,Home,2,1,8,5,4,2,8,3,3,0,3,0.5,0.25,0.5,3,0.1,0,5
2022-23,2023/5/13,Bournemouth,Crystal Palace,Away,0,2,5,17,0,5,2,11,2,0,0,0,0,0,-12,-0.294117647,-0.4,-9
2022-23,2023/5/13,Chelsea,Nott'm Forest,Home,2,2,14,11,6,2,2,5,3,0,1,0.428571429,0.142857143,0.333333333,3,0.246753247,-0.666666667,-3
2022-23,2023/5/13,Crystal Palace,Bournemouth,Home,2,0,17,5,5,0,11,2,0,0,3,0.294117647,0.117647059,0.4,12,0.294117647,0.4,9
2022-23,2023/5/13,Fulham,Southampton,Away,2,0,9,5,4,1,8,1,0,0,3,0.444444444,0.222222222,0.5,4,0.244444444,0.5,7
2022-23,2023/5/13,Leeds,Newcastle,Home,2,2,9,18,4,5,2,6,3,1,1,0.444444444,0.222222222,0.5,-9,0.166666667,0.1,-4
2022-23,2023/5/13,Man United,Wolves,Home,2,0,27,5,9,0,11,7,3,0,3,0.333333333,0.074074074,0.222222222,22,0.333333333,0.222222222,4
2022-23,2023/5/13,Newcastle,Leeds,Away,2,2,18,9,5,4,6,2,2,0,1,0.277777778,0.111111111,0.4,9,-0.166666667,-0.1,4
2022-23,2023/5/13,Nott'm Forest,Chelsea,Away,2,2,11,14,2,6,5,2,1,0,1,0.181818182,0.181818182,1,-3,-0.246753247,0.666666667,3
2022-23,2023/5/13,Southampton,Fulham,Home,0,2,5,9,1,4,1,8,2,0,0,0.2,0,0,-4,-0.244444444,-0.5,-7
2022-23,2023/5/13,Tottenham,Aston Villa,Away,1,2,5,8,2,4,3,8,3,0,0,0.4,0.2,0.5,-3,-0.1,0,-5
2022-23,2023/5/13,Wolves,Man United,Away,0,2,5,27,0,9,7,11,2,0,0,0,0,0,-22,-0.333333333,-0.222222222,-4
2022-23,2023/5/14,Arsenal,Brighton,Home,0,3,14,12,2,6,5,2,1,0,0,0.142857143,0,0,2,-0.357142857,-0.5,3
2022-23,2023/5/14,Brentford,West Ham,Home,2,0,24,4,10,4,7,5,1,0,3,0.416666667,0.083333333,0.2,20,-0.583333333,0.2,2
2022-23,2023/5/14,Brighton,Arsenal,Away,3,0,12,14,6,2,2,5,2,0,3,0.5,0.25,0.5,-2,0.357142857,0.5,-3
2022-23,2023/5/14,Everton,Man City,Home,0,3,7,9,3,4,8,6,1,0,0,0.428571429,0,0,-2,-0.015873016,-0.75,2
2022-23,2023/5/14,Man City,Everton,Away,3,0,9,7,4,3,6,8,0,0,3,0.444444444,0.333333333,0.75,2,0.015873016,0.75,-2
2022-23,2023/5/14,West Ham,Brentford,Away,0,2,4,24,4,10,5,7,0,0,0,1,0,0,-20,0.583333333,-0.2,-2
2022-23,2023/5/15,Leicester,Liverpool,Home,0,3,4,16,4,5,4,4,2,0,0,1,0,0,-12,0.6875,-0.6,0
2022-23,2023/5/15,Liverpool,Leicester,Away,3,0,16,4,5,4,4,4,1,0,3,0.3125,0.1875,0.6,12,-0.6875,0.6,0
2022-23,2023/5/18,Brighton,Newcastle,Away,1,4,8,22,2,9,1,6,4,0,0,0.25,0.125,0.5,-14,-0.159090909,0.055555556,-5
2022-23,2023/5/18,Newcastle,Brighton,Home,4,1,22,8,9,2,6,1,2,0,3,0.409090909,0.181818182,0.444444444,14,0.159090909,-0.055555556,5
2022-23,2023/5/20,Arsenal,Nott'm Forest,Away,0,1,11,6,3,2,6,3,2,0,0,0.272727273,0,0,5,-0.060606061,-0.5,3
2022-23,2023/5/20,Aston Villa,Liverpool,Away,1,1,6,10,3,5,4,9,5,0,1,0.5,0.166666667,0.333333333,-4,0,0.133333333,-5
2022-23,2023/5/20,Bournemouth,Man United,Home,0,1,10,20,4,5,3,6,1,0,0,0.4,0,0,-10,0.15,-0.2,-3
2022-23,2023/5/20,Brentford,Tottenham,Away,3,1,11,22,4,8,2,8,1,0,3,0.363636364,0.272727273,0.75,-11,0,0.625,-6
2022-23,2023/5/20,Crystal Palace,Fulham,Away,2,2,11,11,5,4,4,7,0,0,1,0.454545455,0.181818182,0.4,0,0.090909091,-0.1,-3
2022-23,2023/5/20,Everton,Wolves,Away,1,1,19,13,4,5,7,1,1,0,1,0.210526316,0.052631579,0.25,6,-0.174089069,0.05,6
2022-23,2023/5/20,Fulham,Crystal Palace,Home,2,2,11,11,4,5,7,4,3,0,1,0.363636364,0.181818182,0.5,0,-0.090909091,0.1,3
2022-23,2023/5/20,Liverpool,Aston Villa,Home,1,1,10,6,5,3,9,4,3,0,1,0.5,0.1,0.2,4,0,-0.133333333,5
2022-23,2023/5/20,Man United,Bournemouth,Away,1,0,20,10,5,4,6,3,0,0,3,0.25,0.05,0.2,10,-0.15,0.2,3
2022-23,2023/5/20,Nott'm Forest,Arsenal,Home,1,0,6,11,2,3,3,6,3,0,3,0.333333333,0.166666667,0.5,-5,0.060606061,0.5,-3
2022-23,2023/5/20,Tottenham,Brentford,Home,1,3,22,11,8,4,8,2,1,0,0,0.363636364,0.045454545,0.125,11,0,-0.625,6
2022-23,2023/5/20,Wolves,Everton,Home,1,1,13,19,5,4,1,7,5,0,1,0.384615385,0.076923077,0.2,-6,0.174089069,-0.05,-6
2022-23,2023/5/21,Brighton,Southampton,Home,3,1,26,5,8,1,4,3,2,0,3,0.307692308,0.115384615,0.375,21,0.107692308,-0.625,1
2022-23,2023/5/21,Chelsea,Man City,Away,0,1,13,15,6,2,2,5,2,0,0,0.461538462,0,0,-2,0.328205128,-0.5,-3
2022-23,2023/5/21,Leeds,West Ham,Away,1,3,12,19,3,9,5,9,3,0,0,0.25,0.083333333,0.333333333,-7,-0.223684211,0,-4
2022-23,2023/5/21,Man City,Chelsea,Home,1,0,15,13,2,6,5,2,0,0,3,0.133333333,0.066666667,0.5,2,-0.328205128,0.5,3
2022-23,2023/5/21,Southampton,Brighton,Away,1,3,5,26,1,8,3,4,5,0,0,0.2,0.2,1,-21,-0.107692308,0.625,-1
2022-23,2023/5/21,West Ham,Leeds,Home,3,1,19,12,9,3,9,5,1,0,3,0.473684211,0.157894737,0.333333333,7,0.223684211,0,4
2022-23,2023/5/22,Leicester,Newcastle,Away,0,0,1,23,1,4,1,12,0,0,1,1,0,0,-22,0.826086957,0,-11
2022-23,2023/5/22,Newcastle,Leicester,Home,0,0,23,1,4,1,12,1,2,0,1,0.173913043,0,0,22,-0.826086957,0,11
2022-23,2023/5/24,Brighton,Man City,Home,1,1,20,13,7,4,5,1,2,0,1,0.35,0.05,0.142857143,7,0.042307692,-0.107142857,4
2022-23,2023/5/24,Man City,Brighton,Away,1,1,13,20,4,7,1,5,1,0,1,0.307692308,0.076923077,0.25,-7,-0.042307692,0.107142857,-4
2022-23,2023/5/25,Chelsea,Man United,Away,1,4,14,18,5,9,4,3,1,0,0,0.357142857,0.071428571,0.2,-4,-0.142857143,-0.244444444,1
2022-23,2023/5/25,Man United,Chelsea,Home,4,1,18,14,9,5,3,4,1,0,3,0.5,0.222222222,0.444444444,4,0.142857143,0.244444444,-1
2022-23,2023/5/28,Arsenal,Wolves,Home,5,0,14,6,8,0,8,4,0,0,3,0.571428571,0.357142857,0.625,8,0.571428571,0.625,4
2022-23,2023/5/28,Aston Villa,Brighton,Home,2,1,12,8,5,4,4,3,4,0,3,0.416666667,0.166666667,0.4,4,-0.083333333,0.15,1
2022-23,2023/5/28,Bournemouth,Everton,Away,0,1,7,13,2,6,3,9,3,0,0,0.285714286,0,0,-6,-0.175824176,-0.166666667,-6
2022-23,2023/5/28,Brentford,Man City,Home,1,0,11,17,4,3,3,4,4,0,3,0.363636364,0.090909091,0.25,-6,0.187165775,0.25,-1
2022-23,2023/5/28,Brighton,Aston Villa,Away,1,2,8,12,4,5,3,4,4,0,0,0.5,0.125,0.25,-4,0.083333333,-0.15,-1
2022-23,2023/5/28,Chelsea,Newcastle,Home,1,1,22,13,5,4,10,3,0,0,1,0.227272727,0.045454545,0.2,9,-0.08041958,-0.05,7
2022-23,2023/5/28,Crystal Palace,Nott'm Forest,Home,1,1,16,7,4,4,5,4,0,0,1,0.25,0.0625,0.25,9,-0.321428571,0,1
2022-23,2023/5/28,Everton,Bournemouth,Home,1,0,13,7,6,2,9,3,1,0,3,0.461538462,0.076923077,0.166666667,6,0.175824176,0.166666667,6
2022-23,2023/5/28,Fulham,Man United,Away,1,2,10,21,3,8,4,5,2,0,0,0.3,0.1,0.333333333,-11,-0.080952381,0.083333333,-1
2022-23,2023/5/28,Leeds,Tottenham,Home,1,4,19,11,2,7,12,3,3,0,0,0.105263158,0.052631579,0.5,8,-0.531100478,-0.071428571,9
2022-23,2023/5/28,Leicester,West Ham,Home,2,1,13,16,4,3,3,5,1,0,3,0.307692308,0.153846154,0.5,-3,0.120192308,0.166666667,-2
2022-23,2023/5/28,Liverpool,Southampton,Away,4,4,30,15,8,10,9,2,2,0,1,0.266666667,0.133333333,0.5,15,-0.4,0.1,7
2022-23,2023/5/28,Man City,Brentford,Away,0,1,17,11,3,4,4,3,0,0,0,0.176470588,0,0,6,-0.187165775,-0.25,1
2022-23,2023/5/28,Man United,Fulham,Home,2,1,21,10,8,3,5,4,1,0,3,0.380952381,0.095238095,0.25,11,0.080952381,-0.083333333,1
2022-23,2023/5/28,Newcastle,Chelsea,Away,1,1,13,22,4,5,3,10,0,0,1,0.307692308,0.076923077,0.25,-9,0.08041958,0.05,-7
2022-23,2023/5/28,Nott'm Forest,Crystal Palace,Away,1,1,7,16,4,4,4,5,2,0,1,0.571428571,0.142857143,0.25,-9,0.321428571,0,-1
2022-23,2023/5/28,Southampton,Liverpool,Home,4,4,15,30,10,8,2,9,0,0,1,0.666666667,0.266666667,0.4,-15,0.4,-0.1,-7
2022-23,2023/5/28,Tottenham,Leeds,Away,4,1,11,19,7,2,3,12,0,0,3,0.636363636,0.363636364,0.571428571,-8,0.531100478,0.071428571,-9
2022-23,2023/5/28,West Ham,Leicester,Away,1,2,16,13,3,4,5,3,1,0,0,0.1875,0.0625,0.333333333,3,-0.120192308,-0.166666667,2
2022-23,2023/5/28,Wolves,Arsenal,Away,0,5,6,14,0,8,4,8,0,0,0,0,0,0,-8,-0.571428571,-0.625,-4
2023-24,2023/8/11,Burnley,Man City,Home,0,3,6,17,1,8,6,5,0,1,0,0.166666667,0,0,-11,-0.303921569,-0.375,1
2023-24,2023/8/11,Man City,Burnley,Away,3,0,17,6,8,1,5,6,0,0,3,0.470588235,0.176470588,0.375,11,0.303921569,0.375,-1
2023-24,2023/8/12,Arsenal,Nott'm Forest,Home,2,1,15,6,7,2,8,3,2,0,3,0.466666667,0.133333333,0.285714286,9,0.133333333,-0.214285714,5
2023-24,2023/8/12,Aston Villa,Newcastle,Away,1,5,16,17,6,13,5,6,4,0,0,0.375,0.0625,0.166666667,-1,-0.389705882,-0.217948718,-1
2023-24,2023/8/12,Bournemouth,West Ham,Home,1,1,14,16,5,3,10,4,1,0,1,0.357142857,0.071428571,0.2,-2,0.169642857,-0.133333333,6
2023-24,2023/8/12,Brighton,Luton,Home,4,1,27,9,12,3,6,7,2,0,3,0.444444444,0.148148148,0.333333333,18,0.111111111,0,-1
2023-24,2023/8/12,Crystal Palace,Sheffield United,Away,1,0,24,8,8,1,5,5,0,0,3,0.333333333,0.041666667,0.125,16,0.208333333,0.125,0
2023-24,2023/8/12,Everton,Fulham,Home,0,1,19,9,9,2,10,4,0,0,0,0.473684211,0,0,10,0.251461988,-0.5,6
2023-24,2023/8/12,Fulham,Everton,Away,1,0,9,19,2,9,4,10,2,0,3,0.222222222,0.111111111,0.5,-10,-0.251461988,0.5,-6
2023-24,2023/8/12,Luton,Brighton,Away,1,4,9,27,3,12,7,6,2,0,0,0.333333333,0.111111111,0.333333333,-18,-0.111111111,0,1
2023-24,2023/8/12,Newcastle,Aston Villa,Home,5,1,17,16,13,6,6,5,4,0,3,0.764705882,0.294117647,0.384615385,1,0.389705882,0.217948718,1
2023-24,2023/8/12,Nott'm Forest,Arsenal,Away,1,2,6,15,2,7,3,8,2,0,0,0.333333333,0.166666667,0.5,-9,-0.133333333,0.214285714,-5
2023-24,2023/8/12,Sheffield United,Crystal Palace,Home,0,1,8,24,1,8,5,5,3,0,0,0.125,0,0,-16,-0.208333333,-0.125,0
2023-24,2023/8/12,West Ham,Bournemouth,Away,1,1,16,14,3,5,4,10,4,0,1,0.1875,0.0625,0.333333333,2,-0.169642857,0.133333333,-6
2023-24,2023/8/13,Brentford,Tottenham,Home,2,2,11,18,6,6,3,6,1,0,1,0.545454545,0.181818182,0.333333333,-7,0.212121212,0,-3
2023-24,2023/8/13,Chelsea,Liverpool,Home,1,1,10,13,4,1,4,4,3,0,1,0.4,0.1,0.25,-3,0.323076923,-0.75,0
2023-24,2023/8/13,Liverpool,Chelsea,Away,1,1,13,10,1,4,4,4,3,0,1,0.076923077,0.076923077,1,3,-0.323076923,0.75,0
2023-24,2023/8/13,Tottenham,Brentford,Away,2,2,18,11,6,6,6,3,4,0,1,0.333333333,0.111111111,0.333333333,7,-0.212121212,0,3
2023-24,2023/8/14,Man United,Wolves,Home,1,0,15,23,3,6,8,7,2,0,3,0.2,0.066666667,0.333333333,-8,-0.060869565,0.333333333,1
2023-24,2023/8/14,Wolves,Man United,Away,0,1,23,15,6,3,7,8,3,0,0,0.260869565,0,0,8,0.060869565,-0.333333333,-1
2023-24,2023/8/18,Nott'm Forest,Sheffield United,Home,2,1,16,7,4,3,6,7,2,0,3,0.25,0.125,0.5,9,-0.178571429,0.166666667,-1
2023-24,2023/8/18,Sheffield United,Nott'm Forest,Away,1,2,7,16,3,4,7,6,3,0,0,0.428571429,0.142857143,0.333333333,-9,0.178571429,-0.166666667,1
2023-24,2023/8/19,Bournemouth,Liverpool,Away,1,3,13,26,5,10,2,10,3,0,0,0.384615385,0.076923077,0.2,-13,0,-0.1,-8
2023-24,2023/8/19,Brentford,Fulham,Away,3,0,17,10,8,2,5,5,2,0,3,0.470588235,0.176470588,0.375,7,0.270588235,0.375,0
2023-24,2023/8/19,Brighton,Wolves,Away,4,1,16,16,8,5,3,5,6,0,3,0.5,0.25,0.5,0,0.1875,0.3,-2
2023-24,2023/8/19,Fulham,Brentford,Home,0,3,10,17,2,8,5,5,2,1,0,0.2,0,0,-7,-0.270588235,-0.375,0
2023-24,2023/8/19,Liverpool,Bournemouth,Home,3,1,26,13,10,5,10,2,1,1,3,0.384615385,0.115384615,0.3,13,0,0.1,8
2023-24,2023/8/19,Man City,Newcastle,Home,1,0,14,7,4,1,3,0,1,0,3,0.285714286,0.071428571,0.25,7,0.142857143,0.25,3
2023-24,2023/8/19,Man United,Tottenham,Away,0,2,22,17,6,6,6,5,3,0,0,0.272727273,0,0,5,-0.080213904,-0.333333333,1
2023-24,2023/8/19,Newcastle,Man City,Away,0,1,7,14,1,4,0,3,5,0,0,0.142857143,0,0,-7,-0.142857143,-0.25,-3
2023-24,2023/8/19,Tottenham,Man United,Home,2,0,17,22,6,6,5,6,1,0,3,0.352941176,0.117647059,0.333333333,-5,0.080213904,0.333333333,-1
2023-24,2023/8/19,Wolves,Brighton,Home,1,4,16,16,5,8,5,3,3,1,0,0.3125,0.0625,0.2,0,-0.1875,-0.3,2
2023-24,2023/8/20,Aston Villa,Everton,Home,4,0,13,9,7,2,7,6,3,0,3,0.538461538,0.307692308,0.571428571,4,0.316239316,0.571428571,1
2023-24,2023/8/20,Chelsea,West Ham,Away,1,3,17,12,4,6,9,3,3,0,0,0.235294118,0.058823529,0.25,5,-0.264705882,-0.25,6
2023-24,2023/8/20,Everton,Aston Villa,Away,0,4,9,13,2,7,6,7,4,0,0,0.222222222,0,0,-4,-0.316239316,-0.571428571,-1
2023-24,2023/8/20,West Ham,Chelsea,Home,3,1,12,17,6,4,3,9,2,1,3,0.5,0.25,0.5,-5,0.264705882,0.25,-6
2023-24,2023/8/21,Arsenal,Crystal Palace,Away,1,0,14,14,3,2,8,1,1,1,3,0.214285714,0.071428571,0.333333333,0,0.071428571,0.333333333,7
2023-24,2023/8/21,Crystal Palace,Arsenal,Home,0,1,14,14,2,3,1,8,2,0,0,0.142857143,0,0,0,-0.071428571,-0.333333333,-7
2023-24,2023/8/25,Chelsea,Luton,Home,3,0,19,11,8,1,6,4,2,0,3,0.421052632,0.157894737,0.375,8,0.330143541,0.375,2
2023-24,2023/8/25,Luton,Chelsea,Away,0,3,11,19,1,8,4,6,3,0,0,0.090909091,0,0,-8,-0.330143541,-0.375,-2
2023-24,2023/8/26,Arsenal,Fulham,Home,2,2,19,8,11,3,8,3,0,0,1,0.578947368,0.105263158,0.181818182,11,0.203947368,-0.484848485,5
2023-24,2023/8/26,Bournemouth,Tottenham,Home,0,2,11,17,3,6,6,2,1,0,0,0.272727273,0,0,-6,-0.080213904,-0.333333333,4
2023-24,2023/8/26,Brentford,Crystal Palace,Home,1,1,12,15,1,5,8,6,0,0,1,0.083333333,0.083333333,1,-3,-0.25,0.8,2
2023-24,2023/8/26,Brighton,West Ham,Home,1,3,25,12,10,3,17,4,1,0,0,0.4,0.04,0.1,13,0.15,-0.9,13
2023-24,2023/8/26,Crystal Palace,Brentford,Away,1,1,15,12,5,1,6,8,0,0,1,0.333333333,0.066666667,0.2,3,0.25,-0.8,-2
2023-24,2023/8/26,Everton,Wolves,Home,0,1,15,11,7,2,7,0,3,0,0,0.466666667,0,0,4,0.284848485,-0.5,7
2023-24,2023/8/26,Fulham,Arsenal,Away,2,2,8,19,3,11,3,8,3,1,1,0.375,0.25,0.666666667,-11,-0.203947368,0.484848485,-5
2023-24,2023/8/26,Man United,Nott'm Forest,Home,3,2,18,9,9,4,11,3,4,0,3,0.5,0.166666667,0.333333333,9,0.055555556,-0.166666667,8
2023-24,2023/8/26,Nott'm Forest,Man United,Away,2,3,9,18,4,9,3,11,4,1,0,0.444444444,0.222222222,0.5,-9,-0.055555556,0.166666667,-8
2023-24,2023/8/26,Tottenham,Bournemouth,Away,2,0,17,11,6,3,2,6,3,0,3,0.352941176,0.117647059,0.333333333,6,0.080213904,0.333333333,-4
2023-24,2023/8/26,West Ham,Brighton,Away,3,1,12,25,3,10,4,17,3,0,3,0.25,0.25,1,-13,-0.15,0.9,-13
2023-24,2023/8/26,Wolves,Everton,Away,1,0,11,15,2,7,0,7,4,0,3,0.181818182,0.090909091,0.5,-4,-0.284848485,0.5,-7
2023-24,2023/8/27,Aston Villa,Burnley,Away,3,1,16,9,6,2,6,4,0,0,3,0.375,0.1875,0.5,7,0.152777778,0,2
2023-24,2023/8/27,Burnley,Aston Villa,Home,1,3,9,16,2,6,4,6,2,0,0,0.222222222,0.111111111,0.5,-7,-0.152777778,0,-2
2023-24,2023/8/27,Liverpool,Newcastle,Away,2,1,9,23,4,8,9,5,2,1,3,0.444444444,0.222222222,0.5,-14,0.096618357,0.375,4
2023-24,2023/8/27,Man City,Sheffield United,Away,2,1,30,6,9,2,12,1,0,0,3,0.3,0.066666667,0.222222222,24,-0.033333333,-0.277777778,11
2023-24,2023/8/27,Newcastle,Liverpool,Home,1,2,23,9,8,4,5,9,1,0,0,0.347826087,0.043478261,0.125,14,-0.096618357,-0.375,-4
2023-24,2023/8/27,Sheffield United,Man City,Home,1,2,6,30,2,9,1,12,3,0,0,0.333333333,0.166666667,0.5,-24,0.033333333,0.277777778,-11
2023-24,2023/9/1,Luton,West Ham,Home,1,2,16,9,1,3,9,6,1,0,0,0.0625,0.0625,1,7,-0.270833333,0.333333333,3
2023-24,2023/9/1,West Ham,Luton,Away,2,1,9,16,3,1,6,9,1,0,3,0.333333333,0.222222222,0.666666667,-7,0.270833333,-0.333333333,-3
2023-24,2023/9/2,Bournemouth,Brentford,Away,2,2,12,21,5,7,2,5,2,0,1,0.416666667,0.166666667,0.4,-9,0.083333333,0.114285714,-3
2023-24,2023/9/2,Brentford,Bournemouth,Home,2,2,21,12,7,5,5,2,1,0,1,0.333333333,0.095238095,0.285714286,9,-0.083333333,-0.114285714,3
2023-24,2023/9/2,Brighton,Newcastle,Home,3,1,15,9,6,2,5,3,4,0,3,0.4,0.2,0.5,6,0.177777778,0,2
2023-24,2023/9/2,Burnley,Tottenham,Home,2,5,16,20,4,10,7,4,4,0,0,0.25,0.125,0.5,-4,-0.25,0,3
2023-24,2023/9/2,Chelsea,Nott'm Forest,Home,0,1,21,7,2,3,8,0,3,0,0,0.095238095,0,0,14,-0.333333333,-0.333333333,8
2023-24,2023/9/2,Everton,Sheffield United,Away,2,2,16,13,6,8,6,4,2,0,1,0.375,0.125,0.333333333,3,-0.240384615,0.083333333,2
2023-24,2023/9/2,Fulham,Man City,Away,1,5,6,7,4,5,5,4,4,0,0,0.666666667,0.166666667,0.25,-1,-0.047619048,-0.75,1
2023-24,2023/9/2,Man City,Fulham,Home,5,1,7,6,5,4,4,5,2,0,3,0.714285714,0.714285714,1,1,0.047619048,0.75,-1
2023-24,2023/9/2,Newcastle,Brighton,Away,1,3,9,15,2,6,3,5,4,0,0,0.222222222,0.111111111,0.5,-6,-0.177777778,0,-2
2023-24,2023/9/2,Nott'm Forest,Chelsea,Away,1,0,7,21,3,2,0,8,4,0,3,0.428571429,0.142857143,0.333333333,-14,0.333333333,0.333333333,-8
2023-24,2023/9/2,Sheffield United,Everton,Home,2,2,13,16,8,6,4,6,1,0,1,0.615384615,0.153846154,0.25,-3,0.240384615,-0.083333333,-2
2023-24,2023/9/2,Tottenham,Burnley,Away,5,2,20,16,10,4,4,7,3,0,3,0.5,0.25,0.5,4,0.25,0,-3
2023-24,2023/9/3,Arsenal,Man United,Home,3,1,17,10,5,2,12,3,2,0,3,0.294117647,0.176470588,0.6,7,0.094117647,0.1,9
2023-24,2023/9/3,Aston Villa,Liverpool,Away,0,3,9,17,3,4,3,7,1,0,0,0.333333333,0,0,-8,0.098039216,-0.75,-4
2023-24,2023/9/3,Crystal Palace,Wolves,Home,3,2,16,12,11,4,4,2,1,0,3,0.6875,0.1875,0.272727273,4,0.354166667,-0.227272727,2
2023-24,2023/9/3,Liverpool,Aston Villa,Home,3,0,17,9,4,3,7,3,0,0,3,0.235294118,0.176470588,0.75,8,-0.098039216,0.75,4
2023-24,2023/9/3,Man United,Arsenal,Away,1,3,10,17,2,5,3,12,3,0,0,0.2,0.1,0.5,-7,-0.094117647,-0.1,-9
2023-24,2023/9/3,Wolves,Crystal Palace,Away,2,3,12,16,4,11,2,4,3,0,0,0.333333333,0.166666667,0.5,-4,-0.354166667,0.227272727,-2
2023-24,2023/9/16,Aston Villa,Crystal Palace,Home,3,1,16,6,5,3,4,2,5,0,3,0.3125,0.1875,0.6,10,-0.1875,0.266666667,2
2023-24,2023/9/16,Brentford,Newcastle,Away,0,1,11,9,2,2,3,8,5,0,0,0.181818182,0,0,2,-0.04040404,-0.5,-5
2023-24,2023/9/16,Brighton,Man United,Away,3,1,10,14,8,4,1,8,2,0,3,0.8,0.3,0.375,-4,0.514285714,0.125,-7
2023-24,2023/9/16,Crystal Palace,Aston Villa,Away,1,3,6,16,3,5,2,4,3,0,0,0.5,0.166666667,0.333333333,-10,0.1875,-0.266666667,-2
2023-24,2023/9/16,Fulham,Luton,Home,1,0,13,7,2,2,6,2,2,0,3,0.153846154,0.076923077,0.5,6,-0.131868132,0.5,4
2023-24,2023/9/16,Liverpool,Wolves,Away,3,1,16,11,6,2,4,4,3,0,3,0.375,0.1875,0.5,5,0.193181818,0,0
2023-24,2023/9/16,Luton,Fulham,Away,0,1,7,13,2,2,2,6,2,0,0,0.285714286,0,0,-6,0.131868132,-0.5,-4
2023-24,2023/9/16,Man City,West Ham,Away,3,1,29,6,15,3,11,4,2,0,3,0.517241379,0.103448276,0.2,23,0.017241379,-0.133333333,7
2023-24,2023/9/16,Man United,Brighton,Home,1,3,14,10,4,8,8,1,2,0,0,0.285714286,0.071428571,0.25,4,-0.514285714,-0.125,7
2023-24,2023/9/16,Newcastle,Brentford,Home,1,0,9,11,2,2,8,3,3,0,3,0.222222222,0.111111111,0.5,-2,0.04040404,0.5,5
2023-24,2023/9/16,Sheffield United,Tottenham,Away,1,2,7,28,5,10,2,15,5,1,0,0.714285714,0.142857143,0.2,-21,0.357142857,0,-13
2023-24,2023/9/16,Tottenham,Sheffield United,Home,2,1,28,7,10,5,15,2,6,0,3,0.357142857,0.071428571,0.2,21,-0.357142857,0,13
2023-24,2023/9/16,West Ham,Man City,Home,1,3,6,29,3,15,4,11,3,0,0,0.5,0.166666667,0.333333333,-23,-0.017241379,0.133333333,-7
2023-24,2023/9/16,Wolves,Liverpool,Home,1,3,11,16,2,6,4,4,1,0,0,0.181818182,0.090909091,0.5,-5,-0.193181818,0,0
2023-24,2023/9/17,Arsenal,Everton,Away,1,0,13,8,4,1,11,1,1,0,3,0.307692308,0.076923077,0.25,5,0.182692308,0.25,10
2023-24,2023/9/17,Bournemouth,Chelsea,Home,0,0,13,14,4,6,1,7,1,0,1,0.307692308,0,0,-1,-0.120879121,0,-6
2023-24,2023/9/17,Chelsea,Bournemouth,Away,0,0,14,13,6,4,7,1,5,0,1,0.428571429,0,0,1,0.120879121,0,6
2023-24,2023/9/17,Everton,Arsenal,Home,0,1,8,13,1,4,1,11,1,0,0,0.125,0,0,-5,-0.182692308,-0.25,-10
2023-24,2023/9/18,Burnley,Nott'm Forest,Away,1,1,10,14,3,4,4,5,3,1,1,0.3,0.1,0.333333333,-4,0.014285714,0.083333333,-1
2023-24,2023/9/18,Nott'm Forest,Burnley,Home,1,1,14,10,4,3,5,4,2,0,1,0.285714286,0.071428571,0.25,4,-0.014285714,-0.083333333,1
2023-24,2023/9/23,Brentford,Everton,Home,1,3,12,18,2,6,1,4,2,0,0,0.166666667,0.083333333,0.5,-6,-0.166666667,0,-3
2023-24,2023/9/23,Burnley,Man United,Home,0,1,12,11,4,4,9,5,1,0,0,0.333333333,0,0,1,-0.03030303,-0.25,4
2023-24,2023/9/23,Crystal Palace,Fulham,Home,0,0,7,10,3,5,3,2,3,0,1,0.428571429,0,0,-3,-0.071428571,0,1
2023-24,2023/9/23,Everton,Brentford,Away,3,1,18,12,6,2,4,1,2,0,3,0.333333333,0.166666667,0.5,6,0.166666667,0,3
2023-24,2023/9/23,Fulham,Crystal Palace,Away,0,0,10,7,5,3,2,3,2,0,1,0.5,0,0,3,0.071428571,0,-1
2023-24,2023/9/23,Luton,Wolves,Home,1,1,20,3,4,3,10,1,0,0,1,0.2,0.05,0.25,17,-0.8,-0.083333333,9
2023-24,2023/9/23,Man City,Nott'm Forest,Home,2,0,7,10,4,3,6,6,3,1,3,0.571428571,0.285714286,0.5,-3,0.271428571,0.5,0
2023-24,2023/9/23,Man United,Burnley,Away,1,0,11,12,4,4,5,9,2,0,3,0.363636364,0.090909091,0.25,-1,0.03030303,0.25,-4
2023-24,2023/9/23,Nott'm Forest,Man City,Away,0,2,10,7,3,4,6,6,7,0,0,0.3,0,0,3,-0.271428571,-0.5,0
2023-24,2023/9/23,Wolves,Luton,Away,1,1,3,20,3,4,1,10,2,1,1,1,0.333333333,0.333333333,-17,0.8,0.083333333,-9
2023-24,2023/9/24,Arsenal,Tottenham,Home,2,2,13,13,6,5,11,4,3,0,1,0.461538462,0.153846154,0.333333333,0,0.076923077,-0.066666667,7
2023-24,2023/9/24,Aston Villa,Chelsea,Away,1,0,15,10,7,4,11,5,3,0,3,0.466666667,0.066666667,0.142857143,5,0.066666667,0.142857143,6
2023-24,2023/9/24,Bournemouth,Brighton,Away,1,3,12,13,4,4,4,4,3,0,0,0.333333333,0.083333333,0.25,-1,0.025641026,-0.5,0
2023-24,2023/9/24,Brighton,Bournemouth,Home,3,1,13,12,4,4,4,4,3,0,3,0.307692308,0.230769231,0.75,1,-0.025641026,0.5,0
2023-24,2023/9/24,Chelsea,Aston Villa,Home,0,1,10,15,4,7,5,11,2,0,0,0.4,0,0,-5,-0.066666667,-0.142857143,-6
2023-24,2023/9/24,Liverpool,West Ham,Home,3,1,22,11,7,4,7,4,0,0,3,0.318181818,0.136363636,0.428571429,11,-0.045454545,0.178571429,3
2023-24,2023/9/24,Newcastle,Sheffield United,Away,8,0,22,9,15,1,6,2,0,0,3,0.681818182,0.363636364,0.533333333,13,0.570707071,0.533333333,4
2023-24,2023/9/24,Sheffield United,Newcastle,Home,0,8,9,22,1,15,2,6,3,0,0,0.111111111,0,0,-13,-0.570707071,-0.533333333,-4
2023-24,2023/9/24,Tottenham,Arsenal,Away,2,2,13,13,5,6,4,11,4,0,1,0.384615385,0.153846154,0.4,0,-0.076923077,0.066666667,-7
2023-24,2023/9/24,West Ham,Liverpool,Away,1,3,11,22,4,7,4,7,2,0,0,0.363636364,0.090909091,0.25,-11,0.045454545,-0.178571429,-3
2023-24,2023/9/30,Arsenal,Bournemouth,Away,4,0,15,8,8,1,6,6,1,0,3,0.533333333,0.266666667,0.5,7,0.408333333,0.5,0
2023-24,2023/9/30,Aston Villa,Brighton,Home,6,1,19,11,9,3,1,3,4,0,3,0.473684211,0.315789474,0.666666667,8,0.200956938,0.333333333,-2
2023-24,2023/9/30,Bournemouth,Arsenal,Home,0,4,8,15,1,8,6,6,0,0,0,0.125,0,0,-7,-0.408333333,-0.5,0
2023-24,2023/9/30,Brighton,Aston Villa,Away,1,6,11,19,3,9,3,1,4,0,0,0.272727273,0.090909091,0.333333333,-8,-0.200956938,-0.333333333,2
2023-24,2023/9/30,Burnley,Newcastle,Away,0,2,8,20,2,8,3,5,3,0,0,0.25,0,0,-12,-0.15,-0.25,-2
2023-24,2023/9/30,Crystal Palace,Man United,Away,1,0,8,19,2,4,4,10,2,0,3,0.25,0.125,0.5,-11,0.039473684,0.5,-6
2023-24,2023/9/30,Everton,Luton,Home,1,2,23,9,5,2,3,6,0,0,0,0.217391304,0.043478261,0.2,14,-0.004830918,-0.8,-3
2023-24,2023/9/30,Liverpool,Tottenham,Away,1,2,12,24,4,8,5,12,4,2,0,0.333333333,0.083333333,0.25,-12,0,0,-7
2023-24,2023/9/30,Luton,Everton,Away,2,1,9,23,2,5,6,3,1,0,3,0.222222222,0.222222222,1,-14,0.004830918,0.8,3
2023-24,2023/9/30,Man City,Wolves,Away,1,2,23,3,8,1,6,0,4,0,0,0.347826087,0.043478261,0.125,20,0.014492754,-1.875,6
2023-24,2023/9/30,Man United,Crystal Palace,Home,0,1,19,8,4,2,10,4,3,0,0,0.210526316,0,0,11,-0.039473684,-0.5,6
2023-24,2023/9/30,Newcastle,Burnley,Home,2,0,20,8,8,2,5,3,1,0,3,0.4,0.1,0.25,12,0.15,0.25,2
2023-24,2023/9/30,Sheffield United,West Ham,Away,0,2,16,20,2,9,4,7,1,0,0,0.125,0,0,-4,-0.325,-0.222222222,-3
2023-24,2023/9/30,Tottenham,Liverpool,Home,2,1,24,12,8,4,12,5,5,0,3,0.333333333,0.083333333,0.25,12,0,0,7
2023-24,2023/9/30,West Ham,Sheffield United,Home,2,0,20,16,9,2,7,4,1,0,3,0.45,0.1,0.222222222,4,0.325,0.222222222,3
2023-24,2023/9/30,Wolves,Man City,Home,2,1,3,23,1,8,0,6,5,0,3,0.333333333,0.666666667,2,-20,-0.014492754,1.875,-6
2023-24,2023/10/1,Brentford,Nott'm Forest,Away,1,1,18,6,5,1,11,1,2,0,1,0.277777778,0.055555556,0.2,12,0.111111111,-0.8,10
2023-24,2023/10/1,Nott'm Forest,Brentford,Home,1,1,6,18,1,5,1,11,1,1,1,0.166666667,0.166666667,1,-12,-0.111111111,0.8,-10
2023-24,2023/10/2,Chelsea,Fulham,Away,2,0,11,10,4,3,1,8,4,0,3,0.363636364,0.181818182,0.5,1,0.063636364,0.5,-7
2023-24,2023/10/2,Fulham,Chelsea,Home,0,2,10,11,3,4,8,1,1,0,0,0.3,0,0,-1,-0.063636364,-0.5,7
2023-24,2023/10/3,Burnley,Luton,Away,2,1,14,18,4,3,6,7,2,0,3,0.285714286,0.142857143,0.5,-4,0.119047619,0.166666667,-1
2023-24,2023/10/3,Luton,Burnley,Home,1,2,18,14,3,4,7,6,4,0,0,0.166666667,0.055555556,0.333333333,4,-0.119047619,-0.166666667,1
2023-24,2023/10/7,Bournemouth,Everton,Away,0,3,11,25,4,8,7,8,2,0,0,0.363636364,0,0,-14,0.043636364,-0.375,-1
2023-24,2023/10/7,Brentford,Man United,Away,1,2,11,21,3,8,5,7,5,0,0,0.272727273,0.090909091,0.333333333,-10,-0.108225108,0.083333333,-2
2023-24,2023/10/7,Burnley,Chelsea,Home,1,4,10,9,3,5,7,3,2,0,0,0.3,0.1,0.333333333,1,-0.255555556,-0.466666667,4
2023-24,2023/10/7,Chelsea,Burnley,Away,4,1,9,10,5,3,3,7,4,0,3,0.555555556,0.444444444,0.8,-1,0.255555556,0.466666667,-4
2023-24,2023/10/7,Crystal Palace,Nott'm Forest,Home,0,0,8,16,2,5,3,7,0,0,1,0.25,0,0,-8,-0.0625,0,-4
2023-24,2023/10/7,Everton,Bournemouth,Home,3,0,25,11,8,4,8,7,1,0,3,0.32,0.12,0.375,14,-0.043636364,0.375,1
2023-24,2023/10/7,Fulham,Sheffield United,Home,3,1,20,5,6,2,9,4,1,0,3,0.3,0.15,0.5,15,-0.1,0,5
2023-24,2023/10/7,Luton,Tottenham,Home,0,1,12,15,2,4,5,6,2,0,0,0.166666667,0,0,-3,-0.1,-0.25,-1
2023-24,2023/10/7,Man United,Brentford,Home,2,1,21,11,8,3,7,5,0,0,3,0.380952381,0.095238095,0.25,10,0.108225108,-0.083333333,2
2023-24,2023/10/7,Nott'm Forest,Crystal Palace,Away,0,0,16,8,5,2,7,3,1,0,1,0.3125,0,0,8,0.0625,0,4
2023-24,2023/10/7,Sheffield United,Fulham,Away,1,3,5,20,2,6,4,9,2,0,0,0.4,0.2,0.5,-15,0.1,0,-5
2023-24,2023/10/7,Tottenham,Luton,Away,1,0,15,12,4,2,6,5,1,1,3,0.266666667,0.066666667,0.25,3,0.1,0.25,1
2023-24,2023/10/8,Arsenal,Man City,Home,1,0,12,4,2,1,5,4,2,0,3,0.166666667,0.083333333,0.5,8,-0.083333333,0.5,1
2023-24,2023/10/8,Aston Villa,Wolves,Away,1,1,18,8,4,3,10,2,2,0,1,0.222222222,0.055555556,0.25,10,-0.152777778,-0.083333333,8
2023-24,2023/10/8,Brighton,Liverpool,Home,2,2,14,14,3,4,8,1,1,0,1,0.214285714,0.142857143,0.666666667,0,-0.071428571,0.166666667,7
2023-24,2023/10/8,Liverpool,Brighton,Away,2,2,14,14,4,3,1,8,2,0,1,0.285714286,0.142857143,0.5,0,0.071428571,-0.166666667,-7
2023-24,2023/10/8,Man City,Arsenal,Away,0,1,4,12,1,2,4,5,3,0,0,0.25,0,0,-8,0.083333333,-0.5,-1
2023-24,2023/10/8,Newcastle,West Ham,Away,2,2,10,5,3,3,2,4,3,0,1,0.3,0.2,0.666666667,5,-0.3,0,-2
2023-24,2023/10/8,West Ham,Newcastle,Home,2,2,5,10,3,3,4,2,3,0,1,0.6,0.4,0.666666667,-5,0.3,0,2
2023-24,2023/10/8,Wolves,Aston Villa,Home,1,1,8,18,3,4,2,10,2,1,1,0.375,0.125,0.333333333,-10,0.152777778,0.083333333,-8
2023-24,2023/10/21,Arsenal,Chelsea,Away,2,2,13,11,3,5,7,2,3,0,1,0.230769231,0.153846154,0.666666667,2,-0.223776224,0.266666667,5
2023-24,2023/10/21,Bournemouth,Wolves,Home,1,2,7,20,4,7,3,12,2,1,0,0.571428571,0.142857143,0.25,-13,0.221428571,-0.035714286,-9
2023-24,2023/10/21,Brentford,Burnley,Home,3,0,23,6,10,1,5,5,5,0,3,0.434782609,0.130434783,0.3,17,0.268115942,0.3,0
2023-24,2023/10/21,Brighton,Man City,Away,1,2,5,10,3,6,2,2,2,0,0,0.6,0.2,0.333333333,-5,0,0,0
2023-24,2023/10/21,Burnley,Brentford,Away,0,3,6,23,1,10,5,5,2,1,0,0.166666667,0,0,-17,-0.268115942,-0.3,0
2023-24,2023/10/21,Chelsea,Arsenal,Home,2,2,11,13,5,3,2,7,3,0,1,0.454545455,0.181818182,0.4,-2,0.223776224,-0.266666667,-5
2023-24,2023/10/21,Crystal Palace,Newcastle,Away,0,4,17,10,3,7,8,6,3,0,0,0.176470588,0,0,7,-0.523529412,-0.571428571,2
2023-24,2023/10/21,Everton,Liverpool,Away,0,2,6,26,1,6,4,12,1,1,0,0.166666667,0,0,-20,-0.064102564,-0.333333333,-8
2023-24,2023/10/21,Liverpool,Everton,Home,2,0,26,6,6,1,12,4,1,0,3,0.230769231,0.076923077,0.333333333,20,0.064102564,0.333333333,8
2023-24,2023/10/21,Luton,Nott'm Forest,Away,2,2,13,19,4,8,2,4,0,0,1,0.307692308,0.153846154,0.5,-6,-0.113360324,0.25,-2
2023-24,2023/10/21,Man City,Brighton,Home,2,1,10,5,6,3,2,2,2,1,3,0.6,0.2,0.333333333,5,0,0,0
2023-24,2023/10/21,Man United,Sheffield United,Away,2,1,14,12,5,6,4,5,1,0,3,0.357142857,0.142857143,0.4,2,-0.142857143,0.233333333,-1
2023-24,2023/10/21,Newcastle,Crystal Palace,Home,4,0,10,17,7,3,6,8,2,0,3,0.7,0.4,0.571428571,-7,0.523529412,0.571428571,-2
2023-24,2023/10/21,Nott'm Forest,Luton,Home,2,2,19,13,8,4,4,2,3,0,1,0.421052632,0.105263158,0.25,6,0.113360324,-0.25,2
2023-24,2023/10/21,Sheffield United,Man United,Home,1,2,12,14,6,5,5,4,3,0,0,0.5,0.083333333,0.166666667,-2,0.142857143,-0.233333333,1
2023-24,2023/10/21,Wolves,Bournemouth,Away,2,1,20,7,7,4,12,3,6,0,3,0.35,0.1,0.285714286,13,-0.221428571,0.035714286,9
2023-24,2023/10/22,Aston Villa,West Ham,Home,4,1,15,14,7,4,8,7,0,0,3,0.466666667,0.266666667,0.571428571,1,0.180952381,0.321428571,1
2023-24,2023/10/22,West Ham,Aston Villa,Away,1,4,14,15,4,7,7,8,1,0,0,0.285714286,0.071428571,0.25,-1,-0.180952381,-0.321428571,-1
2023-24,2023/10/23,Fulham,Tottenham,Away,0,2,10,15,3,5,5,3,0,0,0,0.3,0,0,-5,-0.033333333,-0.4,2
2023-24,2023/10/23,Tottenham,Fulham,Home,2,0,15,10,5,3,3,5,2,0,3,0.333333333,0.133333333,0.4,5,0.033333333,0.4,-2
2023-24,2023/10/27,Crystal Palace,Tottenham,Home,1,2,13,10,3,1,11,2,2,0,0,0.230769231,0.076923077,0.333333333,3,0.130769231,-1.666666667,9
2023-24,2023/10/27,Tottenham,Crystal Palace,Away,2,1,10,13,1,3,2,11,1,0,3,0.1,0.2,2,-3,-0.130769231,1.666666667,-9
2023-24,2023/10/28,Arsenal,Sheffield United,Home,5,0,13,2,8,0,6,1,0,0,3,0.615384615,0.384615385,0.625,11,0.615384615,0.625,5
2023-24,2023/10/28,Bournemouth,Burnley,Home,2,1,13,6,6,3,10,5,2,0,3,0.461538462,0.153846154,0.333333333,7,-0.038461538,0,5
2023-24,2023/10/28,Brentford,Chelsea,Away,2,0,7,17,5,2,1,10,4,0,3,0.714285714,0.285714286,0.4,-10,0.596638655,0.4,-9
2023-24,2023/10/28,Burnley,Bournemouth,Away,1,2,6,13,3,6,5,10,3,0,0,0.5,0.166666667,0.333333333,-7,0.038461538,0,-5
2023-24,2023/10/28,Chelsea,Brentford,Home,0,2,17,7,2,5,10,1,1,0,0,0.117647059,0,0,10,-0.596638655,-0.4,9
2023-24,2023/10/28,Newcastle,Wolves,Away,2,2,13,11,5,6,7,8,4,0,1,0.384615385,0.153846154,0.4,2,-0.160839161,0.066666667,-1
2023-24,2023/10/28,Sheffield United,Arsenal,Away,0,5,2,13,0,8,1,6,3,0,0,0,0,0,-11,-0.615384615,-0.625,-5
2023-24,2023/10/28,Wolves,Newcastle,Home,2,2,11,13,6,5,8,7,1,0,1,0.545454545,0.181818182,0.333333333,-2,0.160839161,-0.066666667,1
2023-24,2023/10/29,Aston Villa,Luton,Home,3,1,17,7,6,1,6,4,3,0,3,0.352941176,0.176470588,0.5,10,0.210084034,-0.5,2
2023-24,2023/10/29,Brighton,Fulham,Home,1,1,18,10,7,5,7,3,0,0,1,0.388888889,0.055555556,0.142857143,8,-0.111111111,-0.057142857,4
2023-24,2023/10/29,Everton,West Ham,Away,1,0,10,12,4,2,3,4,1,0,3,0.4,0.1,0.25,-2,0.233333333,0.25,-1
2023-24,2023/10/29,Fulham,Brighton,Away,1,1,10,18,5,7,3,7,3,0,1,0.5,0.1,0.2,-8,0.111111111,0.057142857,-4
2023-24,2023/10/29,Liverpool,Nott'm Forest,Home,3,0,21,9,8,1,8,3,2,0,3,0.380952381,0.142857143,0.375,12,0.26984127,0.375,5
2023-24,2023/10/29,Luton,Aston Villa,Away,1,3,7,17,1,6,4,6,2,0,0,0.142857143,0.142857143,1,-10,-0.210084034,0.5,-2
2023-24,2023/10/29,Man City,Man United,Away,3,0,21,7,10,3,12,7,1,0,3,0.476190476,0.142857143,0.3,14,0.047619048,0.3,5
2023-24,2023/10/29,Man United,Man City,Home,0,3,7,21,3,10,7,12,4,0,0,0.428571429,0,0,-14,-0.047619048,-0.3,-5
2023-24,2023/10/29,Nott'm Forest,Liverpool,Away,0,3,9,21,1,8,3,8,3,0,0,0.111111111,0,0,-12,-0.26984127,-0.375,-5
2023-24,2023/10/29,West Ham,Everton,Home,0,1,12,10,2,4,4,3,4,0,0,0.166666667,0,0,2,-0.233333333,-0.25,1
2023-24,2023/11/4,Arsenal,Newcastle,Away,0,1,14,9,1,2,11,0,1,0,0,0.071428571,0,0,5,-0.150793651,-0.5,11
2023-24,2023/11/4,Bournemouth,Man City,Away,1,6,5,21,1,8,1,12,1,0,0,0.2,0.2,1,-16,-0.180952381,0.25,-11
2023-24,2023/11/4,Brentford,West Ham,Home,3,2,16,12,4,2,4,3,1,0,3,0.25,0.1875,0.75,4,0.083333333,-0.25,1
2023-24,2023/11/4,Brighton,Everton,Away,1,1,7,10,2,4,3,3,2,0,1,0.285714286,0.142857143,0.5,-3,-0.114285714,0.25,0
2023-24,2023/11/4,Burnley,Crystal Palace,Home,0,2,17,4,5,3,12,1,0,0,0,0.294117647,0,0,13,-0.455882353,-0.666666667,11
2023-24,2023/11/4,Crystal Palace,Burnley,Away,2,0,4,17,3,5,1,12,5,0,3,0.75,0.5,0.666666667,-13,0.455882353,0.666666667,-11
2023-24,2023/11/4,Everton,Brighton,Home,1,1,10,7,4,2,3,3,4,0,1,0.4,0.1,0.25,3,0.114285714,-0.25,0
2023-24,2023/11/4,Fulham,Man United,Home,0,1,18,12,3,5,9,4,5,0,0,0.166666667,0,0,6,-0.25,-0.2,5
2023-24,2023/11/4,Man City,Bournemouth,Home,6,1,21,5,8,1,12,1,0,0,3,0.380952381,0.285714286,0.75,16,0.180952381,-0.25,11
2023-24,2023/11/4,Man United,Fulham,Away,1,0,12,18,5,3,4,9,2,0,3,0.416666667,0.083333333,0.2,-6,0.25,0.2,-5
2023-24,2023/11/4,Newcastle,Arsenal,Home,1,0,9,14,2,1,0,11,5,0,3,0.222222222,0.111111111,0.5,-5,0.150793651,0.5,-11
2023-24,2023/11/4,Sheffield United,Wolves,Home,2,1,11,10,2,3,4,4,2,0,3,0.181818182,0.181818182,1,1,-0.118181818,0.666666667,0
2023-24,2023/11/4,West Ham,Brentford,Away,2,3,12,16,2,4,3,4,4,0,0,0.166666667,0.166666667,1,-4,-0.083333333,0.25,-1
2023-24,2023/11/4,Wolves,Sheffield United,Away,1,2,10,11,3,2,4,4,3,0,0,0.3,0.1,0.333333333,-1,0.118181818,-0.666666667,0
2023-24,2023/11/5,Aston Villa,Nott'm Forest,Away,0,2,13,5,3,3,10,0,1,0,0,0.230769231,0,0,8,-0.369230769,-0.666666667,10
2023-24,2023/11/5,Liverpool,Luton,Away,1,1,24,8,6,5,7,4,1,0,1,0.25,0.041666667,0.166666667,16,-0.375,-0.033333333,3
2023-24,2023/11/5,Luton,Liverpool,Home,1,1,8,24,5,6,4,7,1,0,1,0.625,0.125,0.2,-16,0.375,0.033333333,-3
2023-24,2023/11/5,Nott'm Forest,Aston Villa,Home,2,0,5,13,3,3,0,10,1,0,3,0.6,0.4,0.666666667,-8,0.369230769,0.666666667,-10
2023-24,2023/11/6,Chelsea,Tottenham,Away,4,1,17,8,8,5,6,1,5,0,3,0.470588235,0.235294118,0.5,9,-0.154411765,0.3,5
2023-24,2023/11/6,Tottenham,Chelsea,Home,1,4,8,17,5,8,1,6,1,2,0,0.625,0.125,0.2,-9,0.154411765,-0.3,-5
2023-24,2023/11/11,Arsenal,Burnley,Home,3,1,16,8,6,5,3,3,0,1,3,0.375,0.1875,0.5,8,-0.25,0.3,0
2023-24,2023/11/11,Bournemouth,Newcastle,Home,2,0,19,8,10,5,6,5,2,0,3,0.526315789,0.105263158,0.2,11,-0.098684211,0.2,1
2023-24,2023/11/11,Burnley,Arsenal,Away,1,3,8,16,5,6,3,3,1,0,0,0.625,0.125,0.2,-8,0.25,-0.3,0
2023-24,2023/11/11,Crystal Palace,Everton,Home,2,3,13,8,4,4,9,2,1,0,0,0.307692308,0.153846154,0.5,5,-0.192307692,-0.25,7
2023-24,2023/11/11,Everton,Crystal Palace,Away,3,2,8,13,4,4,2,9,4,0,3,0.5,0.375,0.75,-5,0.192307692,0.25,-7
2023-24,2023/11/11,Luton,Man United,Away,0,1,10,15,4,4,3,11,2,0,0,0.4,0,0,-5,0.133333333,-0.25,-8
2023-24,2023/11/11,Man United,Luton,Home,1,0,15,10,4,4,11,3,0,0,3,0.266666667,0.066666667,0.25,5,-0.133333333,0.25,8
2023-24,2023/11/11,Newcastle,Bournemouth,Away,0,2,8,19,5,10,5,6,1,0,0,0.625,0,0,-11,0.098684211,-0.2,-1
2023-24,2023/11/11,Tottenham,Wolves,Away,1,2,6,17,2,4,3,11,3,0,0,0.333333333,0.166666667,0.5,-11,0.098039216,0,-8
2023-24,2023/11/11,Wolves,Tottenham,Home,2,1,17,6,4,2,11,3,4,0,3,0.235294118,0.117647059,0.5,11,-0.098039216,0,8
2023-24,2023/11/12,Aston Villa,Fulham,Home,3,1,12,9,6,5,2,2,2,0,3,0.5,0.25,0.5,3,-0.055555556,0.3,0
2023-24,2023/11/12,Brentford,Liverpool,Away,0,3,16,17,3,10,8,6,2,0,0,0.1875,0,0,-1,-0.400735294,-0.3,2
2023-24,2023/11/12,Brighton,Sheffield United,Home,1,1,11,9,6,1,6,3,3,1,1,0.545454545,0.090909091,0.166666667,2,0.434343434,-0.833333333,3
2023-24,2023/11/12,Chelsea,Man City,Home,4,4,17,15,9,10,3,3,5,0,1,0.529411765,0.235294118,0.444444444,2,-0.137254902,0.044444444,0
2023-24,2023/11/12,Fulham,Aston Villa,Away,1,3,9,12,5,6,2,2,5,0,0,0.555555556,0.111111111,0.2,-3,0.055555556,-0.3,0
2023-24,2023/11/12,Liverpool,Brentford,Home,3,0,17,16,10,3,6,8,1,0,3,0.588235294,0.176470588,0.3,1,0.400735294,0.3,-2
2023-24,2023/11/12,Man City,Chelsea,Away,4,4,15,17,10,9,3,3,3,0,1,0.666666667,0.266666667,0.4,-2,0.137254902,-0.044444444,0
2023-24,2023/11/12,Nott'm Forest,West Ham,Away,2,3,10,16,5,6,4,9,2,0,0,0.5,0.2,0.4,-6,0.125,-0.1,-5
2023-24,2023/11/12,Sheffield United,Brighton,Away,1,1,9,11,1,6,3,6,2,0,1,0.111111111,0.111111111,1,-2,-0.434343434,0.833333333,-3
2023-24,2023/11/12,West Ham,Nott'm Forest,Home,3,2,16,10,6,5,9,4,2,0,3,0.375,0.1875,0.5,6,-0.125,0.1,5
2023-24,2023/11/25,Arsenal,Brentford,Away,1,0,15,9,4,3,8,1,1,0,3,0.266666667,0.066666667,0.25,6,-0.066666667,0.25,7
2023-24,2023/11/25,Bournemouth,Sheffield United,Away,3,1,23,10,11,2,7,4,1,0,3,0.47826087,0.130434783,0.272727273,13,0.27826087,-0.227272727,3
2023-24,2023/11/25,Brentford,Arsenal,Home,0,1,9,15,3,4,1,8,1,0,0,0.333333333,0,0,-6,0.066666667,-0.25,-7
2023-24,2023/11/25,Brighton,Nott'm Forest,Away,3,2,11,18,5,5,4,6,4,1,3,0.454545455,0.272727273,0.6,-7,0.176767677,0.2,-2
2023-24,2023/11/25,Burnley,West Ham,Home,1,2,11,11,5,3,4,5,1,0,0,0.454545455,0.090909091,0.2,0,0.181818182,-0.466666667,-1
2023-24,2023/11/25,Chelsea,Newcastle,Away,1,4,7,14,4,5,2,4,4,1,0,0.571428571,0.142857143,0.25,-7,0.214285714,-0.55,-2
2023-24,2023/11/25,Crystal Palace,Luton,Away,1,2,16,8,8,3,5,4,1,0,0,0.5,0.0625,0.125,8,0.125,-0.541666667,1
2023-24,2023/11/25,Liverpool,Man City,Away,1,1,8,16,3,5,6,9,3,0,1,0.375,0.125,0.333333333,-8,0.0625,0.133333333,-3
2023-24,2023/11/25,Luton,Crystal Palace,Home,2,1,8,16,3,8,4,5,6,0,3,0.375,0.25,0.666666667,-8,-0.125,0.541666667,-1
2023-24,2023/11/25,Man City,Liverpool,Home,1,1,16,8,5,3,9,6,1,0,1,0.3125,0.0625,0.2,8,-0.0625,-0.133333333,3
2023-24,2023/11/25,Newcastle,Chelsea,Home,4,1,14,7,5,4,4,2,4,0,3,0.357142857,0.285714286,0.8,7,-0.214285714,0.55,2
2023-24,2023/11/25,Nott'm Forest,Brighton,Home,2,3,18,11,5,5,6,4,2,0,0,0.277777778,0.111111111,0.4,7,-0.176767677,-0.2,2
2023-24,2023/11/25,Sheffield United,Bournemouth,Home,1,3,10,23,2,11,4,7,4,0,0,0.2,0.1,0.5,-13,-0.27826087,0.227272727,-3
2023-24,2023/11/25,West Ham,Burnley,Away,2,1,11,11,3,5,5,4,3,0,3,0.272727273,0.181818182,0.666666667,0,-0.181818182,0.466666667,1
2023-24,2023/11/26,Aston Villa,Tottenham,Away,2,1,15,18,5,8,3,9,4,0,3,0.333333333,0.133333333,0.4,-3,-0.111111111,0.275,-6
2023-24,2023/11/26,Everton,Man United,Home,0,3,24,9,6,4,6,5,3,0,0,0.25,0,0,15,-0.194444444,-0.75,1
2023-24,2023/11/26,Man United,Everton,Away,3,0,9,24,4,6,5,6,0,0,3,0.444444444,0.333333333,0.75,-15,0.194444444,0.75,-1
2023-24,2023/11/26,Tottenham,Aston Villa,Home,1,2,18,15,8,5,9,3,0,0,0,0.444444444,0.055555556,0.125,3,0.111111111,-0.275,6
2023-24,2023/11/27,Fulham,Wolves,Home,3,2,12,10,6,6,6,2,2,0,3,0.5,0.25,0.5,2,-0.1,0.166666667,4
2023-24,2023/11/27,Wolves,Fulham,Away,2,3,10,12,6,6,2,6,2,0,0,0.6,0.2,0.333333333,-2,0.1,-0.166666667,-4
2023-24,2023/12/2,Arsenal,Wolves,Home,2,1,19,6,6,3,4,0,1,0,3,0.315789474,0.105263158,0.333333333,13,-0.184210526,0,4
2023-24,2023/12/2,Brentford,Luton,Home,3,1,27,7,6,1,7,5,1,0,3,0.222222222,0.111111111,0.5,20,0.079365079,-0.5,2
2023-24,2023/12/2,Burnley,Sheffield United,Home,5,0,19,6,7,3,6,1,2,0,3,0.368421053,0.263157895,0.714285714,13,-0.131578947,0.714285714,5
2023-24,2023/12/2,Everton,Nott'm Forest,Away,1,0,12,13,3,2,3,4,0,0,3,0.25,0.083333333,0.333333333,-1,0.096153846,0.333333333,-1
2023-24,2023/12/2,Luton,Brentford,Away,1,3,7,27,1,6,5,7,2,0,0,0.142857143,0.142857143,1,-20,-0.079365079,0.5,-2
2023-24,2023/12/2,Man United,Newcastle,Away,0,1,8,22,1,4,3,7,2,0,0,0.125,0,0,-14,-0.056818182,-0.25,-4
2023-24,2023/12/2,Newcastle,Man United,Home,1,0,22,8,4,1,7,3,1,0,3,0.181818182,0.045454545,0.25,14,0.056818182,0.25,4
2023-24,2023/12/2,Nott'm Forest,Everton,Home,0,1,13,12,2,3,4,3,1,0,0,0.153846154,0,0,1,-0.096153846,-0.333333333,1
2023-24,2023/12/2,Sheffield United,Burnley,Away,0,5,6,19,3,7,1,6,5,1,0,0.5,0,0,-13,0.131578947,-0.714285714,-5
2023-24,2023/12/2,Wolves,Arsenal,Away,1,2,6,19,3,6,0,4,2,0,0,0.5,0.166666667,0.333333333,-13,0.184210526,0,-4
2023-24,2023/12/3,Aston Villa,Bournemouth,Away,2,2,11,15,3,7,7,7,3,0,1,0.272727273,0.181818182,0.666666667,-4,-0.193939394,0.380952381,0
2023-24,2023/12/3,Bournemouth,Aston Villa,Home,2,2,15,11,7,3,7,7,5,0,1,0.466666667,0.133333333,0.285714286,4,0.193939394,-0.380952381,0
2023-24,2023/12/3,Brighton,Chelsea,Away,2,3,18,8,9,5,8,5,5,0,0,0.5,0.111111111,0.222222222,10,-0.125,-0.377777778,3
2023-24,2023/12/3,Chelsea,Brighton,Home,3,2,8,18,5,9,5,8,3,1,3,0.625,0.375,0.6,-10,0.125,0.377777778,-3
2023-24,2023/12/3,Crystal Palace,West Ham,Away,1,1,9,9,2,3,3,2,0,0,1,0.222222222,0.111111111,0.5,0,-0.111111111,0.166666667,1
2023-24,2023/12/3,Fulham,Liverpool,Away,3,4,9,26,5,12,4,3,0,0,0,0.555555556,0.333333333,0.6,-17,0.094017094,0.266666667,1
2023-24,2023/12/3,Liverpool,Fulham,Home,4,3,26,9,12,5,3,4,0,0,3,0.461538462,0.153846154,0.333333333,17,-0.094017094,-0.266666667,-1
2023-24,2023/12/3,Man City,Tottenham,Home,3,3,18,8,4,4,10,8,4,0,1,0.222222222,0.166666667,0.75,10,-0.277777778,0,2
2023-24,2023/12/3,Tottenham,Man City,Away,3,3,8,18,4,4,8,10,4,0,1,0.5,0.375,0.75,-10,0.277777778,0,-2
2023-24,2023/12/3,West Ham,Crystal Palace,Home,1,1,9,9,3,2,2,3,2,0,1,0.333333333,0.111111111,0.333333333,0,0.111111111,-0.166666667,-1
2023-24,2023/12/5,Arsenal,Luton,Away,4,3,23,6,9,4,8,3,1,0,3,0.391304348,0.173913043,0.444444444,17,-0.275362319,-0.305555556,5
2023-24,2023/12/5,Burnley,Wolves,Away,0,1,12,7,3,4,8,6,4,0,0,0.25,0,0,5,-0.321428571,-0.25,2
2023-24,2023/12/5,Luton,Arsenal,Home,3,4,6,23,4,9,3,8,2,0,0,0.666666667,0.5,0.75,-17,0.275362319,0.305555556,-5
2023-24,2023/12/5,Wolves,Burnley,Home,1,0,7,12,4,3,6,8,2,0,3,0.571428571,0.142857143,0.25,-5,0.321428571,0.25,-2
2023-24,2023/12/6,Aston Villa,Man City,Home,1,0,22,2,7,2,6,0,2,0,3,0.318181818,0.045454545,0.142857143,20,-0.681818182,0.142857143,6
2023-24,2023/12/6,Bournemouth,Crystal Palace,Away,2,0,11,16,4,3,9,3,3,0,3,0.363636364,0.181818182,0.5,-5,0.176136364,0.5,6
2023-24,2023/12/6,Brentford,Brighton,Away,1,2,8,18,2,7,3,7,1,0,0,0.25,0.125,0.5,-10,-0.138888889,0.214285714,-4
2023-24,2023/12/6,Brighton,Brentford,Home,2,1,18,8,7,2,7,3,3,0,3,0.388888889,0.111111111,0.285714286,10,0.138888889,-0.214285714,4
2023-24,2023/12/6,Chelsea,Man United,Away,1,2,13,28,3,9,4,12,0,0,0,0.230769231,0.076923077,0.333333333,-15,-0.090659341,0.111111111,-8
2023-24,2023/12/6,Crystal Palace,Bournemouth,Home,0,2,16,11,3,4,3,9,1,0,0,0.1875,0,0,5,-0.176136364,-0.5,-6
2023-24,2023/12/6,Fulham,Nott'm Forest,Home,5,0,14,4,6,1,6,1,0,0,3,0.428571429,0.357142857,0.833333333,10,0.178571429,0.833333333,5
2023-24,2023/12/6,Liverpool,Sheffield United,Away,2,0,15,6,8,1,12,2,3,0,3,0.533333333,0.133333333,0.25,9,0.366666667,0.25,10
2023-24,2023/12/6,Man City,Aston Villa,Away,0,1,2,22,2,7,0,6,2,0,0,1,0,0,-20,0.681818182,-0.142857143,-6
2023-24,2023/12/6,Man United,Chelsea,Home,2,1,28,13,9,3,12,4,4,0,3,0.321428571,0.071428571,0.222222222,15,0.090659341,-0.111111111,8
2023-24,2023/12/6,Nott'm Forest,Fulham,Away,0,5,4,14,1,6,1,6,1,0,0,0.25,0,0,-10,-0.178571429,-0.833333333,-5
2023-24,2023/12/6,Sheffield United,Liverpool,Home,0,2,6,15,1,8,2,12,2,0,0,0.166666667,0,0,-9,-0.366666667,-0.25,-10
2023-24,2023/12/7,Everton,Newcastle,Home,3,0,21,13,6,3,5,2,3,0,3,0.285714286,0.142857143,0.5,8,0.054945055,0.5,3
2023-24,2023/12/7,Newcastle,Everton,Away,0,3,13,21,3,6,2,5,0,0,0,0.230769231,0,0,-8,-0.054945055,-0.5,-3
2023-24,2023/12/7,Tottenham,West Ham,Home,1,2,23,11,7,5,8,4,3,0,0,0.304347826,0.043478261,0.142857143,12,-0.150197628,-0.257142857,4
2023-24,2023/12/7,West Ham,Tottenham,Away,2,1,11,23,5,7,4,8,3,0,3,0.454545455,0.181818182,0.4,-12,0.150197628,0.257142857,-4
2023-24,2023/12/9,Arsenal,Aston Villa,Away,0,1,12,10,5,3,3,3,2,0,0,0.416666667,0,0,2,0.116666667,-0.333333333,0
2023-24,2023/12/9,Aston Villa,Arsenal,Home,1,0,10,12,3,5,3,3,4,0,3,0.3,0.1,0.333333333,-2,-0.116666667,0.333333333,0
2023-24,2023/12/9,Bournemouth,Man United,Away,3,0,10,20,4,3,4,10,1,0,3,0.4,0.3,0.75,-10,0.25,0.75,-6
2023-24,2023/12/9,Brentford,Sheffield United,Away,0,1,10,9,4,4,4,3,1,0,0,0.4,0,0,1,-0.044444444,-0.25,1
2023-24,2023/12/9,Brighton,Burnley,Home,1,1,29,6,11,3,9,1,0,0,1,0.379310345,0.034482759,0.090909091,23,-0.120689655,-0.242424242,8
2023-24,2023/12/9,Burnley,Brighton,Away,1,1,6,29,3,11,1,9,4,0,1,0.5,0.166666667,0.333333333,-23,0.120689655,0.242424242,-8
2023-24,2023/12/9,Crystal Palace,Liverpool,Home,1,2,8,14,4,2,6,5,5,1,0,0.5,0.125,0.25,-6,0.357142857,-0.75,1
2023-24,2023/12/9,Liverpool,Crystal Palace,Away,2,1,14,8,2,4,5,6,2,0,3,0.142857143,0.142857143,1,6,-0.357142857,0.75,-1
2023-24,2023/12/9,Man United,Bournemouth,Home,0,3,20,10,3,4,10,4,3,0,0,0.15,0,0,10,-0.25,-0.75,6
2023-24,2023/12/9,Nott'm Forest,Wolves,Away,1,1,8,10,2,4,3,4,1,0,1,0.25,0.125,0.5,-2,-0.15,0.25,-1
2023-24,2023/12/9,Sheffield United,Brentford,Home,1,0,9,10,4,4,3,4,5,0,3,0.444444444,0.111111111,0.25,-1,0.044444444,0.25,-1
2023-24,2023/12/9,Wolves,Nott'm Forest,Home,1,1,10,8,4,2,4,3,0,0,1,0.4,0.1,0.25,2,0.15,-0.25,1
2023-24,2023/12/10,Chelsea,Everton,Away,0,2,16,9,4,5,8,4,2,0,0,0.25,0,0,7,-0.305555556,-0.4,4
2023-24,2023/12/10,Everton,Chelsea,Home,2,0,9,16,5,4,4,8,2,0,3,0.555555556,0.222222222,0.4,-7,0.305555556,0.4,-4
2023-24,2023/12/10,Fulham,West Ham,Home,5,0,14,9,8,5,3,6,2,0,3,0.571428571,0.357142857,0.625,5,0.015873016,0.625,-3
2023-24,2023/12/10,Luton,Man City,Home,1,2,4,18,2,6,6,3,2,0,0,0.5,0.25,0.5,-14,0.166666667,0.166666667,3
2023-24,2023/12/10,Man City,Luton,Away,2,1,18,4,6,2,3,6,1,0,3,0.333333333,0.111111111,0.333333333,14,-0.166666667,-0.166666667,-3
2023-24,2023/12/10,Newcastle,Tottenham,Away,1,4,9,23,3,12,6,3,3,0,0,0.333333333,0.111111111,0.333333333,-14,-0.188405797,0,3
2023-24,2023/12/10,Tottenham,Newcastle,Home,4,1,23,9,12,3,3,6,1,0,3,0.52173913,0.173913043,0.333333333,14,0.188405797,0,-3
2023-24,2023/12/10,West Ham,Fulham,Away,0,5,9,14,5,8,6,3,1,0,0,0.555555556,0,0,-5,-0.015873016,-0.625,3
2023-24,2023/12/15,Nott'm Forest,Tottenham,Home,0,2,15,12,1,6,6,4,2,0,0,0.066666667,0,0,3,-0.433333333,-0.333333333,2
2023-24,2023/12/15,Tottenham,Nott'm Forest,Away,2,0,12,15,6,1,4,6,4,1,3,0.5,0.166666667,0.333333333,-3,0.433333333,0.333333333,-2
2023-24,2023/12/16,Burnley,Everton,Home,0,2,14,9,2,6,8,6,0,0,0,0.142857143,0,0,5,-0.523809524,-0.333333333,2
2023-24,2023/12/16,Chelsea,Sheffield United,Home,2,0,15,6,6,1,7,6,1,0,3,0.4,0.133333333,0.333333333,9,0.233333333,0.333333333,1
2023-24,2023/12/16,Crystal Palace,Man City,Away,2,2,5,19,2,9,1,6,1,0,1,0.4,0.4,1,-14,-0.073684211,0.777777778,-5
2023-24,2023/12/16,Everton,Burnley,Away,2,0,9,14,6,2,6,8,1,0,3,0.666666667,0.222222222,0.333333333,-5,0.523809524,0.333333333,-2
2023-24,2023/12/16,Fulham,Newcastle,Away,0,3,6,27,4,10,1,5,2,1,0,0.666666667,0,0,-21,0.296296296,-0.3,-4
2023-24,2023/12/16,Man City,Crystal Palace,Home,2,2,19,5,9,2,6,1,1,0,1,0.473684211,0.105263158,0.222222222,14,0.073684211,-0.777777778,5
2023-24,2023/12/16,Newcastle,Fulham,Home,3,0,27,6,10,4,5,1,0,0,3,0.37037037,0.111111111,0.3,21,-0.296296296,0.3,4
2023-24,2023/12/16,Sheffield United,Chelsea,Away,0,2,6,15,1,6,6,7,3,0,0,0.166666667,0,0,-9,-0.233333333,-0.333333333,-1
2023-24,2023/12/17,Arsenal,Brighton,Home,2,0,26,6,9,1,10,1,1,0,3,0.346153846,0.076923077,0.222222222,20,0.179487179,0.222222222,9
2023-24,2023/12/17,Aston Villa,Brentford,Away,2,1,15,4,5,3,12,7,4,1,3,0.333333333,0.133333333,0.4,11,-0.416666667,0.066666667,5
2023-24,2023/12/17,Brentford,Aston Villa,Home,1,2,4,15,3,5,7,12,6,1,0,0.75,0.25,0.333333333,-11,0.416666667,-0.066666667,-5
2023-24,2023/12/17,Brighton,Arsenal,Away,0,2,6,26,1,9,1,10,3,0,0,0.166666667,0,0,-20,-0.179487179,-0.222222222,-9
2023-24,2023/12/17,Liverpool,Man United,Home,0,0,34,6,8,1,12,0,2,0,1,0.235294118,0,0,28,0.068627451,0,12
2023-24,2023/12/17,Man United,Liverpool,Away,0,0,6,34,1,8,0,12,4,1,1,0.166666667,0,0,-28,-0.068627451,0,-12
2023-24,2023/12/17,West Ham,Wolves,Home,3,0,13,14,4,3,6,6,3,0,3,0.307692308,0.230769231,0.75,-1,0.093406593,0.75,0
2023-24,2023/12/17,Wolves,West Ham,Away,0,3,14,13,3,4,6,6,1,0,0,0.214285714,0,0,1,-0.093406593,-0.75,0
2023-24,2023/12/21,Brighton,Crystal Palace,Away,1,1,18,11,6,3,1,3,2,0,1,0.333333333,0.055555556,0.166666667,7,0.060606061,-0.166666667,-2
2023-24,2023/12/21,Crystal Palace,Brighton,Home,1,1,11,18,3,6,3,1,5,0,1,0.272727273,0.090909091,0.333333333,-7,-0.060606061,0.166666667,2
2023-24,2023/12/22,Aston Villa,Sheffield United,Home,1,1,12,5,4,2,9,1,3,0,1,0.333333333,0.083333333,0.25,7,-0.066666667,-0.25,8
2023-24,2023/12/22,Sheffield United,Aston Villa,Away,1,1,5,12,2,4,1,9,3,0,1,0.4,0.2,0.5,-7,0.066666667,0.25,-8
2023-24,2023/12/23,Arsenal,Liverpool,Away,1,1,13,13,2,3,5,4,5,0,1,0.153846154,0.076923077,0.5,0,-0.076923077,0.166666667,1
2023-24,2023/12/23,Bournemouth,Nott'm Forest,Away,3,2,18,11,7,5,6,6,3,0,3,0.388888889,0.166666667,0.428571429,7,-0.065656566,0.028571429,0
2023-24,2023/12/23,Burnley,Fulham,Away,2,0,7,19,2,5,6,8,1,0,3,0.285714286,0.285714286,1,-12,0.022556391,1,-2
2023-24,2023/12/23,Everton,Tottenham,Away,1,2,18,13,8,6,8,3,4,0,0,0.444444444,0.055555556,0.125,5,-0.017094017,-0.208333333,5
2023-24,2023/12/23,Fulham,Burnley,Home,0,2,19,7,5,2,8,6,2,0,0,0.263157895,0,0,12,-0.022556391,-1,2
2023-24,2023/12/23,Liverpool,Arsenal,Home,1,1,13,13,3,2,4,5,2,0,1,0.230769231,0.076923077,0.333333333,0,0.076923077,-0.166666667,-1
2023-24,2023/12/23,Luton,Newcastle,Home,1,0,16,15,5,2,6,7,2,0,3,0.3125,0.0625,0.2,1,0.179166667,0.2,-1
2023-24,2023/12/23,Man United,West Ham,Away,0,2,11,12,3,5,4,4,3,0,0,0.272727273,0,0,-1,-0.143939394,-0.4,0
2023-24,2023/12/23,Newcastle,Luton,Away,0,1,15,16,2,5,7,6,1,0,0,0.133333333,0,0,-1,-0.179166667,-0.2,1
2023-24,2023/12/23,Nott'm Forest,Bournemouth,Home,2,3,11,18,5,7,6,6,0,1,0,0.454545455,0.181818182,0.4,-7,0.065656566,-0.028571429,0
2023-24,2023/12/23,Tottenham,Everton,Home,2,1,13,18,6,8,3,8,1,0,3,0.461538462,0.153846154,0.333333333,-5,0.017094017,0.208333333,-5
2023-24,2023/12/23,West Ham,Man United,Home,2,0,12,11,5,3,4,4,2,0,3,0.416666667,0.166666667,0.4,1,0.143939394,0.4,0
2023-24,2023/12/24,Chelsea,Wolves,Away,1,2,16,14,5,6,6,10,5,0,0,0.3125,0.0625,0.2,2,-0.116071429,-0.133333333,-4
2023-24,2023/12/24,Wolves,Chelsea,Home,2,1,14,16,6,5,10,6,3,0,3,0.428571429,0.142857143,0.333333333,-2,0.116071429,0.133333333,4
2023-24,2023/12/26,Aston Villa,Man United,Away,2,3,10,13,4,7,6,3,3,0,0,0.4,0.2,0.5,-3,-0.138461538,0.071428571,3
2023-24,2023/12/26,Bournemouth,Fulham,Home,3,0,16,8,4,3,6,5,0,0,3,0.25,0.1875,0.75,8,-0.125,0.75,1
2023-24,2023/12/26,Burnley,Liverpool,Home,0,2,9,19,0,10,4,4,2,0,0,0,0,0,-10,-0.526315789,-0.2,0
2023-24,2023/12/26,Fulham,Bournemouth,Away,0,3,8,16,3,4,5,6,2,0,0,0.375,0,0,-8,0.125,-0.75,-1
2023-24,2023/12/26,Liverpool,Burnley,Away,2,0,19,9,10,0,4,4,1,0,3,0.526315789,0.105263158,0.2,10,0.526315789,0.2,0
2023-24,2023/12/26,Luton,Sheffield United,Away,3,2,12,21,4,6,4,9,0,0,3,0.333333333,0.25,0.75,-9,0.047619048,0.416666667,-5
2023-24,2023/12/26,Man United,Aston Villa,Home,3,2,13,10,7,4,3,6,1,0,3,0.538461538,0.230769231,0.428571429,3,0.138461538,-0.071428571,-3
2023-24,2023/12/26,Newcastle,Nott'm Forest,Home,1,3,19,15,7,6,10,2,3,0,0,0.368421053,0.052631579,0.142857143,4,-0.031578947,-0.357142857,8
2023-24,2023/12/26,Nott'm Forest,Newcastle,Away,3,1,15,19,6,7,2,10,3,0,3,0.4,0.2,0.5,-4,0.031578947,0.357142857,-8
2023-24,2023/12/26,Sheffield United,Luton,Home,2,3,21,12,6,4,9,4,5,0,0,0.285714286,0.095238095,0.333333333,9,-0.047619048,-0.416666667,5
2023-24,2023/12/27,Brentford,Wolves,Home,1,4,14,11,4,5,8,2,1,0,0,0.285714286,0.071428571,0.25,3,-0.168831169,-0.55,6
2023-24,2023/12/27,Chelsea,Crystal Palace,Home,2,1,9,13,4,5,4,3,3,0,3,0.444444444,0.222222222,0.5,-4,0.05982906,0.3,1
2023-24,2023/12/27,Crystal Palace,Chelsea,Away,1,2,13,9,5,4,3,4,2,0,0,0.384615385,0.076923077,0.2,4,-0.05982906,-0.3,-1
2023-24,2023/12/27,Everton,Man City,Home,1,3,7,23,2,9,8,4,4,0,0,0.285714286,0.142857143,0.5,-16,-0.105590062,0.166666667,4
2023-24,2023/12/27,Man City,Everton,Away,3,1,23,7,9,2,4,8,2,0,3,0.391304348,0.130434783,0.333333333,16,0.105590062,-0.166666667,-4
2023-24,2023/12/27,Wolves,Brentford,Away,4,1,11,14,5,4,2,8,1,0,3,0.454545455,0.363636364,0.8,-3,0.168831169,0.55,-6
2023-24,2023/12/28,Arsenal,West Ham,Home,0,2,30,6,8,3,10,3,2,0,0,0.266666667,0,0,24,-0.233333333,-0.666666667,7
2023-24,2023/12/28,Brighton,Tottenham,Home,4,2,15,19,9,3,7,6,3,0,3,0.6,0.266666667,0.444444444,-4,0.442105263,-0.222222222,1
2023-24,2023/12/28,Tottenham,Brighton,Away,2,4,19,15,3,9,6,7,2,0,0,0.157894737,0.105263158,0.666666667,4,-0.442105263,0.222222222,-1
2023-24,2023/12/28,West Ham,Arsenal,Away,2,0,6,30,3,8,3,10,0,0,3,0.5,0.333333333,0.666666667,-24,0.233333333,0.666666667,-7
2023-24,2023/12/30,Aston Villa,Burnley,Home,3,2,19,9,7,5,6,2,4,0,3,0.368421053,0.157894737,0.428571429,10,-0.187134503,0.028571429,4
2023-24,2023/12/30,Brentford,Crystal Palace,Away,1,3,9,13,4,6,4,7,1,0,0,0.444444444,0.111111111,0.25,-4,-0.017094017,-0.25,-3
2023-24,2023/12/30,Burnley,Aston Villa,Away,2,3,9,19,5,7,2,6,1,1,0,0.555555556,0.222222222,0.4,-10,0.187134503,-0.028571429,-4
2023-24,2023/12/30,Chelsea,Luton,Away,3,2,12,15,8,6,2,7,2,0,3,0.666666667,0.25,0.375,-3,0.266666667,0.041666667,-5
2023-24,2023/12/30,Crystal Palace,Brentford,Home,3,1,13,9,6,4,7,4,0,0,3,0.461538462,0.230769231,0.5,4,0.017094017,0.25,3
2023-24,2023/12/30,Everton,Wolves,Away,0,3,10,12,0,6,2,5,3,0,0,0,0,0,-2,-0.5,-0.5,-3
2023-24,2023/12/30,Luton,Chelsea,Home,2,3,15,12,6,8,7,2,2,0,0,0.4,0.133333333,0.333333333,3,-0.266666667,-0.041666667,5
2023-24,2023/12/30,Man City,Sheffield United,Home,2,0,18,4,4,2,12,2,1,0,3,0.222222222,0.111111111,0.5,14,-0.277777778,0.5,10
2023-24,2023/12/30,Man United,Nott'm Forest,Away,1,2,10,8,5,2,5,4,4,0,0,0.5,0.1,0.2,2,0.25,-0.8,1
2023-24,2023/12/30,Nott'm Forest,Man United,Home,2,1,8,10,2,5,4,5,2,0,3,0.25,0.25,1,-2,-0.25,0.8,-1
2023-24,2023/12/30,Sheffield United,Man City,Away,0,2,4,18,2,4,2,12,1,0,0,0.5,0,0,-14,0.277777778,-0.5,-10
2023-24,2023/12/30,Wolves,Everton,Home,3,0,12,10,6,0,5,2,2,0,3,0.5,0.25,0.5,2,0.5,0.5,3
2023-24,2023/12/31,Arsenal,Fulham,Away,1,2,13,15,3,4,4,5,1,0,0,0.230769231,0.076923077,0.333333333,-2,-0.035897436,-0.166666667,-1
2023-24,2023/12/31,Bournemouth,Tottenham,Away,1,3,24,12,4,6,13,4,3,0,0,0.166666667,0.041666667,0.25,12,-0.333333333,-0.25,9
2023-24,2023/12/31,Fulham,Arsenal,Home,2,1,15,13,4,3,5,4,4,0,3,0.266666667,0.133333333,0.5,2,0.035897436,0.166666667,1
2023-24,2023/12/31,Tottenham,Bournemouth,Home,3,1,12,24,6,4,4,13,3,0,3,0.5,0.25,0.5,-12,0.333333333,0.25,-9
2023-24,2024/1/1,Liverpool,Newcastle,Home,4,2,34,5,15,3,7,3,3,0,3,0.441176471,0.117647059,0.266666667,29,-0.158823529,-0.4,4
2023-24,2024/1/1,Newcastle,Liverpool,Away,2,4,5,34,3,15,3,7,5,0,0,0.6,0.4,0.666666667,-29,0.158823529,0.4,-4
2023-24,2024/1/2,Brighton,West Ham,Away,0,0,22,6,8,2,0,2,0,0,1,0.363636364,0,0,16,0.03030303,0,-2
2023-24,2024/1/2,West Ham,Brighton,Home,0,0,6,22,2,8,2,0,1,0,1,0.333333333,0,0,-16,-0.03030303,0,2
2023-24,2024/1/12,Burnley,Luton,Home,1,1,13,14,7,5,2,8,1,0,1,0.538461538,0.076923077,0.142857143,-1,0.181318681,-0.057142857,-6
2023-24,2024/1/12,Luton,Burnley,Away,1,1,14,13,5,7,8,2,0,0,1,0.357142857,0.071428571,0.2,1,-0.181318681,0.057142857,6
2023-24,2024/1/13,Chelsea,Fulham,Home,1,0,17,14,3,4,6,4,5,0,3,0.176470588,0.058823529,0.333333333,3,-0.109243697,0.333333333,2
2023-24,2024/1/13,Fulham,Chelsea,Away,0,1,14,17,4,3,4,6,1,0,0,0.285714286,0,0,-3,0.109243697,-0.333333333,-2
2023-24,2024/1/13,Man City,Newcastle,Away,3,2,27,12,11,5,13,3,2,0,3,0.407407407,0.111111111,0.272727273,15,-0.009259259,-0.127272727,10
2023-24,2024/1/13,Newcastle,Man City,Home,2,3,12,27,5,11,3,13,1,0,0,0.416666667,0.166666667,0.4,-15,0.009259259,0.127272727,-10
2023-24,2024/1/14,Aston Villa,Everton,Away,0,0,16,10,5,2,5,4,4,0,1,0.3125,0,0,6,0.1125,0,1
2023-24,2024/1/14,Everton,Aston Villa,Home,0,0,10,16,2,5,4,5,1,0,1,0.2,0,0,-6,-0.1125,0,-1
2023-24,2024/1/14,Man United,Tottenham,Home,2,2,9,16,2,6,8,13,2,0,1,0.222222222,0.222222222,1,-7,-0.152777778,0.666666667,-5
2023-24,2024/1/14,Tottenham,Man United,Away,2,2,16,9,6,2,13,8,1,0,1,0.375,0.125,0.333333333,7,0.152777778,-0.666666667,5
2023-24,2024/1/20,Arsenal,Crystal Palace,Home,5,0,21,12,6,5,6,7,0,0,3,0.285714286,0.238095238,0.833333333,9,-0.130952381,0.833333333,-1
2023-24,2024/1/20,Brentford,Nott'm Forest,Home,3,2,11,12,5,3,6,4,1,0,3,0.454545455,0.272727273,0.6,-1,0.204545455,-0.066666667,2
2023-24,2024/1/20,Crystal Palace,Arsenal,Away,0,5,12,21,5,6,7,6,0,0,0,0.416666667,0,0,-9,0.130952381,-0.833333333,1
2023-24,2024/1/20,Nott'm Forest,Brentford,Away,2,3,12,11,3,5,4,6,3,0,0,0.25,0.166666667,0.666666667,1,-0.204545455,0.066666667,-2
2023-24,2024/1/21,Bournemouth,Liverpool,Home,0,4,11,14,1,7,8,5,1,0,0,0.090909091,0,0,-3,-0.409090909,-0.571428571,3
2023-24,2024/1/21,Liverpool,Bournemouth,Away,4,0,14,11,7,1,5,8,2,0,3,0.5,0.285714286,0.571428571,3,0.409090909,0.571428571,-3
2023-24,2024/1/21,Sheffield United,West Ham,Home,2,2,21,16,6,5,4,1,3,1,1,0.285714286,0.095238095,0.333333333,5,-0.026785714,-0.066666667,3
2023-24,2024/1/21,West Ham,Sheffield United,Away,2,2,16,21,5,6,1,4,1,1,1,0.3125,0.125,0.4,-5,0.026785714,0.066666667,-3
2023-24,2024/1/22,Brighton,Wolves,Home,0,0,11,8,4,3,8,2,1,0,1,0.363636364,0,0,3,-0.011363636,0,6
2023-24,2024/1/22,Wolves,Brighton,Away,0,0,8,11,3,4,2,8,4,0,1,0.375,0,0,-3,0.011363636,0,-6
2023-24,2024/1/30,Arsenal,Nott'm Forest,Away,2,1,19,9,3,3,11,2,1,0,3,0.157894737,0.105263158,0.666666667,10,-0.175438596,0.333333333,9
2023-24,2024/1/30,Aston Villa,Newcastle,Home,1,3,12,14,6,5,8,7,4,0,0,0.5,0.083333333,0.166666667,-2,0.142857143,-0.433333333,1
2023-24,2024/1/30,Brighton,Luton,Away,0,4,9,18,2,8,4,7,2,0,0,0.222222222,0,0,-9,-0.222222222,-0.5,-3
2023-24,2024/1/30,Crystal Palace,Sheffield United,Home,3,2,12,9,4,5,11,1,1,0,3,0.333333333,0.25,0.75,3,-0.222222222,0.35,10
2023-24,2024/1/30,Everton,Fulham,Away,0,0,21,25,4,6,6,15,2,0,1,0.19047619,0,0,-4,-0.04952381,0,-9
2023-24,2024/1/30,Fulham,Everton,Home,0,0,25,21,6,4,15,6,1,0,1,0.24,0,0,4,0.04952381,0,9
2023-24,2024/1/30,Luton,Brighton,Home,4,0,18,9,8,2,7,4,2,0,3,0.444444444,0.222222222,0.5,9,0.222222222,0.5,3
2023-24,2024/1/30,Newcastle,Aston Villa,Away,3,1,14,12,5,6,7,8,1,0,3,0.357142857,0.214285714,0.6,2,-0.142857143,0.433333333,-1
2023-24,2024/1/30,Nott'm Forest,Arsenal,Home,1,2,9,19,3,3,2,11,0,0,0,0.333333333,0.111111111,0.333333333,-10,0.175438596,-0.333333333,-9
2023-24,2024/1/30,Sheffield United,Crystal Palace,Away,2,3,9,12,5,4,1,11,4,0,0,0.555555556,0.222222222,0.4,-3,0.222222222,-0.35,-10
2023-24,2024/1/31,Brentford,Tottenham,Away,2,3,9,19,5,5,3,5,3,0,0,0.555555556,0.222222222,0.4,-10,0.292397661,-0.2,-2
2023-24,2024/1/31,Burnley,Man City,Away,1,3,8,14,3,4,3,7,2,0,0,0.375,0.125,0.333333333,-6,0.089285714,-0.416666667,-4
2023-24,2024/1/31,Chelsea,Liverpool,Away,1,4,4,28,3,13,1,8,4,0,0,0.75,0.25,0.333333333,-24,0.285714286,0.025641026,-7
2023-24,2024/1/31,Liverpool,Chelsea,Home,4,1,28,4,13,3,8,1,2,0,3,0.464285714,0.142857143,0.307692308,24,-0.285714286,-0.025641026,7
2023-24,2024/1/31,Man City,Burnley,Home,3,1,14,8,4,3,7,3,2,0,3,0.285714286,0.214285714,0.75,6,-0.089285714,0.416666667,4
2023-24,2024/1/31,Tottenham,Brentford,Home,3,2,19,9,5,5,5,3,2,0,3,0.263157895,0.157894737,0.6,10,-0.292397661,0.2,2
2023-24,2024/2/1,Bournemouth,West Ham,Away,1,1,9,9,4,3,5,1,3,0,1,0.444444444,0.111111111,0.25,0,0.111111111,-0.083333333,4
2023-24,2024/2/1,Man United,Wolves,Away,4,3,21,16,8,7,5,4,5,0,3,0.380952381,0.19047619,0.5,5,-0.056547619,0.071428571,1
2023-24,2024/2/1,West Ham,Bournemouth,Home,1,1,9,9,3,4,1,5,1,0,1,0.333333333,0.111111111,0.333333333,0,-0.111111111,0.083333333,-4
2023-24,2024/2/1,Wolves,Man United,Home,3,4,16,21,7,8,4,5,2,0,0,0.4375,0.1875,0.428571429,-5,0.056547619,-0.071428571,-1
2023-24,2024/2/3,Aston Villa,Sheffield United,Away,5,0,14,10,10,5,4,3,0,0,3,0.714285714,0.357142857,0.5,4,0.214285714,0.5,1
2023-24,2024/2/3,Brighton,Crystal Palace,Home,4,1,13,7,6,5,3,2,1,0,3,0.461538462,0.307692308,0.666666667,6,-0.252747253,0.466666667,1
2023-24,2024/2/3,Burnley,Fulham,Home,2,2,12,15,4,7,2,13,2,0,1,0.333333333,0.166666667,0.5,-3,-0.133333333,0.214285714,-11
2023-24,2024/2/3,Crystal Palace,Brighton,Away,1,4,7,13,5,6,2,3,3,0,0,0.714285714,0.142857143,0.2,-6,0.252747253,-0.466666667,-1
2023-24,2024/2/3,Everton,Tottenham,Home,2,2,14,9,5,6,9,5,3,0,1,0.357142857,0.142857143,0.4,5,-0.30952381,0.066666667,4
2023-24,2024/2/3,Fulham,Burnley,Away,2,2,15,12,7,4,13,2,2,0,1,0.466666667,0.133333333,0.285714286,3,0.133333333,-0.214285714,11
2023-24,2024/2/3,Luton,Newcastle,Away,4,4,11,19,8,6,2,8,2,0,1,0.727272727,0.363636364,0.5,-8,0.411483254,-0.166666667,-6
2023-24,2024/2/3,Newcastle,Luton,Home,4,4,19,11,6,8,8,2,2,0,1,0.315789474,0.210526316,0.666666667,8,-0.411483254,0.166666667,6
2023-24,2024/2/3,Sheffield United,Aston Villa,Home,0,5,10,14,5,10,3,4,1,0,0,0.5,0,0,-4,-0.214285714,-0.5,-1
2023-24,2024/2/3,Tottenham,Everton,Away,2,2,9,14,6,5,5,9,0,0,1,0.666666667,0.222222222,0.333333333,-5,0.30952381,-0.066666667,-4
2023-24,2024/2/4,Arsenal,Liverpool,Home,3,1,15,10,7,1,2,4,6,0,3,0.466666667,0.2,0.428571429,5,0.366666667,-0.571428571,-2
2023-24,2024/2/4,Bournemouth,Nott'm Forest,Home,1,1,9,8,2,6,11,6,3,1,1,0.222222222,0.111111111,0.5,1,-0.527777778,0.333333333,5
2023-24,2024/2/4,Chelsea,Wolves,Home,2,4,15,14,6,7,10,1,3,0,0,0.4,0.133333333,0.333333333,1,-0.1,-0.238095238,9
2023-24,2024/2/4,Liverpool,Arsenal,Away,1,3,10,15,1,7,4,2,2,1,0,0.1,0.1,1,-5,-0.366666667,0.571428571,2
2023-24,2024/2/4,Man United,West Ham,Home,3,0,12,22,5,3,5,8,0,0,3,0.416666667,0.25,0.6,-10,0.28030303,0.6,-3
2023-24,2024/2/4,Nott'm Forest,Bournemouth,Away,1,1,8,9,6,2,6,11,2,0,1,0.75,0.125,0.166666667,-1,0.527777778,-0.333333333,-5
2023-24,2024/2/4,West Ham,Man United,Away,0,3,22,12,3,5,8,5,1,0,0,0.136363636,0,0,10,-0.28030303,-0.6,3
2023-24,2024/2/4,Wolves,Chelsea,Away,4,2,14,15,7,6,1,10,2,0,3,0.5,0.285714286,0.571428571,-1,0.1,0.238095238,-9
2023-24,2024/2/5,Brentford,Man City,Home,1,3,9,25,3,15,8,13,1,0,0,0.333333333,0.111111111,0.333333333,-16,-0.266666667,0.133333333,-5
2023-24,2024/2/5,Man City,Brentford,Away,3,1,25,9,15,3,13,8,0,0,3,0.6,0.12,0.2,16,0.266666667,-0.133333333,5
2023-24,2024/2/10,Bournemouth,Fulham,Away,1,3,25,7,4,6,14,1,2,0,0,0.16,0.04,0.25,18,-0.697142857,-0.25,13
2023-24,2024/2/10,Brentford,Wolves,Away,2,0,9,17,6,5,4,7,3,0,3,0.666666667,0.222222222,0.333333333,-8,0.37254902,0.333333333,-3
2023-24,2024/2/10,Brighton,Tottenham,Away,1,2,6,16,3,6,6,9,3,0,0,0.5,0.166666667,0.333333333,-10,0.125,0,-3
2023-24,2024/2/10,Burnley,Liverpool,Away,1,3,9,25,4,10,3,9,2,0,0,0.444444444,0.111111111,0.25,-16,0.044444444,-0.05,-6
2023-24,2024/2/10,Everton,Man City,Away,0,2,5,19,1,3,0,9,2,0,0,0.2,0,0,-14,0.042105263,-0.666666667,-9
2023-24,2024/2/10,Fulham,Bournemouth,Home,3,1,7,25,6,4,1,14,1,0,3,0.857142857,0.428571429,0.5,-18,0.697142857,0.25,-13
2023-24,2024/2/10,Liverpool,Burnley,Home,3,1,25,9,10,4,9,3,3,0,3,0.4,0.12,0.3,16,-0.044444444,0.05,6
2023-24,2024/2/10,Luton,Sheffield United,Home,1,3,20,7,5,3,13,1,1,0,0,0.25,0.05,0.2,13,-0.178571429,-0.8,12
2023-24,2024/2/10,Man City,Everton,Home,2,0,19,5,3,1,9,0,0,0,3,0.157894737,0.105263158,0.666666667,14,-0.042105263,0.666666667,9
2023-24,2024/2/10,Newcastle,Nott'm Forest,Away,3,2,7,13,5,3,4,4,2,0,3,0.714285714,0.428571429,0.6,-6,0.483516484,-0.066666667,0
2023-24,2024/2/10,Nott'm Forest,Newcastle,Home,2,3,13,7,3,5,4,4,1,0,0,0.230769231,0.153846154,0.666666667,6,-0.483516484,0.066666667,0
2023-24,2024/2/10,Sheffield United,Luton,Away,3,1,7,20,3,5,1,13,2,0,3,0.428571429,0.428571429,1,-13,0.178571429,0.8,-12
2023-24,2024/2/10,Tottenham,Brighton,Home,2,1,16,6,6,3,9,6,2,0,3,0.375,0.125,0.333333333,10,-0.125,0,3
2023-24,2024/2/10,Wolves,Brentford,Home,0,2,17,9,5,6,7,4,2,0,0,0.294117647,0,0,8,-0.37254902,-0.333333333,3
2023-24,2024/2/11,Arsenal,West Ham,Away,6,0,25,5,12,1,6,2,0,0,3,0.48,0.24,0.5,20,0.28,0.5,4
2023-24,2024/2/11,Aston Villa,Man United,Home,1,2,23,17,10,5,10,8,3,0,0,0.434782609,0.043478261,0.1,6,0.140664962,-0.3,2
2023-24,2024/2/11,Man United,Aston Villa,Away,2,1,17,23,5,10,8,10,2,0,3,0.294117647,0.117647059,0.4,-6,-0.140664962,0.3,-2
2023-24,2024/2/11,West Ham,Arsenal,Home,0,6,5,25,1,12,2,6,4,0,0,0.2,0,0,-20,-0.28,-0.5,-4
2023-24,2024/2/12,Chelsea,Crystal Palace,Away,3,1,14,13,5,4,7,1,2,0,3,0.357142857,0.214285714,0.6,1,0.049450549,0.35,6
2023-24,2024/2/12,Crystal Palace,Chelsea,Home,1,3,13,14,4,5,1,7,2,0,0,0.307692308,0.076923077,0.25,-1,-0.049450549,-0.35,-6
2023-24,2024/2/17,Arsenal,Burnley,Away,5,0,16,8,7,0,6,4,1,0,3,0.4375,0.3125,0.714285714,8,0.4375,0.714285714,2
2023-24,2024/2/17,Aston Villa,Fulham,Away,2,1,12,15,3,4,4,4,2,0,3,0.25,0.166666667,0.666666667,-3,-0.016666667,0.416666667,0
2023-24,2024/2/17,Bournemouth,Newcastle,Away,2,2,12,17,7,5,2,4,3,0,1,0.583333333,0.166666667,0.285714286,-5,0.289215686,-0.114285714,-2
2023-24,2024/2/17,Brentford,Liverpool,Home,1,4,15,15,6,8,1,6,2,0,0,0.4,0.066666667,0.166666667,0,-0.133333333,-0.333333333,-5
2023-24,2024/2/17,Burnley,Arsenal,Home,0,5,8,16,0,7,4,6,2,0,0,0,0,0,-8,-0.4375,-0.714285714,-2
2023-24,2024/2/17,Chelsea,Man City,Away,1,1,9,31,6,5,1,12,3,0,1,0.666666667,0.111111111,0.166666667,-22,0.505376344,-0.033333333,-11
2023-24,2024/2/17,Fulham,Aston Villa,Home,1,2,15,12,4,3,4,4,5,0,0,0.266666667,0.066666667,0.25,3,0.016666667,-0.416666667,0
2023-24,2024/2/17,Liverpool,Brentford,Away,4,1,15,15,8,6,6,1,1,0,3,0.533333333,0.266666667,0.5,0,0.133333333,0.333333333,5
2023-24,2024/2/17,Man City,Chelsea,Home,1,1,31,9,5,6,12,1,1,0,1,0.161290323,0.032258065,0.2,22,-0.505376344,0.033333333,11
2023-24,2024/2/17,Newcastle,Bournemouth,Home,2,2,17,12,5,7,4,2,1,0,1,0.294117647,0.117647059,0.4,5,-0.289215686,0.114285714,2
2023-24,2024/2/17,Nott'm Forest,West Ham,Home,2,0,19,10,8,3,5,3,4,0,3,0.421052632,0.105263158,0.25,9,0.121052632,0.25,2
2023-24,2024/2/17,Tottenham,Wolves,Home,1,2,15,12,4,7,10,4,0,0,0,0.266666667,0.066666667,0.25,3,-0.316666667,-0.035714286,6
2023-24,2024/2/17,West Ham,Nott'm Forest,Away,0,2,10,19,3,8,3,5,4,1,0,0.3,0,0,-9,-0.121052632,-0.25,-2
2023-24,2024/2/17,Wolves,Tottenham,Away,2,1,12,15,7,4,4,10,1,0,3,0.583333333,0.166666667,0.285714286,-3,0.316666667,0.035714286,-6
2023-24,2024/2/18,Brighton,Sheffield United,Away,5,0,24,6,10,1,10,5,4,0,3,0.416666667,0.208333333,0.5,18,0.25,0.5,5
2023-24,2024/2/18,Luton,Man United,Home,1,2,22,21,4,9,8,6,3,0,0,0.181818182,0.045454545,0.25,1,-0.246753247,0.027777778,2
2023-24,2024/2/18,Man United,Luton,Away,2,1,21,22,9,4,6,8,5,0,3,0.428571429,0.095238095,0.222222222,-1,0.246753247,-0.027777778,-2
2023-24,2024/2/18,Sheffield United,Brighton,Home,0,5,6,24,1,10,5,10,1,1,0,0.166666667,0,0,-18,-0.25,-0.5,-5
2023-24,2024/2/19,Crystal Palace,Everton,Away,1,1,10,19,4,4,6,3,2,0,1,0.4,0.1,0.25,-9,0.189473684,0,3
2023-24,2024/2/19,Everton,Crystal Palace,Home,1,1,19,10,4,4,3,6,0,0,1,0.210526316,0.052631579,0.25,9,-0.189473684,0,-3
2023-24,2024/2/20,Brentford,Man City,Away,0,1,6,25,2,11,1,10,4,0,0,0.333333333,0,0,-19,-0.106666667,-0.090909091,-9
2023-24,2024/2/20,Man City,Brentford,Home,1,0,25,6,11,2,10,1,2,0,3,0.44,0.04,0.090909091,19,0.106666667,0.090909091,9
2023-24,2024/2/21,Liverpool,Luton,Home,4,1,29,12,13,3,13,4,1,0,3,0.448275862,0.137931034,0.307692308,17,0.198275862,-0.025641026,9
2023-24,2024/2/21,Luton,Liverpool,Away,1,4,12,29,3,13,4,13,4,0,0,0.25,0.083333333,0.333333333,-17,-0.198275862,0.025641026,-9
2023-24,2024/2/24,Arsenal,Newcastle,Home,4,1,18,3,8,2,9,0,1,0,3,0.444444444,0.222222222,0.5,15,-0.222222222,0,9
2023-24,2024/2/24,Aston Villa,Nott'm Forest,Home,4,2,16,10,6,3,7,2,1,0,3,0.375,0.25,0.666666667,6,0.075,0,5
2023-24,2024/2/24,Bournemouth,Man City,Home,0,1,13,15,4,6,3,8,2,0,0,0.307692308,0,0,-2,-0.092307692,-0.166666667,-5
2023-24,2024/2/24,Brighton,Everton,Home,1,1,23,6,7,3,11,3,2,1,1,0.304347826,0.043478261,0.142857143,17,-0.195652174,-0.19047619,8
2023-24,2024/2/24,Burnley,Crystal Palace,Away,0,3,2,15,0,6,3,12,1,1,0,0,0,0,-13,-0.4,-0.5,-9
2023-24,2024/2/24,Crystal Palace,Burnley,Home,3,0,15,2,6,0,12,3,3,0,3,0.4,0.2,0.5,13,0.4,0.5,9
2023-24,2024/2/24,Everton,Brighton,Away,1,1,6,23,3,7,3,11,3,0,1,0.5,0.166666667,0.333333333,-17,0.195652174,0.19047619,-8
2023-24,2024/2/24,Fulham,Man United,Away,2,1,17,21,5,9,9,10,5,0,3,0.294117647,0.117647059,0.4,-4,-0.134453782,0.288888889,-1
2023-24,2024/2/24,Man City,Bournemouth,Away,1,0,15,13,6,4,8,3,2,0,3,0.4,0.066666667,0.166666667,2,0.092307692,0.166666667,5
2023-24,2024/2/24,Man United,Fulham,Home,1,2,21,17,9,5,10,9,2,0,0,0.428571429,0.047619048,0.111111111,4,0.134453782,-0.288888889,1
2023-24,2024/2/24,Newcastle,Arsenal,Away,1,4,3,18,2,8,0,9,0,0,0,0.666666667,0.333333333,0.5,-15,0.222222222,0,-9
2023-24,2024/2/24,Nott'm Forest,Aston Villa,Away,2,4,10,16,3,6,2,7,2,0,0,0.3,0.2,0.666666667,-6,-0.075,0,-5
2023-24,2024/2/25,Sheffield United,Wolves,Away,0,1,12,13,4,2,6,5,1,0,0,0.333333333,0,0,-1,0.179487179,-0.5,1
2023-24,2024/2/25,Wolves,Sheffield United,Home,1,0,13,12,2,4,5,6,2,0,3,0.153846154,0.076923077,0.5,1,-0.179487179,0.5,-1
2023-24,2024/2/26,Brentford,West Ham,Away,2,4,14,17,8,6,7,1,2,0,0,0.571428571,0.142857143,0.25,-3,0.218487395,-0.416666667,6
2023-24,2024/2/26,West Ham,Brentford,Home,4,2,17,14,6,8,1,7,1,0,3,0.352941176,0.235294118,0.666666667,3,-0.218487395,0.416666667,-6
2023-24,2024/3/2,Aston Villa,Luton,Away,3,2,12,13,8,5,6,8,4,0,3,0.666666667,0.25,0.375,-1,0.282051282,-0.025,-2
2023-24,2024/3/2,Brentford,Chelsea,Home,2,2,14,17,5,6,0,6,3,0,1,0.357142857,0.142857143,0.4,-3,0.004201681,0.066666667,-6
2023-24,2024/3/2,Brighton,Fulham,Away,0,3,15,12,5,5,6,2,2,0,0,0.333333333,0,0,3,-0.083333333,-0.6,4
2023-24,2024/3/2,Chelsea,Brentford,Away,2,2,17,14,6,5,6,0,1,0,1,0.352941176,0.117647059,0.333333333,3,-0.004201681,-0.066666667,6
2023-24,2024/3/2,Crystal Palace,Tottenham,Away,1,3,4,14,1,6,1,11,2,0,0,0.25,0.25,1,-10,-0.178571429,0.5,-10
2023-24,2024/3/2,Everton,West Ham,Home,1,3,22,12,11,5,4,5,1,0,0,0.5,0.045454545,0.090909091,10,0.083333333,-0.509090909,-1
2023-24,2024/3/2,Fulham,Brighton,Home,3,0,12,15,5,5,2,6,1,0,3,0.416666667,0.25,0.6,-3,0.083333333,0.6,-4
2023-24,2024/3/2,Liverpool,Nott'm Forest,Away,1,0,22,8,2,2,12,3,2,0,3,0.090909091,0.045454545,0.5,14,-0.159090909,0.5,9
2023-24,2024/3/2,Luton,Aston Villa,Home,2,3,13,12,5,8,8,6,1,0,0,0.384615385,0.153846154,0.4,1,-0.282051282,0.025,2
2023-24,2024/3/2,Newcastle,Wolves,Home,3,0,14,12,7,3,3,5,0,0,3,0.5,0.214285714,0.428571429,2,0.25,0.428571429,-2
2023-24,2024/3/2,Nott'm Forest,Liverpool,Home,0,1,8,22,2,2,3,12,2,0,0,0.25,0,0,-14,0.159090909,-0.5,-9
2023-24,2024/3/2,Tottenham,Crystal Palace,Home,3,1,14,4,6,1,11,1,1,0,3,0.428571429,0.214285714,0.5,10,0.178571429,-0.5,10
2023-24,2024/3/2,West Ham,Everton,Away,3,1,12,22,5,11,5,4,2,0,3,0.416666667,0.25,0.6,-10,-0.083333333,0.509090909,1
2023-24,2024/3/2,Wolves,Newcastle,Away,0,3,12,14,3,7,5,3,1,0,0,0.25,0,0,-2,-0.25,-0.428571429,2
2023-24,2024/3/3,Bournemouth,Burnley,Away,2,0,10,20,3,6,2,7,4,0,3,0.3,0.2,0.666666667,-10,0,0.666666667,-5
2023-24,2024/3/3,Burnley,Bournemouth,Home,0,2,20,10,6,3,7,2,2,0,0,0.3,0,0,10,0,-0.666666667,5
2023-24,2024/3/3,Man City,Man United,Home,3,1,27,3,8,1,15,2,0,0,3,0.296296296,0.111111111,0.375,24,-0.037037037,-0.625,13
2023-24,2024/3/3,Man United,Man City,Away,1,3,3,27,1,8,2,15,1,0,0,0.333333333,0.333333333,1,-24,0.037037037,0.625,-13
2023-24,2024/3/4,Arsenal,Sheffield United,Away,6,0,22,4,10,0,7,0,0,0,3,0.454545455,0.272727273,0.6,18,0.454545455,0.6,7
2023-24,2024/3/4,Sheffield United,Arsenal,Home,0,6,4,22,0,10,0,7,1,0,0,0,0,0,-18,-0.454545455,-0.6,-7
2023-24,2024/3/9,Arsenal,Brentford,Home,2,1,17,9,6,4,10,4,2,0,3,0.352941176,0.117647059,0.333333333,8,-0.091503268,0.083333333,6
2023-24,2024/3/9,Bournemouth,Sheffield United,Home,2,2,32,13,12,9,10,3,3,0,1,0.375,0.0625,0.166666667,19,-0.317307692,-0.055555556,7
2023-24,2024/3/9,Brentford,Arsenal,Away,1,2,9,17,4,6,4,10,4,0,0,0.444444444,0.111111111,0.25,-8,0.091503268,-0.083333333,-6
2023-24,2024/3/9,Crystal Palace,Luton,Home,1,1,21,8,4,2,8,6,2,0,1,0.19047619,0.047619048,0.25,13,-0.05952381,-0.25,2
2023-24,2024/3/9,Everton,Man United,Away,0,2,23,15,6,8,8,5,2,0,0,0.260869565,0,0,8,-0.272463768,-0.25,3
2023-24,2024/3/9,Fulham,Wolves,Away,1,2,23,8,6,3,4,3,2,0,0,0.260869565,0.043478261,0.166666667,15,-0.114130435,-0.5,1
2023-24,2024/3/9,Luton,Crystal Palace,Away,1,1,8,21,2,4,6,8,3,0,1,0.25,0.125,0.5,-13,0.05952381,0.25,-2
2023-24,2024/3/9,Man United,Everton,Home,2,0,15,23,8,6,5,8,1,0,3,0.533333333,0.133333333,0.25,-8,0.272463768,0.25,-3
2023-24,2024/3/9,Sheffield United,Bournemouth,Away,2,2,13,32,9,12,3,10,5,0,1,0.692307692,0.153846154,0.222222222,-19,0.317307692,0.055555556,-7
2023-24,2024/3/9,Wolves,Fulham,Home,2,1,8,23,3,6,3,4,2,0,3,0.375,0.25,0.666666667,-15,0.114130435,0.5,-1
2023-24,2024/3/10,Aston Villa,Tottenham,Home,0,4,10,9,1,5,6,4,0,1,0,0.1,0,0,1,-0.455555556,-0.8,2
2023-24,2024/3/10,Brighton,Nott'm Forest,Home,1,0,10,9,3,4,6,3,4,0,3,0.3,0.1,0.333333333,1,-0.144444444,0.333333333,3
2023-24,2024/3/10,Burnley,West Ham,Away,2,2,11,22,4,4,4,4,4,0,1,0.363636364,0.181818182,0.5,-11,0.181818182,0,0
2023-24,2024/3/10,Liverpool,Man City,Home,1,1,19,10,6,6,7,4,0,0,1,0.315789474,0.052631579,0.166666667,9,-0.284210526,0,3
2023-24,2024/3/10,Man City,Liverpool,Away,1,1,10,19,6,6,4,7,3,0,1,0.6,0.1,0.166666667,-9,0.284210526,0,-3
2023-24,2024/3/10,Nott'm Forest,Brighton,Away,0,1,9,10,4,3,3,6,4,0,0,0.444444444,0,0,-1,0.144444444,-0.333333333,-3
2023-24,2024/3/10,Tottenham,Aston Villa,Away,4,0,9,10,5,1,4,6,2,0,3,0.555555556,0.444444444,0.8,-1,0.455555556,0.8,-2
2023-24,2024/3/10,West Ham,Burnley,Home,2,2,22,11,4,4,4,4,2,0,1,0.181818182,0.090909091,0.5,11,-0.181818182,0,0
2023-24,2024/3/11,Chelsea,Newcastle,Home,3,2,12,11,8,3,0,4,3,0,3,0.666666667,0.25,0.375,1,0.393939394,-0.291666667,-4
2023-24,2024/3/11,Newcastle,Chelsea,Away,2,3,11,12,3,8,4,0,1,0,0,0.272727273,0.181818182,0.666666667,-1,-0.393939394,0.291666667,4
2023-24,2024/3/13,Bournemouth,Luton,Home,4,3,24,8,10,4,11,3,1,0,3,0.416666667,0.166666667,0.4,16,-0.083333333,-0.35,8
2023-24,2024/3/13,Luton,Bournemouth,Away,3,4,8,24,4,10,3,11,2,0,0,0.5,0.375,0.75,-16,0.083333333,0.35,-8
2023-24,2024/3/16,Brentford,Burnley,Away,1,2,9,17,5,6,4,5,4,1,0,0.555555556,0.111111111,0.2,-8,0.202614379,-0.133333333,-1
2023-24,2024/3/16,Burnley,Brentford,Home,2,1,17,9,6,5,5,4,2,0,3,0.352941176,0.117647059,0.333333333,8,-0.202614379,0.133333333,1
2023-24,2024/3/16,Fulham,Tottenham,Home,3,0,16,14,7,5,4,5,2,0,3,0.4375,0.1875,0.428571429,2,0.080357143,0.428571429,-1
2023-24,2024/3/16,Luton,Nott'm Forest,Home,1,1,10,16,4,6,6,7,1,0,1,0.4,0.1,0.25,-6,0.025,0.083333333,-1
2023-24,2024/3/16,Nott'm Forest,Luton,Away,1,1,16,10,6,4,7,6,2,0,1,0.375,0.0625,0.166666667,6,-0.025,-0.083333333,1
2023-24,2024/3/16,Tottenham,Fulham,Away,0,3,14,16,5,7,5,4,3,0,0,0.357142857,0,0,-2,-0.080357143,-0.428571429,1
2023-24,2024/3/17,Aston Villa,West Ham,Away,1,1,13,13,5,5,11,7,3,0,1,0.384615385,0.076923077,0.2,0,0,0,4
2023-24,2024/3/17,West Ham,Aston Villa,Home,1,1,13,13,5,5,7,11,3,0,1,0.384615385,0.076923077,0.2,0,0,0,-4
2023-24,2024/3/30,Aston Villa,Wolves,Home,2,0,11,13,5,3,5,4,3,0,3,0.454545455,0.181818182,0.4,-2,0.223776224,0.4,1
2023-24,2024/3/30,Bournemouth,Everton,Home,2,1,11,7,4,3,9,8,1,0,3,0.363636364,0.181818182,0.5,4,-0.064935065,0.166666667,1
2023-24,2024/3/30,Brentford,Man United,Home,1,1,31,11,5,5,14,4,2,0,1,0.161290323,0.032258065,0.2,20,-0.293255132,0,10
2023-24,2024/3/30,Burnley,Chelsea,Away,2,2,18,33,7,13,4,12,2,1,1,0.388888889,0.111111111,0.285714286,-15,-0.005050505,0.131868132,-8
2023-24,2024/3/30,Chelsea,Burnley,Home,2,2,33,18,13,7,12,4,2,0,1,0.393939394,0.060606061,0.153846154,15,0.005050505,-0.131868132,8
2023-24,2024/3/30,Crystal Palace,Nott'm Forest,Away,1,1,10,12,3,5,6,4,1,0,1,0.3,0.1,0.333333333,-2,-0.116666667,0.133333333,2
2023-24,2024/3/30,Everton,Bournemouth,Away,1,2,7,11,3,4,8,9,2,0,0,0.428571429,0.142857143,0.333333333,-4,0.064935065,-0.166666667,-1
2023-24,2024/3/30,Fulham,Sheffield United,Away,3,3,24,8,9,4,15,2,1,0,1,0.375,0.125,0.333333333,16,-0.125,-0.416666667,13
2023-24,2024/3/30,Luton,Tottenham,Away,1,2,7,17,3,4,6,3,4,0,0,0.428571429,0.142857143,0.333333333,-10,0.193277311,-0.166666667,3
2023-24,2024/3/30,Man United,Brentford,Away,1,1,11,31,5,5,4,14,2,0,1,0.454545455,0.090909091,0.2,-20,0.293255132,0,-10
2023-24,2024/3/30,Newcastle,West Ham,Home,4,3,24,10,9,4,3,4,1,1,3,0.375,0.166666667,0.444444444,14,-0.025,-0.305555556,-1
2023-24,2024/3/30,Nott'm Forest,Crystal Palace,Home,1,1,12,10,5,3,4,6,1,0,1,0.416666667,0.083333333,0.2,2,0.116666667,-0.133333333,-2
2023-24,2024/3/30,Sheffield United,Fulham,Home,3,3,8,24,4,9,2,15,4,0,1,0.5,0.375,0.75,-16,0.125,0.416666667,-13
2023-24,2024/3/30,Tottenham,Luton,Home,2,1,17,7,4,3,3,6,2,0,3,0.235294118,0.117647059,0.5,10,-0.193277311,0.166666667,-3
2023-24,2024/3/30,West Ham,Newcastle,Away,3,4,10,24,4,9,4,3,1,0,0,0.4,0.3,0.75,-14,0.025,0.305555556,1
2023-24,2024/3/30,Wolves,Aston Villa,Away,0,2,13,11,3,5,4,5,4,0,0,0.230769231,0,0,2,-0.223776224,-0.4,-1
2023-24,2024/3/31,Arsenal,Man City,Away,0,0,6,12,2,1,4,7,2,0,1,0.333333333,0,0,-6,0.25,0,-3
2023-24,2024/3/31,Brighton,Liverpool,Away,1,2,9,30,3,8,4,8,3,0,0,0.333333333,0.111111111,0.333333333,-21,0.066666667,0.083333333,-4
2023-24,2024/3/31,Liverpool,Brighton,Home,2,1,30,9,8,3,8,4,5,0,3,0.266666667,0.066666667,0.25,21,-0.066666667,-0.083333333,4
2023-24,2024/3/31,Man City,Arsenal,Home,0,0,12,6,1,2,7,4,0,0,1,0.083333333,0,0,6,-0.25,0,3
2023-24,2024/4/2,Bournemouth,Crystal Palace,Home,1,0,11,3,6,2,9,2,3,0,3,0.545454545,0.090909091,0.166666667,8,-0.121212121,0.166666667,7
2023-24,2024/4/2,Burnley,Wolves,Home,1,1,13,8,6,2,7,4,0,0,1,0.461538462,0.076923077,0.166666667,5,0.211538462,-0.333333333,3
2023-24,2024/4/2,Crystal Palace,Bournemouth,Away,0,1,3,11,2,6,2,9,2,0,0,0.666666667,0,0,-8,0.121212121,-0.166666667,-7
2023-24,2024/4/2,Everton,Newcastle,Away,1,1,10,18,3,6,3,7,3,0,1,0.3,0.1,0.333333333,-8,-0.033333333,0.166666667,-4
2023-24,2024/4/2,Fulham,Nott'm Forest,Away,1,3,18,16,3,4,8,3,0,0,0,0.166666667,0.055555556,0.333333333,2,-0.083333333,-0.416666667,5
2023-24,2024/4/2,Newcastle,Everton,Home,1,1,18,10,6,3,7,3,0,0,1,0.333333333,0.055555556,0.166666667,8,0.033333333,-0.166666667,4
2023-24,2024/4/2,Nott'm Forest,Fulham,Home,3,1,16,18,4,3,3,8,0,0,3,0.25,0.1875,0.75,-2,0.083333333,0.416666667,-5
2023-24,2024/4/2,Tottenham,West Ham,Away,1,1,13,11,4,4,5,9,4,0,1,0.307692308,0.076923077,0.25,2,-0.055944056,0,-4
2023-24,2024/4/2,West Ham,Tottenham,Home,1,1,11,13,4,4,9,5,1,0,1,0.363636364,0.090909091,0.25,-2,0.055944056,0,4
2023-24,2024/4/2,Wolves,Burnley,Away,1,1,8,13,2,6,4,7,2,0,1,0.25,0.125,0.5,-5,-0.211538462,0.333333333,-3
2023-24,2024/4/3,Arsenal,Luton,Home,2,0,13,5,4,1,3,1,1,0,3,0.307692308,0.153846154,0.5,8,0.107692308,0.5,2
2023-24,2024/4/3,Aston Villa,Man City,Away,1,4,8,25,3,11,3,2,2,0,0,0.375,0.125,0.333333333,-17,-0.065,-0.03030303,1
2023-24,2024/4/3,Brentford,Brighton,Home,0,0,5,24,2,6,1,5,1,0,1,0.4,0,0,-19,0.15,0,-4
2023-24,2024/4/3,Brighton,Brentford,Away,0,0,24,5,6,2,5,1,1,0,1,0.25,0,0,19,-0.15,0,4
2023-24,2024/4/3,Luton,Arsenal,Away,0,2,5,13,1,4,1,3,1,0,0,0.2,0,0,-8,-0.107692308,-0.5,-2
2023-24,2024/4/3,Man City,Aston Villa,Home,4,1,25,8,11,3,2,3,1,0,3,0.44,0.16,0.363636364,17,0.065,0.03030303,-1
2023-24,2024/4/4,Chelsea,Man United,Home,4,3,28,19,10,5,12,3,3,0,3,0.357142857,0.142857143,0.4,9,0.093984962,-0.2,9
2023-24,2024/4/4,Liverpool,Sheffield United,Home,3,1,29,8,9,3,13,1,0,0,3,0.310344828,0.103448276,0.333333333,21,-0.064655172,0,12
2023-24,2024/4/4,Man United,Chelsea,Away,3,4,19,28,5,10,3,12,0,0,0,0.263157895,0.157894737,0.6,-9,-0.093984962,0.2,-9
2023-24,2024/4/4,Sheffield United,Liverpool,Away,1,3,8,29,3,9,1,13,1,0,0,0.375,0.125,0.333333333,-21,0.064655172,0,-12
2023-24,2024/4/6,Arsenal,Brighton,Away,3,0,20,10,7,2,7,8,2,0,3,0.35,0.15,0.428571429,10,0.15,0.428571429,-1
2023-24,2024/4/6,Aston Villa,Brentford,Home,3,3,11,8,3,3,11,3,2,0,1,0.272727273,0.272727273,1,3,-0.102272727,0,8
2023-24,2024/4/6,Bournemouth,Luton,Away,1,2,8,19,1,9,2,7,0,0,0,0.125,0.125,1,-11,-0.348684211,0.777777778,-5
2023-24,2024/4/6,Brentford,Aston Villa,Away,3,3,8,11,3,3,3,11,2,0,1,0.375,0.375,1,-3,0.102272727,0,-8
2023-24,2024/4/6,Brighton,Arsenal,Home,0,3,10,20,2,7,8,7,1,0,0,0.2,0,0,-10,-0.15,-0.428571429,1
2023-24,2024/4/6,Burnley,Everton,Away,0,1,6,12,1,3,5,3,1,1,0,0.166666667,0,0,-6,-0.083333333,-0.333333333,2
2023-24,2024/4/6,Crystal Palace,Man City,Home,2,4,7,18,4,8,2,9,1,0,0,0.571428571,0.285714286,0.5,-11,0.126984127,0,-7
2023-24,2024/4/6,Everton,Burnley,Home,1,0,12,6,3,1,3,5,2,0,3,0.25,0.083333333,0.333333333,6,0.083333333,0.333333333,-2
2023-24,2024/4/6,Fulham,Newcastle,Home,0,1,14,12,4,5,14,3,1,0,0,0.285714286,0,0,2,-0.130952381,-0.2,11
2023-24,2024/4/6,Luton,Bournemouth,Home,2,1,19,8,9,1,7,2,0,0,3,0.473684211,0.105263158,0.222222222,11,0.348684211,-0.777777778,5
2023-24,2024/4/6,Man City,Crystal Palace,Away,4,2,18,7,8,4,9,2,1,0,3,0.444444444,0.222222222,0.5,11,-0.126984127,0,7
2023-24,2024/4/6,Newcastle,Fulham,Away,1,0,12,14,5,4,3,14,2,0,3,0.416666667,0.083333333,0.2,-2,0.130952381,0.2,-11
2023-24,2024/4/6,West Ham,Wolves,Away,2,1,11,14,4,7,4,4,2,0,3,0.363636364,0.181818182,0.5,-3,-0.136363636,0.357142857,0
2023-24,2024/4/6,Wolves,West Ham,Home,1,2,14,11,7,4,4,4,5,0,0,0.5,0.071428571,0.142857143,3,0.136363636,-0.357142857,0
2023-24,2024/4/7,Chelsea,Sheffield United,Away,2,2,6,11,3,6,6,7,2,0,1,0.5,0.333333333,0.666666667,-5,-0.045454545,0.333333333,-1
2023-24,2024/4/7,Liverpool,Man United,Away,2,2,28,9,7,5,11,6,2,0,1,0.25,0.071428571,0.285714286,19,-0.305555556,-0.114285714,5
2023-24,2024/4/7,Man United,Liverpool,Home,2,2,9,28,5,7,6,11,5,0,1,0.555555556,0.222222222,0.4,-19,0.305555556,0.114285714,-5
2023-24,2024/4/7,Nott'm Forest,Tottenham,Away,1,3,13,17,6,7,2,12,3,0,0,0.461538462,0.076923077,0.166666667,-4,0.049773756,-0.261904762,-10
2023-24,2024/4/7,Sheffield United,Chelsea,Home,2,2,11,6,6,3,7,6,4,0,1,0.545454545,0.181818182,0.333333333,5,0.045454545,-0.333333333,1
2023-24,2024/4/7,Tottenham,Nott'm Forest,Home,3,1,17,13,7,6,12,2,2,0,3,0.411764706,0.176470588,0.428571429,4,-0.049773756,0.261904762,10
2023-24,2024/4/13,Bournemouth,Man United,Home,2,2,20,8,5,2,7,2,4,0,1,0.25,0.1,0.4,12,0,-0.6,5
2023-24,2024/4/13,Brentford,Sheffield United,Home,2,0,9,8,5,2,3,6,3,0,3,0.555555556,0.222222222,0.4,1,0.305555556,0.4,-3
2023-24,2024/4/13,Brighton,Burnley,Away,1,1,20,11,8,3,5,4,2,0,1,0.4,0.05,0.125,9,0.127272727,-0.208333333,1
2023-24,2024/4/13,Burnley,Brighton,Home,1,1,11,20,3,8,4,5,1,0,1,0.272727273,0.090909091,0.333333333,-9,-0.127272727,0.208333333,-1
2023-24,2024/4/13,Luton,Man City,Away,1,5,4,33,2,13,1,12,0,0,0,0.5,0.25,0.5,-29,0.106060606,0.115384615,-11
2023-24,2024/4/13,Man City,Luton,Home,5,1,33,4,13,2,12,1,1,0,3,0.393939394,0.151515152,0.384615385,29,-0.106060606,-0.115384615,11
2023-24,2024/4/13,Man United,Bournemouth,Away,2,2,8,20,2,5,2,7,0,0,1,0.25,0.25,1,-12,0,0.6,-5
2023-24,2024/4/13,Newcastle,Tottenham,Home,4,0,18,11,5,2,16,3,0,0,3,0.277777778,0.222222222,0.8,7,0.095959596,0.8,13
2023-24,2024/4/13,Nott'm Forest,Wolves,Home,2,2,18,11,9,4,10,1,2,0,1,0.5,0.111111111,0.222222222,7,0.136363636,-0.277777778,9
2023-24,2024/4/13,Sheffield United,Brentford,Away,0,2,8,9,2,5,6,3,1,0,0,0.25,0,0,-1,-0.305555556,-0.4,3
2023-24,2024/4/13,Tottenham,Newcastle,Away,0,4,11,18,2,5,3,16,4,0,0,0.181818182,0,0,-7,-0.095959596,-0.8,-13
2023-24,2024/4/13,Wolves,Nott'm Forest,Away,2,2,11,18,4,9,1,10,3,0,1,0.363636364,0.181818182,0.5,-7,-0.136363636,0.277777778,-9
2023-24,2024/4/14,Arsenal,Aston Villa,Home,0,2,18,11,4,2,4,6,3,0,0,0.222222222,0,0,7,0.04040404,-1,-2
2023-24,2024/4/14,Aston Villa,Arsenal,Away,2,0,11,18,2,4,6,4,1,0,3,0.181818182,0.181818182,1,-7,-0.04040404,1,2
2023-24,2024/4/14,Crystal Palace,Liverpool,Away,1,0,8,21,5,6,1,11,1,0,3,0.625,0.125,0.2,-13,0.339285714,0.2,-10
2023-24,2024/4/14,Fulham,West Ham,Away,2,0,18,15,10,4,3,8,2,0,3,0.555555556,0.111111111,0.2,3,0.288888889,0.2,-5
2023-24,2024/4/14,Liverpool,Crystal Palace,Home,0,1,21,8,6,5,11,1,1,0,0,0.285714286,0,0,13,-0.339285714,-0.2,10
2023-24,2024/4/14,West Ham,Fulham,Home,0,2,15,18,4,10,8,3,1,0,0,0.266666667,0,0,-3,-0.288888889,-0.2,5
2023-24,2024/4/15,Chelsea,Everton,Home,6,0,14,10,10,2,4,8,1,0,3,0.714285714,0.428571429,0.6,4,0.514285714,0.6,-4
2023-24,2024/4/15,Everton,Chelsea,Away,0,6,10,14,2,10,8,4,4,0,0,0.2,0,0,-4,-0.514285714,-0.6,4
2023-24,2024/4/20,Arsenal,Wolves,Away,2,0,24,5,9,3,2,1,2,0,3,0.375,0.083333333,0.222222222,19,-0.225,0.222222222,1
2023-24,2024/4/20,Brentford,Luton,Away,5,1,21,6,9,3,9,4,2,0,3,0.428571429,0.238095238,0.555555556,15,-0.071428571,0.222222222,5
2023-24,2024/4/20,Burnley,Sheffield United,Away,4,1,16,18,9,11,2,11,0,0,3,0.5625,0.25,0.444444444,-2,-0.048611111,0.353535354,-9
2023-24,2024/4/20,Luton,Brentford,Home,1,5,6,21,3,9,4,9,1,0,0,0.5,0.166666667,0.333333333,-15,0.071428571,-0.222222222,-5
2023-24,2024/4/20,Sheffield United,Burnley,Home,1,4,18,16,11,9,11,2,1,0,0,0.611111111,0.055555556,0.090909091,2,0.048611111,-0.353535354,9
2023-24,2024/4/20,Wolves,Arsenal,Home,0,2,5,24,3,9,1,2,3,0,0,0.6,0,0,-19,0.225,-0.222222222,-1
2023-24,2024/4/21,Aston Villa,Bournemouth,Home,3,1,14,14,4,6,8,4,1,0,3,0.285714286,0.214285714,0.75,0,-0.142857143,0.583333333,4
2023-24,2024/4/21,Bournemouth,Aston Villa,Away,1,3,14,14,6,4,4,8,3,0,0,0.428571429,0.071428571,0.166666667,0,0.142857143,-0.583333333,-4
2023-24,2024/4/21,Crystal Palace,West Ham,Home,5,2,18,4,7,1,4,0,3,0,3,0.388888889,0.277777778,0.714285714,14,0.138888889,-1.285714286,4
2023-24,2024/4/21,Everton,Nott'm Forest,Home,2,0,7,8,4,3,6,4,3,0,3,0.571428571,0.285714286,0.5,-1,0.196428571,0.5,2
2023-24,2024/4/21,Fulham,Liverpool,Home,1,3,12,14,5,7,1,4,3,0,0,0.416666667,0.083333333,0.2,-2,-0.083333333,-0.228571429,-3
2023-24,2024/4/21,Liverpool,Fulham,Away,3,1,14,12,7,5,4,1,0,0,3,0.5,0.214285714,0.428571429,2,0.083333333,0.228571429,3
2023-24,2024/4/21,Nott'm Forest,Everton,Away,0,2,8,7,3,4,4,6,2,0,0,0.375,0,0,1,-0.196428571,-0.5,-2
2023-24,2024/4/21,West Ham,Crystal Palace,Away,2,5,4,18,1,7,0,4,2,0,0,0.25,0.5,2,-14,-0.138888889,1.285714286,-4
2023-24,2024/4/23,Arsenal,Chelsea,Home,5,0,27,7,10,1,4,2,2,0,3,0.37037037,0.185185185,0.5,20,0.227513228,0.5,2
2023-24,2024/4/23,Chelsea,Arsenal,Away,0,5,7,27,1,10,2,4,2,0,0,0.142857143,0,0,-20,-0.227513228,-0.5,-2
2023-24,2024/4/24,Bournemouth,Wolves,Away,1,0,21,15,6,4,12,8,1,1,3,0.285714286,0.047619048,0.166666667,6,0.019047619,0.166666667,4
2023-24,2024/4/24,Crystal Palace,Newcastle,Home,2,0,20,7,7,2,7,2,3,0,3,0.35,0.1,0.285714286,13,0.064285714,0.285714286,5
2023-24,2024/4/24,Everton,Liverpool,Home,2,0,16,23,6,7,4,13,0,0,3,0.375,0.125,0.333333333,-7,0.070652174,0.333333333,-9
2023-24,2024/4/24,Liverpool,Everton,Away,0,2,23,16,7,6,13,4,3,0,0,0.304347826,0,0,7,-0.070652174,-0.333333333,9
2023-24,2024/4/24,Man United,Sheffield United,Home,4,2,25,10,13,4,9,4,0,0,3,0.52,0.16,0.307692308,15,0.12,-0.192307692,5
2023-24,2024/4/24,Newcastle,Crystal Palace,Away,0,2,7,20,2,7,2,7,3,0,0,0.285714286,0,0,-13,-0.064285714,-0.285714286,-5
2023-24,2024/4/24,Sheffield United,Man United,Away,2,4,10,25,4,13,4,9,1,0,0,0.4,0.2,0.5,-15,-0.12,0.192307692,-5
2023-24,2024/4/24,Wolves,Bournemouth,Home,0,1,15,21,4,6,8,12,4,0,0,0.266666667,0,0,-6,-0.019047619,-0.166666667,-4
2023-24,2024/4/25,Brighton,Man City,Home,0,4,7,14,3,6,4,4,2,0,0,0.428571429,0,0,-7,0,-0.666666667,0
2023-24,2024/4/25,Man City,Brighton,Away,4,0,14,7,6,3,4,4,0,0,3,0.428571429,0.285714286,0.666666667,7,0,0.666666667,0
2023-24,2024/4/27,Aston Villa,Chelsea,Home,2,2,9,21,4,5,2,4,3,0,1,0.444444444,0.222222222,0.5,-12,0.206349206,0.1,-2
2023-24,2024/4/27,Brentford,Everton,Away,0,1,10,18,4,1,6,6,2,0,0,0.4,0,0,-8,0.344444444,-1,0
2023-24,2024/4/27,Burnley,Man United,Away,1,1,16,27,7,10,5,6,3,0,1,0.4375,0.0625,0.142857143,-11,0.06712963,0.042857143,-1
2023-24,2024/4/27,Chelsea,Aston Villa,Away,2,2,21,9,5,4,4,2,5,0,1,0.238095238,0.095238095,0.4,12,-0.206349206,-0.1,2
2023-24,2024/4/27,Crystal Palace,Fulham,Away,1,1,14,9,4,2,9,5,2,0,1,0.285714286,0.071428571,0.25,5,0.063492063,-0.25,4
2023-24,2024/4/27,Everton,Brentford,Home,1,0,18,10,1,4,6,6,1,0,3,0.055555556,0.055555556,1,8,-0.344444444,1,0
2023-24,2024/4/27,Fulham,Crystal Palace,Home,1,1,9,14,2,4,5,9,0,0,1,0.222222222,0.111111111,0.5,-5,-0.063492063,0.25,-4
2023-24,2024/4/27,Liverpool,West Ham,Away,2,2,28,11,8,8,8,5,2,0,1,0.285714286,0.071428571,0.25,17,-0.441558442,0,3
2023-24,2024/4/27,Luton,Wolves,Away,1,2,9,13,6,5,4,4,1,0,0,0.666666667,0.111111111,0.166666667,-4,0.282051282,-0.233333333,0
2023-24,2024/4/27,Man United,Burnley,Home,1,1,27,16,10,7,6,5,1,0,1,0.37037037,0.037037037,0.1,11,-0.06712963,-0.042857143,1
2023-24,2024/4/27,Newcastle,Sheffield United,Home,5,1,20,15,7,5,4,5,0,0,3,0.35,0.25,0.714285714,5,0.016666667,0.514285714,-1
2023-24,2024/4/27,Sheffield United,Newcastle,Away,1,5,15,20,5,7,5,4,0,0,0,0.333333333,0.066666667,0.2,-5,-0.016666667,-0.514285714,1
2023-24,2024/4/27,West Ham,Liverpool,Home,2,2,11,28,8,8,5,8,0,0,1,0.727272727,0.181818182,0.25,-17,0.441558442,0,-3
2023-24,2024/4/27,Wolves,Luton,Home,2,1,13,9,5,6,4,4,3,0,3,0.384615385,0.153846154,0.4,4,-0.282051282,0.233333333,0
2023-24,2024/4/28,Arsenal,Tottenham,Away,3,2,9,14,3,2,6,8,1,0,3,0.333333333,0.333333333,1,-5,0.19047619,0,-2
2023-24,2024/4/28,Bournemouth,Brighton,Home,3,0,15,13,6,1,8,2,2,0,3,0.4,0.2,0.5,2,0.323076923,0.5,6
2023-24,2024/4/28,Brighton,Bournemouth,Away,0,3,13,15,1,6,2,8,2,0,0,0.076923077,0,0,-2,-0.323076923,-0.5,-6
2023-24,2024/4/28,Man City,Nott'm Forest,Away,2,0,11,14,5,2,5,4,0,0,3,0.454545455,0.181818182,0.4,-3,0.311688312,0.4,1
2023-24,2024/4/28,Nott'm Forest,Man City,Home,0,2,14,11,2,5,4,5,0,0,0,0.142857143,0,0,3,-0.311688312,-0.4,-1
2023-24,2024/4/28,Tottenham,Arsenal,Home,2,3,14,9,2,3,8,6,2,0,0,0.142857143,0.142857143,1,5,-0.19047619,0,2
2023-24,2024/5/2,Chelsea,Tottenham,Home,2,0,16,19,5,3,4,9,0,0,3,0.3125,0.125,0.4,-3,0.154605263,0.4,-5
2023-24,2024/5/2,Tottenham,Chelsea,Away,0,2,19,16,3,5,9,4,1,0,0,0.157894737,0,0,3,-0.154605263,-0.4,5
2023-24,2024/5/3,Everton,Luton,Away,1,1,10,18,3,5,7,8,3,0,1,0.3,0.1,0.333333333,-8,0.022222222,0.133333333,-1
2023-24,2024/5/3,Luton,Everton,Home,1,1,18,10,5,3,8,7,1,0,1,0.277777778,0.055555556,0.2,8,-0.022222222,-0.133333333,1
2023-24,2024/5/4,Arsenal,Bournemouth,Home,3,0,25,7,9,2,6,1,2,0,3,0.36,0.12,0.333333333,18,0.074285714,0.333333333,5
2023-24,2024/5/4,Bournemouth,Arsenal,Away,0,3,7,25,2,9,1,6,3,0,0,0.285714286,0,0,-18,-0.074285714,-0.333333333,-5
2023-24,2024/5/4,Brentford,Fulham,Home,0,0,7,15,3,3,7,6,1,0,1,0.428571429,0,0,-8,0.228571429,0,1
2023-24,2024/5/4,Burnley,Newcastle,Home,1,4,17,23,5,11,4,11,2,0,0,0.294117647,0.058823529,0.2,-6,-0.184143223,-0.163636364,-7
2023-24,2024/5/4,Fulham,Brentford,Away,0,0,15,7,3,3,6,7,1,0,1,0.2,0,0,8,-0.228571429,0,-1
2023-24,2024/5/4,Man City,Wolves,Home,5,1,20,2,12,1,6,0,0,0,3,0.6,0.25,0.416666667,18,0.1,-0.583333333,6
2023-24,2024/5/4,Newcastle,Burnley,Away,4,1,23,17,11,5,11,4,2,0,3,0.47826087,0.173913043,0.363636364,6,0.184143223,0.163636364,7
2023-24,2024/5/4,Nott'm Forest,Sheffield United,Away,3,1,15,17,4,5,3,5,1,0,3,0.266666667,0.2,0.75,-2,-0.02745098,0.55,-2
2023-24,2024/5/4,Sheffield United,Nott'm Forest,Home,1,3,17,15,5,4,5,3,0,1,0,0.294117647,0.058823529,0.2,2,0.02745098,-0.55,2
2023-24,2024/5/4,Wolves,Man City,Away,1,5,2,20,1,12,0,6,4,0,0,0.5,0.5,1,-18,-0.1,0.583333333,-6
2023-24,2024/5/5,Aston Villa,Brighton,Away,0,1,2,15,1,8,3,7,1,0,0,0.5,0,0,-13,-0.033333333,-0.125,-4
2023-24,2024/5/5,Brighton,Aston Villa,Home,1,0,15,2,8,1,7,3,2,0,3,0.533333333,0.066666667,0.125,13,0.033333333,0.125,4
2023-24,2024/5/5,Chelsea,West Ham,Home,5,0,25,13,14,2,8,6,1,0,3,0.56,0.2,0.357142857,12,0.406153846,0.357142857,2
2023-24,2024/5/5,Liverpool,Tottenham,Home,4,2,25,11,13,6,8,3,1,0,3,0.52,0.16,0.307692308,14,-0.025454545,-0.025641026,5
2023-24,2024/5/5,Tottenham,Liverpool,Away,2,4,11,25,6,13,3,8,4,0,0,0.545454545,0.181818182,0.333333333,-14,0.025454545,0.025641026,-5
2023-24,2024/5/5,West Ham,Chelsea,Away,0,5,13,25,2,14,6,8,3,0,0,0.153846154,0,0,-12,-0.406153846,-0.357142857,-2
2023-24,2024/5/6,Crystal Palace,Man United,Home,4,0,18,7,10,2,6,3,1,0,3,0.555555556,0.222222222,0.4,11,0.26984127,0.4,3
2023-24,2024/5/6,Man United,Crystal Palace,Away,0,4,7,18,2,10,3,6,1,0,0,0.285714286,0,0,-11,-0.26984127,-0.4,-3
2023-24,2024/5/11,Bournemouth,Brentford,Home,1,2,13,11,4,5,3,8,2,0,0,0.307692308,0.076923077,0.25,2,-0.146853147,-0.15,-5
2023-24,2024/5/11,Brentford,Bournemouth,Away,2,1,11,13,5,4,8,3,2,0,3,0.454545455,0.181818182,0.4,-2,0.146853147,0.15,5
2023-24,2024/5/11,Brighton,Newcastle,Away,1,1,15,18,4,7,4,8,4,0,1,0.266666667,0.066666667,0.25,-3,-0.122222222,0.107142857,-4
2023-24,2024/5/11,Burnley,Tottenham,Away,1,2,7,21,3,9,3,9,5,0,0,0.428571429,0.142857143,0.333333333,-14,0,0.111111111,-6
2023-24,2024/5/11,Chelsea,Nott'm Forest,Away,3,2,12,20,5,4,6,5,3,0,3,0.416666667,0.25,0.6,-8,0.216666667,0.1,1
2023-24,2024/5/11,Crystal Palace,Wolves,Away,3,1,13,13,3,7,3,8,2,1,3,0.230769231,0.230769231,1,0,-0.307692308,0.857142857,-5
2023-24,2024/5/11,Everton,Sheffield United,Home,1,0,15,13,6,1,3,6,1,0,3,0.4,0.066666667,0.166666667,2,0.323076923,0.166666667,-3
2023-24,2024/5/11,Fulham,Man City,Home,0,4,1,16,1,9,1,7,1,1,0,1,0,0,-15,0.4375,-0.444444444,-6
2023-24,2024/5/11,Luton,West Ham,Away,1,3,4,24,1,8,6,7,3,0,0,0.25,0.25,1,-20,-0.083333333,0.625,-1
2023-24,2024/5/11,Man City,Fulham,Away,4,0,16,1,9,1,7,1,0,0,3,0.5625,0.25,0.444444444,15,-0.4375,0.444444444,6
2023-24,2024/5/11,Newcastle,Brighton,Home,1,1,18,15,7,4,8,4,3,0,1,0.388888889,0.055555556,0.142857143,3,0.122222222,-0.107142857,4
2023-24,2024/5/11,Nott'm Forest,Chelsea,Home,2,3,20,12,4,5,5,6,2,0,0,0.2,0.1,0.5,8,-0.216666667,-0.1,-1
2023-24,2024/5/11,Sheffield United,Everton,Away,0,1,13,15,1,6,6,3,2,0,0,0.076923077,0,0,-2,-0.323076923,-0.166666667,3
2023-24,2024/5/11,Tottenham,Burnley,Home,2,1,21,7,9,3,9,3,3,0,3,0.428571429,0.095238095,0.222222222,14,0,-0.111111111,6
2023-24,2024/5/11,West Ham,Luton,Home,3,1,24,4,8,1,7,6,1,0,3,0.333333333,0.125,0.375,20,0.083333333,-0.625,1
2023-24,2024/5/11,Wolves,Crystal Palace,Home,1,3,13,13,7,3,8,3,3,0,0,0.538461538,0.076923077,0.142857143,0,0.307692308,-0.857142857,5
2023-24,2024/5/12,Arsenal,Man United,Away,1,0,11,14,5,2,7,4,2,0,3,0.454545455,0.090909091,0.2,-3,0.311688312,0.2,3
2023-24,2024/5/12,Man United,Arsenal,Home,0,1,14,11,2,5,4,7,0,0,0,0.142857143,0,0,3,-0.311688312,-0.2,-3
2023-24,2024/5/13,Aston Villa,Liverpool,Home,3,3,19,14,5,7,5,4,1,0,1,0.263157895,0.157894737,0.6,5,-0.236842105,0.171428571,1
2023-24,2024/5/13,Liverpool,Aston Villa,Away,3,3,14,19,7,5,4,5,1,0,1,0.5,0.214285714,0.428571429,-5,0.236842105,-0.171428571,-1
2023-24,2024/5/14,Man City,Tottenham,Away,2,0,8,10,5,5,4,7,3,0,3,0.625,0.25,0.4,-2,0.125,0.4,-3
2023-24,2024/5/14,Tottenham,Man City,Home,0,2,10,8,5,5,7,4,3,0,0,0.5,0,0,2,-0.125,-0.4,3
2023-24,2024/5/15,Brighton,Chelsea,Home,1,2,12,13,2,6,4,6,2,0,0,0.166666667,0.083333333,0.5,-1,-0.294871795,0.166666667,-2
2023-24,2024/5/15,Chelsea,Brighton,Away,2,1,13,12,6,2,6,4,2,1,3,0.461538462,0.153846154,0.333333333,1,0.294871795,-0.166666667,2
2023-24,2024/5/15,Man United,Newcastle,Home,3,2,17,21,8,8,9,9,3,0,3,0.470588235,0.176470588,0.375,-4,0.089635854,0.125,0
2023-24,2024/5/15,Newcastle,Man United,Away,2,3,21,17,8,8,9,9,3,0,0,0.380952381,0.095238095,0.25,4,-0.089635854,-0.125,0
2023-24,2024/5/19,Arsenal,Everton,Home,2,1,26,5,5,2,8,1,4,0,3,0.192307692,0.076923077,0.4,21,-0.207692308,-0.1,7
2023-24,2024/5/19,Aston Villa,Crystal Palace,Away,0,5,8,15,2,9,4,2,4,0,0,0.25,0,0,-7,-0.35,-0.555555556,2
2023-24,2024/5/19,Bournemouth,Chelsea,Away,1,2,22,16,5,6,5,6,3,0,0,0.227272727,0.045454545,0.2,6,-0.147727273,-0.133333333,-1
2023-24,2024/5/19,Brentford,Newcastle,Home,2,4,10,12,5,7,3,0,4,0,0,0.5,0.2,0.4,-2,-0.083333333,-0.171428571,3
2023-24,2024/5/19,Brighton,Man United,Home,0,2,17,11,3,4,7,5,1,0,0,0.176470588,0,0,6,-0.187165775,-0.5,2
2023-24,2024/5/19,Burnley,Nott'm Forest,Home,1,2,20,12,3,6,4,3,1,0,0,0.15,0.05,0.333333333,8,-0.35,0,1
2023-24,2024/5/19,Chelsea,Bournemouth,Home,2,1,16,22,6,5,6,5,2,0,3,0.375,0.125,0.333333333,-6,0.147727273,0.133333333,1
2023-24,2024/5/19,Crystal Palace,Aston Villa,Home,5,0,15,8,9,2,2,4,1,0,3,0.6,0.333333333,0.555555556,7,0.35,0.555555556,-2
2023-24,2024/5/19,Everton,Arsenal,Away,1,2,5,26,2,5,1,8,3,0,0,0.4,0.2,0.5,-21,0.207692308,0.1,-7
2023-24,2024/5/19,Fulham,Luton,Away,4,2,15,15,7,6,4,4,4,0,3,0.466666667,0.266666667,0.571428571,0,0.066666667,0.238095238,0
2023-24,2024/5/19,Liverpool,Wolves,Home,2,0,36,4,14,3,10,2,1,0,3,0.388888889,0.055555556,0.142857143,32,-0.361111111,0.142857143,8
2023-24,2024/5/19,Luton,Fulham,Home,2,4,15,15,6,7,4,4,5,0,0,0.4,0.133333333,0.333333333,0,-0.066666667,-0.238095238,0
2023-24,2024/5/19,Man City,West Ham,Home,3,1,28,3,12,2,11,2,0,0,3,0.428571429,0.107142857,0.25,25,-0.238095238,-0.25,9
2023-24,2024/5/19,Man United,Brighton,Away,2,0,11,17,4,3,5,7,3,0,3,0.363636364,0.181818182,0.5,-6,0.187165775,0.5,-2
2023-24,2024/5/19,Newcastle,Brentford,Away,4,2,12,10,7,5,0,3,4,0,3,0.583333333,0.333333333,0.571428571,2,0.083333333,0.171428571,-3
2023-24,2024/5/19,Nott'm Forest,Burnley,Away,2,1,12,20,6,3,3,4,0,0,3,0.5,0.166666667,0.333333333,-8,0.35,0,-1
2023-24,2024/5/19,Sheffield United,Tottenham,Home,0,3,6,18,1,9,2,6,2,0,0,0.166666667,0,0,-12,-0.333333333,-0.333333333,-4
2023-24,2024/5/19,Tottenham,Sheffield United,Away,3,0,18,6,9,1,6,2,0,0,3,0.5,0.166666667,0.333333333,12,0.333333333,0.333333333,4
2023-24,2024/5/19,West Ham,Man City,Away,1,3,3,28,2,12,2,11,1,0,0,0.666666667,0.333333333,0.5,-25,0.238095238,0.25,-9
2023-24,2024/5/19,Wolves,Liverpool,Away,0,2,4,36,3,14,2,10,1,1,0,0.75,0,0,-32,0.361111111,-0.142857143,-8
2024-25,2024/8/16,Fulham,Man United,Away,0,1,10,14,2,5,8,7,3,0,0,0.2,0,0,-4,-0.157142857,-0.2,1
2024-25,2024/8/16,Man United,Fulham,Home,1,0,14,10,5,2,7,8,2,0,3,0.357142857,0.071428571,0.2,4,0.157142857,0.2,-1
2024-25,2024/8/17,Arsenal,Wolves,Home,2,0,18,9,6,3,8,2,2,0,3,0.333333333,0.111111111,0.333333333,9,0,0.333333333,6
2024-25,2024/8/17,Aston Villa,West Ham,Away,2,1,15,14,3,3,3,5,2,0,3,0.2,0.133333333,0.666666667,1,-0.014285714,0.333333333,-2
2024-25,2024/8/17,Bournemouth,Nott'm Forest,Away,1,1,13,14,4,8,6,2,3,0,1,0.307692308,0.076923077,0.25,-1,-0.263736264,0.125,4
2024-25,2024/8/17,Brighton,Everton,Away,3,0,10,9,5,1,5,1,1,0,3,0.5,0.3,0.6,1,0.388888889,0.6,4
2024-25,2024/8/17,Everton,Brighton,Home,0,3,9,10,1,5,1,5,1,1,0,0.111111111,0,0,-1,-0.388888889,-0.6,-4
2024-25,2024/8/17,Ipswich,Liverpool,Home,0,2,7,18,2,5,2,10,3,0,0,0.285714286,0,0,-11,0.007936508,-0.4,-8
2024-25,2024/8/17,Liverpool,Ipswich,Away,2,0,18,7,5,2,10,2,1,0,3,0.277777778,0.111111111,0.4,11,-0.007936508,0.4,8
2024-25,2024/8/17,Newcastle,Southampton,Home,1,0,3,19,1,4,3,12,2,1,3,0.333333333,0.333333333,1,-16,0.122807018,1,-9
2024-25,2024/8/17,Nott'm Forest,Bournemouth,Home,1,1,14,13,8,4,2,6,1,0,1,0.571428571,0.071428571,0.125,1,0.263736264,-0.125,-4
2024-25,2024/8/17,Southampton,Newcastle,Away,0,1,19,3,4,1,12,3,4,0,0,0.210526316,0,0,16,-0.122807018,-1,9
2024-25,2024/8/17,West Ham,Aston Villa,Home,1,2,14,15,3,3,5,3,1,0,0,0.214285714,0.071428571,0.333333333,-1,0.014285714,-0.333333333,2
2024-25,2024/8/17,Wolves,Arsenal,Away,0,2,9,18,3,6,2,8,2,0,0,0.333333333,0,0,-9,0,-0.333333333,-6
2024-25,2024/8/18,Brentford,Crystal Palace,Home,2,1,9,14,5,6,4,7,1,0,3,0.555555556,0.222222222,0.4,-5,0.126984127,0.233333333,-3
2024-25,2024/8/18,Chelsea,Man City,Home,0,2,10,11,3,5,4,3,1,0,0,0.3,0,0,-1,-0.154545455,-0.4,1
2024-25,2024/8/18,Crystal Palace,Brentford,Away,1,2,14,9,6,5,7,4,5,0,0,0.428571429,0.071428571,0.166666667,5,-0.126984127,-0.233333333,3
2024-25,2024/8/18,Man City,Chelsea,Away,2,0,11,10,5,3,3,4,1,0,3,0.454545455,0.181818182,0.4,1,0.154545455,0.4,-1
2024-25,2024/8/19,Leicester,Tottenham,Home,1,1,7,15,3,7,2,13,1,0,1,0.428571429,0.142857143,0.333333333,-8,-0.038095238,0.19047619,-11
2024-25,2024/8/19,Tottenham,Leicester,Away,1,1,15,7,7,3,13,2,1,0,1,0.466666667,0.066666667,0.142857143,8,0.038095238,-0.19047619,11
2024-25,2024/8/24,Arsenal,Aston Villa,Away,2,0,9,11,4,3,1,4,3,0,3,0.444444444,0.222222222,0.5,-2,0.171717172,0.5,-3
2024-25,2024/8/24,Aston Villa,Arsenal,Home,0,2,11,9,3,4,4,1,1,0,0,0.272727273,0,0,2,-0.171717172,-0.5,3
2024-25,2024/8/24,Brighton,Man United,Home,2,1,14,11,5,4,4,4,1,0,3,0.357142857,0.142857143,0.4,3,-0.006493506,0.15,0
2024-25,2024/8/24,Crystal Palace,West Ham,Home,0,2,14,18,2,3,3,3,1,0,0,0.142857143,0,0,-4,-0.023809524,-0.666666667,0
2024-25,2024/8/24,Everton,Tottenham,Away,0,4,10,13,1,7,5,12,0,0,0,0.1,0,0,-3,-0.438461538,-0.571428571,-7
2024-25,2024/8/24,Fulham,Leicester,Home,2,1,18,10,6,4,7,5,2,0,3,0.333333333,0.111111111,0.333333333,8,-0.066666667,0.083333333,2
2024-25,2024/8/24,Ipswich,Man City,Away,1,4,1,14,1,5,1,10,3,0,0,1,1,1,-13,0.642857143,0.2,-9
2024-25,2024/8/24,Leicester,Fulham,Away,1,2,10,18,4,6,5,7,2,0,0,0.4,0.1,0.25,-8,0.066666667,-0.083333333,-2
2024-25,2024/8/24,Man City,Ipswich,Home,4,1,14,1,5,1,10,1,2,0,3,0.357142857,0.285714286,0.8,13,-0.642857143,-0.2,9
2024-25,2024/8/24,Man United,Brighton,Away,1,2,11,14,4,5,4,4,2,0,0,0.363636364,0.090909091,0.25,-3,0.006493506,-0.15,0
2024-25,2024/8/24,Nott'm Forest,Southampton,Away,1,0,23,5,8,1,10,4,3,0,3,0.347826087,0.043478261,0.125,18,0.147826087,0.125,6
2024-25,2024/8/24,Southampton,Nott'm Forest,Home,0,1,5,23,1,8,4,10,3,0,0,0.2,0,0,-18,-0.147826087,-0.125,-6
2024-25,2024/8/24,Tottenham,Everton,Home,4,0,13,10,7,1,12,5,0,0,3,0.538461538,0.307692308,0.571428571,3,0.438461538,0.571428571,7
2024-25,2024/8/24,West Ham,Crystal Palace,Away,2,0,18,14,3,2,3,3,1,0,3,0.166666667,0.111111111,0.666666667,4,0.023809524,0.666666667,0
2024-25,2024/8/25,Bournemouth,Newcastle,Home,1,1,16,14,4,5,8,9,2,0,1,0.25,0.0625,0.25,2,-0.107142857,0.05,-1
2024-25,2024/8/25,Brentford,Liverpool,Away,0,2,8,19,2,8,4,9,3,0,0,0.25,0,0,-11,-0.171052632,-0.25,-5
2024-25,2024/8/25,Chelsea,Wolves,Away,6,2,14,12,8,4,5,5,3,0,3,0.571428571,0.428571429,0.75,2,0.238095238,0.25,0
2024-25,2024/8/25,Liverpool,Brentford,Home,2,0,19,8,8,2,9,4,2,0,3,0.421052632,0.105263158,0.25,11,0.171052632,0.25,5
2024-25,2024/8/25,Newcastle,Bournemouth,Away,1,1,14,16,5,4,9,8,2,0,1,0.357142857,0.071428571,0.2,-2,0.107142857,-0.05,1
2024-25,2024/8/25,Wolves,Chelsea,Home,2,6,12,14,4,8,5,5,2,0,0,0.333333333,0.166666667,0.5,-2,-0.238095238,-0.25,0
2024-25,2024/8/31,Arsenal,Brighton,Home,1,1,11,22,7,4,3,7,3,1,1,0.636363636,0.090909091,0.142857143,-11,0.454545455,-0.107142857,-4
2024-25,2024/8/31,Aston Villa,Leicester,Away,2,1,10,9,5,3,4,1,5,0,3,0.5,0.2,0.4,1,0.166666667,0.066666667,3
2024-25,2024/8/31,Bournemouth,Everton,Away,3,2,17,18,7,8,4,8,1,0,3,0.411764706,0.176470588,0.428571429,-1,-0.032679739,0.178571429,-4
2024-25,2024/8/31,Brentford,Southampton,Home,3,1,20,18,7,6,2,8,2,0,3,0.35,0.15,0.428571429,2,0.016666667,0.261904762,-6
2024-25,2024/8/31,Brighton,Arsenal,Away,1,1,22,11,4,7,7,3,2,0,1,0.181818182,0.045454545,0.25,11,-0.454545455,0.107142857,4
2024-25,2024/8/31,Everton,Bournemouth,Home,2,3,18,17,8,7,8,4,2,0,0,0.444444444,0.111111111,0.25,1,0.032679739,-0.178571429,4
2024-25,2024/8/31,Fulham,Ipswich,Away,1,1,9,11,4,4,6,8,3,0,1,0.444444444,0.111111111,0.25,-2,0.080808081,0,-2
2024-25,2024/8/31,Ipswich,Fulham,Home,1,1,11,9,4,4,8,6,2,0,1,0.363636364,0.090909091,0.25,2,-0.080808081,0,2
2024-25,2024/8/31,Leicester,Aston Villa,Home,1,2,9,10,3,5,1,4,4,0,0,0.333333333,0.111111111,0.333333333,-1,-0.166666667,-0.066666667,-3
2024-25,2024/8/31,Man City,West Ham,Away,3,1,23,10,8,2,11,3,2,0,3,0.347826087,0.130434783,0.375,13,0.147826087,-0.125,8
2024-25,2024/8/31,Nott'm Forest,Wolves,Home,1,1,16,11,5,3,7,3,3,0,1,0.3125,0.0625,0.2,5,0.039772727,-0.133333333,4
2024-25,2024/8/31,Southampton,Brentford,Away,1,3,18,20,6,7,8,2,1,0,0,0.333333333,0.055555556,0.166666667,-2,-0.016666667,-0.261904762,6
2024-25,2024/8/31,West Ham,Man City,Home,1,3,10,23,2,8,3,11,3,0,0,0.2,0.1,0.5,-13,-0.147826087,0.125,-8
2024-25,2024/8/31,Wolves,Nott'm Forest,Away,1,1,11,16,3,5,3,7,4,0,1,0.272727273,0.090909091,0.333333333,-5,-0.039772727,0.133333333,-4
2024-25,2024/9/1,Chelsea,Crystal Palace,Home,1,1,13,9,7,3,4,5,4,0,1,0.538461538,0.076923077,0.142857143,4,0.205128205,-0.19047619,-1
2024-25,2024/9/1,Crystal Palace,Chelsea,Away,1,1,9,13,3,7,5,4,2,0,1,0.333333333,0.111111111,0.333333333,-4,-0.205128205,0.19047619,1
2024-25,2024/9/1,Liverpool,Man United,Away,3,0,11,8,3,3,2,5,1,0,3,0.272727273,0.272727273,1,3,-0.102272727,1,-3
2024-25,2024/9/1,Man United,Liverpool,Home,0,3,8,11,3,3,5,2,4,0,0,0.375,0,0,-3,0.102272727,-1,3
2024-25,2024/9/1,Newcastle,Tottenham,Home,2,1,9,20,3,6,7,12,4,0,3,0.333333333,0.222222222,0.666666667,-11,0.033333333,0.5,-5
2024-25,2024/9/1,Tottenham,Newcastle,Away,1,2,20,9,6,3,12,7,4,0,0,0.3,0.05,0.166666667,11,-0.033333333,-0.5,5
2024-25,2024/9/14,Aston Villa,Everton,Home,3,2,17,6,8,2,6,2,1,0,3,0.470588235,0.176470588,0.375,11,0.137254902,-0.625,4
2024-25,2024/9/14,Bournemouth,Chelsea,Home,0,1,19,10,7,3,6,3,6,0,0,0.368421053,0,0,9,0.068421053,-0.333333333,3
2024-25,2024/9/14,Brentford,Man City,Away,1,2,8,18,5,7,3,12,1,0,0,0.625,0.125,0.2,-10,0.236111111,-0.085714286,-9
2024-25,2024/9/14,Brighton,Ipswich,Home,0,0,21,6,6,1,9,2,4,0,1,0.285714286,0,0,15,0.119047619,0,7
2024-25,2024/9/14,Chelsea,Bournemouth,Away,1,0,10,19,3,7,3,6,8,0,3,0.3,0.1,0.333333333,-9,-0.068421053,0.333333333,-3
2024-25,2024/9/14,Crystal Palace,Leicester,Home,2,2,20,9,4,4,5,2,0,0,1,0.2,0.1,0.5,11,-0.244444444,0,3
2024-25,2024/9/14,Everton,Aston Villa,Away,2,3,6,17,2,8,2,6,4,0,0,0.333333333,0.333333333,1,-11,-0.137254902,0.625,-4
2024-25,2024/9/14,Fulham,West Ham,Home,1,1,21,11,5,3,3,2,2,0,1,0.238095238,0.047619048,0.2,10,-0.034632035,-0.133333333,1
2024-25,2024/9/14,Ipswich,Brighton,Away,0,0,6,21,1,6,2,9,3,0,1,0.166666667,0,0,-15,-0.119047619,0,-7
2024-25,2024/9/14,Leicester,Crystal Palace,Away,2,2,9,20,4,4,2,5,3,0,1,0.444444444,0.222222222,0.5,-11,0.244444444,0,-3
2024-25,2024/9/14,Liverpool,Nott'm Forest,Home,0,1,14,5,5,3,7,2,4,0,0,0.357142857,0,0,9,-0.242857143,-0.333333333,5
2024-25,2024/9/14,Man City,Brentford,Home,2,1,18,8,7,5,12,3,3,0,3,0.388888889,0.111111111,0.285714286,10,-0.236111111,0.085714286,9
2024-25,2024/9/14,Man United,Southampton,Away,3,0,20,6,10,4,7,0,4,0,3,0.5,0.15,0.3,14,-0.166666667,0.3,7
2024-25,2024/9/14,Nott'm Forest,Liverpool,Away,1,0,5,14,3,5,2,7,4,0,3,0.6,0.2,0.333333333,-9,0.242857143,0.333333333,-5
2024-25,2024/9/14,Southampton,Man United,Home,0,3,6,20,4,10,0,7,1,1,0,0.666666667,0,0,-14,0.166666667,-0.3,-7
2024-25,2024/9/14,West Ham,Fulham,Away,1,1,11,21,3,5,2,3,3,0,1,0.272727273,0.090909091,0.333333333,-10,0.034632035,0.133333333,-1
2024-25,2024/9/15,Arsenal,Tottenham,Away,1,0,7,15,4,5,6,7,3,0,3,0.571428571,0.142857143,0.25,-8,0.238095238,0.25,-1
2024-25,2024/9/15,Newcastle,Wolves,Away,2,1,14,12,6,5,7,4,3,0,3,0.428571429,0.142857143,0.333333333,2,0.011904762,0.133333333,3
2024-25,2024/9/15,Tottenham,Arsenal,Home,0,1,15,7,5,4,7,6,5,0,0,0.333333333,0,0,8,-0.238095238,-0.25,1
2024-25,2024/9/15,Wolves,Newcastle,Home,1,2,12,14,5,6,4,7,3,0,0,0.416666667,0.083333333,0.2,-2,-0.011904762,-0.133333333,-3
2024-25,2024/9/21,Aston Villa,Wolves,Home,3,1,9,10,4,4,6,5,3,0,3,0.444444444,0.333333333,0.75,-1,0.044444444,0.5,1
2024-25,2024/9/21,Bournemouth,Liverpool,Away,0,3,19,19,6,13,9,3,4,0,0,0.315789474,0,0,0,-0.368421053,-0.230769231,6
2024-25,2024/9/21,Brentford,Tottenham,Away,1,3,6,23,6,10,4,9,1,0,0,1,0.166666667,0.166666667,-17,0.565217391,-0.133333333,-5
2024-25,2024/9/21,Chelsea,West Ham,Away,3,0,12,15,5,7,5,6,2,0,3,0.416666667,0.25,0.6,-3,-0.05,0.6,-1
2024-25,2024/9/21,Crystal Palace,Man United,Home,0,0,9,15,4,6,4,11,3,0,1,0.444444444,0,0,-6,0.044444444,0,-7
2024-25,2024/9/21,Everton,Leicester,Away,1,1,16,12,5,2,1,6,2,0,1,0.3125,0.0625,0.2,4,0.145833333,-0.3,-5
2024-25,2024/9/21,Fulham,Newcastle,Home,3,1,22,15,11,4,6,0,6,0,3,0.5,0.136363636,0.272727273,7,0.233333333,0.022727273,6
2024-25,2024/9/21,Ipswich,Southampton,Away,1,1,13,11,6,3,10,2,4,0,1,0.461538462,0.076923077,0.166666667,2,0.188811189,-0.166666667,8
2024-25,2024/9/21,Leicester,Everton,Home,1,1,12,16,2,5,6,1,1,0,1,0.166666667,0.083333333,0.5,-4,-0.145833333,0.3,5
2024-25,2024/9/21,Liverpool,Bournemouth,Home,3,0,19,19,13,6,3,9,1,0,3,0.684210526,0.157894737,0.230769231,0,0.368421053,0.230769231,-6
2024-25,2024/9/21,Man United,Crystal Palace,Away,0,0,15,9,6,4,11,4,1,0,1,0.4,0,0,6,-0.044444444,0,7
2024-25,2024/9/21,Newcastle,Fulham,Away,1,3,15,22,4,11,0,6,0,0,0,0.266666667,0.066666667,0.25,-7,-0.233333333,-0.022727273,-6
2024-25,2024/9/21,Southampton,Ipswich,Home,1,1,11,13,3,6,2,10,4,0,1,0.272727273,0.090909091,0.333333333,-2,-0.188811189,0.166666667,-8
2024-25,2024/9/21,Tottenham,Brentford,Home,3,1,23,6,10,6,9,4,3,0,3,0.434782609,0.130434783,0.3,17,-0.565217391,0.133333333,5
2024-25,2024/9/21,West Ham,Chelsea,Home,0,3,15,12,7,5,6,5,5,0,0,0.466666667,0,0,3,0.05,-0.6,1
2024-25,2024/9/21,Wolves,Aston Villa,Away,1,3,10,9,4,4,5,6,6,0,0,0.4,0.1,0.25,1,-0.044444444,-0.5,-1
2024-25,2024/9/22,Arsenal,Man City,Away,2,2,5,33,3,11,2,8,4,1,1,0.6,0.4,0.666666667,-28,0.266666667,0.484848485,-6
2024-25,2024/9/22,Brighton,Nott'm Forest,Home,2,2,14,4,3,3,9,1,3,0,1,0.214285714,0.142857143,0.666666667,10,-0.535714286,0,8
2024-25,2024/9/22,Man City,Arsenal,Home,2,2,33,5,11,3,8,2,3,0,1,0.333333333,0.060606061,0.181818182,28,-0.266666667,-0.484848485,6
2024-25,2024/9/22,Nott'm Forest,Brighton,Away,2,2,4,14,3,3,1,9,4,1,1,0.75,0.5,0.666666667,-10,0.535714286,0,-8
2024-25,2024/9/28,Arsenal,Leicester,Home,4,2,36,5,16,3,17,0,2,0,3,0.444444444,0.111111111,0.25,31,-0.155555556,-0.416666667,17
2024-25,2024/9/28,Brentford,West Ham,Home,1,1,8,19,3,3,7,7,2,0,1,0.375,0.125,0.333333333,-11,0.217105263,0,0
2024-25,2024/9/28,Brighton,Chelsea,Away,2,4,15,15,5,7,2,8,2,0,0,0.333333333,0.133333333,0.4,0,-0.133333333,-0.171428571,-6
2024-25,2024/9/28,Chelsea,Brighton,Home,4,2,15,15,7,5,8,2,3,0,3,0.466666667,0.266666667,0.571428571,0,0.133333333,0.171428571,6
2024-25,2024/9/28,Crystal Palace,Everton,Away,1,2,17,8,5,2,8,5,1,0,0,0.294117647,0.058823529,0.2,9,0.044117647,-0.8,3
2024-25,2024/9/28,Everton,Crystal Palace,Home,2,1,8,17,2,5,5,8,2,0,3,0.25,0.25,1,-9,-0.044117647,0.8,-3
2024-25,2024/9/28,Fulham,Nott'm Forest,Away,1,0,14,11,2,1,5,6,4,0,3,0.142857143,0.071428571,0.5,3,0.051948052,0.5,-1
2024-25,2024/9/28,Leicester,Arsenal,Away,2,4,5,36,3,16,0,17,4,0,0,0.6,0.4,0.666666667,-31,0.155555556,0.416666667,-17
2024-25,2024/9/28,Liverpool,Wolves,Away,2,1,10,8,6,3,10,2,3,0,3,0.6,0.2,0.333333333,2,0.225,0,8
2024-25,2024/9/28,Man City,Newcastle,Away,1,1,16,11,6,4,6,5,4,0,1,0.375,0.0625,0.166666667,5,0.011363636,-0.083333333,1
2024-25,2024/9/28,Newcastle,Man City,Home,1,1,11,16,4,6,5,6,4,0,1,0.363636364,0.090909091,0.25,-5,-0.011363636,0.083333333,-1
2024-25,2024/9/28,Nott'm Forest,Fulham,Home,0,1,11,14,1,2,6,5,2,0,0,0.090909091,0,0,-3,-0.051948052,-0.5,1
2024-25,2024/9/28,West Ham,Brentford,Away,1,1,19,8,3,3,7,7,3,0,1,0.157894737,0.052631579,0.333333333,11,-0.217105263,0,0
2024-25,2024/9/28,Wolves,Liverpool,Home,1,2,8,10,3,6,2,10,2,0,0,0.375,0.125,0.333333333,-2,-0.225,0,-8
2024-25,2024/9/29,Aston Villa,Ipswich,Away,2,2,7,15,3,5,0,10,1,0,1,0.428571429,0.285714286,0.666666667,-8,0.095238095,0.266666667,-10
2024-25,2024/9/29,Ipswich,Aston Villa,Home,2,2,15,7,5,3,10,0,4,0,1,0.333333333,0.133333333,0.4,8,-0.095238095,-0.266666667,10
2024-25,2024/9/29,Man United,Tottenham,Home,0,3,11,24,2,10,5,3,5,1,0,0.181818182,0,0,-13,-0.234848485,-0.3,2
2024-25,2024/9/29,Tottenham,Man United,Away,3,0,24,11,10,2,3,5,3,0,3,0.416666667,0.125,0.3,13,0.234848485,0.3,-2
2024-25,2024/9/30,Bournemouth,Southampton,Home,3,1,14,9,6,3,7,4,2,0,3,0.428571429,0.214285714,0.5,5,0.095238095,0.166666667,3
2024-25,2024/9/30,Southampton,Bournemouth,Away,1,3,9,14,3,6,4,7,5,0,0,0.333333333,0.111111111,0.333333333,-5,-0.095238095,-0.166666667,-3
2024-25,2024/10/5,Arsenal,Southampton,Home,3,1,29,8,6,2,13,1,0,0,3,0.206896552,0.103448276,0.5,21,-0.043103448,0,12
2024-25,2024/10/5,Bournemouth,Leicester,Away,0,1,17,6,2,2,9,0,1,0,0,0.117647059,0,0,11,-0.215686275,-0.5,9
2024-25,2024/10/5,Brentford,Wolves,Home,5,3,19,17,12,6,10,3,2,0,3,0.631578947,0.263157895,0.416666667,2,0.278637771,-0.083333333,7
2024-25,2024/10/5,Crystal Palace,Liverpool,Home,0,1,9,16,5,4,3,8,4,0,0,0.555555556,0,0,-7,0.305555556,-0.25,-5
2024-25,2024/10/5,Everton,Newcastle,Home,0,0,8,14,2,3,0,10,1,0,1,0.25,0,0,-6,0.035714286,0,-10
2024-25,2024/10/5,Fulham,Man City,Away,2,3,11,20,4,7,3,8,1,0,0,0.363636364,0.181818182,0.5,-9,0.013636364,0.071428571,-5
2024-25,2024/10/5,Ipswich,West Ham,Away,1,4,9,23,2,13,5,5,1,0,0,0.222222222,0.111111111,0.5,-14,-0.342995169,0.192307692,0
2024-25,2024/10/5,Leicester,Bournemouth,Home,1,0,6,17,2,2,0,9,4,0,3,0.333333333,0.166666667,0.5,-11,0.215686275,0.5,-9
2024-25,2024/10/5,Liverpool,Crystal Palace,Away,1,0,16,9,4,5,8,3,2,0,3,0.25,0.0625,0.25,7,-0.305555556,0.25,5
2024-25,2024/10/5,Man City,Fulham,Home,3,2,20,11,7,4,8,3,2,0,3,0.35,0.15,0.428571429,9,-0.013636364,-0.071428571,5
2024-25,2024/10/5,Newcastle,Everton,Away,0,0,14,8,3,2,10,0,2,0,1,0.214285714,0,0,6,-0.035714286,0,10
2024-25,2024/10/5,Southampton,Arsenal,Away,1,3,8,29,2,6,1,13,3,0,0,0.25,0.125,0.5,-21,0.043103448,0,-12
2024-25,2024/10/5,West Ham,Ipswich,Home,4,1,23,9,13,2,5,5,0,0,3,0.565217391,0.173913043,0.307692308,14,0.342995169,-0.192307692,0
2024-25,2024/10/5,Wolves,Brentford,Away,3,5,17,19,6,12,3,10,3,0,0,0.352941176,0.176470588,0.5,-2,-0.278637771,0.083333333,-7
2024-25,2024/10/6,Aston Villa,Man United,Home,0,0,11,10,1,4,6,3,1,0,1,0.090909091,0,0,1,-0.309090909,0,3
2024-25,2024/10/6,Brighton,Tottenham,Home,3,2,11,13,4,3,4,7,2,0,3,0.363636364,0.272727273,0.75,-2,0.132867133,0.083333333,-3
2024-25,2024/10/6,Chelsea,Nott'm Forest,Home,1,1,22,16,8,9,11,3,6,0,1,0.363636364,0.045454545,0.125,6,-0.198863636,0.013888889,8
2024-25,2024/10/6,Man United,Aston Villa,Away,0,0,10,11,4,1,3,6,5,0,1,0.4,0,0,-1,0.309090909,0,-3
2024-25,2024/10/6,Nott'm Forest,Chelsea,Away,1,1,16,22,9,8,3,11,2,1,1,0.5625,0.0625,0.111111111,-6,0.198863636,-0.013888889,-8
2024-25,2024/10/6,Tottenham,Brighton,Away,2,3,13,11,3,4,7,4,2,0,0,0.230769231,0.153846154,0.666666667,2,-0.132867133,-0.083333333,3
2024-25,2024/10/19,Arsenal,Bournemouth,Away,0,2,6,13,1,4,4,7,1,1,0,0.166666667,0,0,-7,-0.141025641,-0.5,-3
2024-25,2024/10/19,Aston Villa,Fulham,Away,3,1,14,10,5,4,11,6,3,1,3,0.357142857,0.214285714,0.6,4,-0.042857143,0.35,5
2024-25,2024/10/19,Bournemouth,Arsenal,Home,2,0,13,6,4,1,7,4,1,0,3,0.307692308,0.153846154,0.5,7,0.141025641,0.5,3
2024-25,2024/10/19,Brentford,Man United,Away,1,2,8,23,2,11,2,9,2,0,0,0.25,0.125,0.5,-15,-0.22826087,0.318181818,-7
2024-25,2024/10/19,Brighton,Newcastle,Away,1,0,10,21,5,6,4,9,2,0,3,0.5,0.1,0.2,-11,0.214285714,0.2,-5
2024-25,2024/10/19,Everton,Ipswich,Away,2,0,11,13,8,2,8,5,1,0,3,0.727272727,0.181818182,0.25,-2,0.573426573,0.25,3
2024-25,2024/10/19,Fulham,Aston Villa,Home,1,3,10,14,4,5,6,11,3,1,0,0.4,0.1,0.25,-4,0.042857143,-0.35,-5
2024-25,2024/10/19,Ipswich,Everton,Home,0,2,13,11,2,8,5,8,1,0,0,0.153846154,0,0,2,-0.573426573,-0.25,-3
2024-25,2024/10/19,Leicester,Southampton,Away,3,2,18,14,4,7,6,10,3,0,3,0.222222222,0.166666667,0.75,4,-0.277777778,0.464285714,-4
2024-25,2024/10/19,Man United,Brentford,Home,2,1,23,8,11,2,9,2,2,0,3,0.47826087,0.086956522,0.181818182,15,0.22826087,-0.318181818,7
2024-25,2024/10/19,Newcastle,Brighton,Home,0,1,21,10,6,5,9,4,2,0,0,0.285714286,0,0,11,-0.214285714,-0.2,5
2024-25,2024/10/19,Southampton,Leicester,Home,2,3,14,18,7,4,10,6,5,1,0,0.5,0.142857143,0.285714286,-4,0.277777778,-0.464285714,4
2024-25,2024/10/19,Tottenham,West Ham,Home,4,1,22,11,7,4,13,5,1,0,3,0.318181818,0.181818182,0.571428571,11,-0.045454545,0.321428571,8
2024-25,2024/10/19,West Ham,Tottenham,Away,1,4,11,22,4,7,5,13,3,1,0,0.363636364,0.090909091,0.25,-11,0.045454545,-0.321428571,-8
2024-25,2024/10/20,Chelsea,Liverpool,Away,1,2,12,9,2,5,6,1,3,0,0,0.166666667,0.083333333,0.5,3,-0.388888889,0.1,5
2024-25,2024/10/20,Liverpool,Chelsea,Home,2,1,9,12,5,2,1,6,4,0,3,0.555555556,0.222222222,0.4,-3,0.388888889,-0.1,-5
2024-25,2024/10/20,Man City,Wolves,Away,2,1,22,3,7,2,18,1,1,0,3,0.318181818,0.090909091,0.285714286,19,-0.348484848,-0.214285714,17
2024-25,2024/10/20,Wolves,Man City,Home,1,2,3,22,2,7,1,18,4,0,0,0.666666667,0.333333333,0.5,-19,0.348484848,0.214285714,-17
2024-25,2024/10/21,Crystal Palace,Nott'm Forest,Away,0,1,20,20,7,6,6,6,3,0,0,0.35,0,0,0,0.05,-0.166666667,0
2024-25,2024/10/21,Nott'm Forest,Crystal Palace,Home,1,0,20,20,6,7,6,6,2,0,3,0.3,0.05,0.166666667,0,-0.05,0.166666667,0
2024-25,2024/10/25,Leicester,Nott'm Forest,Home,1,3,11,20,1,5,6,7,5,0,0,0.090909091,0.090909091,1,-9,-0.159090909,0.4,-1
2024-25,2024/10/25,Nott'm Forest,Leicester,Away,3,1,20,11,5,1,7,6,2,0,3,0.25,0.15,0.6,9,0.159090909,-0.4,1
2024-25,2024/10/26,Aston Villa,Bournemouth,Home,1,1,18,11,8,3,9,7,7,0,1,0.444444444,0.055555556,0.125,7,0.171717172,-0.208333333,2
2024-25,2024/10/26,Bournemouth,Aston Villa,Away,1,1,11,18,3,8,7,9,6,0,1,0.272727273,0.090909091,0.333333333,-7,-0.171717172,0.208333333,-2
2024-25,2024/10/26,Brentford,Ipswich,Home,4,3,20,11,9,5,5,5,0,0,3,0.45,0.2,0.444444444,9,-0.004545455,-0.155555556,0
2024-25,2024/10/26,Brighton,Wolves,Home,2,2,19,14,6,7,9,6,3,0,1,0.315789474,0.105263158,0.333333333,5,-0.184210526,0.047619048,3
2024-25,2024/10/26,Everton,Fulham,Home,1,1,10,14,5,3,4,2,1,0,1,0.5,0.1,0.2,-4,0.285714286,-0.133333333,2
2024-25,2024/10/26,Fulham,Everton,Away,1,1,14,10,3,5,2,4,0,0,1,0.214285714,0.071428571,0.333333333,4,-0.285714286,0.133333333,-2
2024-25,2024/10/26,Ipswich,Brentford,Away,3,4,11,20,5,9,5,5,1,1,0,0.454545455,0.272727273,0.6,-9,0.004545455,0.155555556,0
2024-25,2024/10/26,Man City,Southampton,Home,1,0,22,5,8,2,12,1,1,0,3,0.363636364,0.045454545,0.125,17,-0.036363636,0.125,11
2024-25,2024/10/26,Southampton,Man City,Away,0,1,5,22,2,8,1,12,3,0,0,0.4,0,0,-17,0.036363636,-0.125,-11
2024-25,2024/10/26,Wolves,Brighton,Away,2,2,14,19,7,6,6,9,3,0,1,0.5,0.142857143,0.285714286,-5,0.184210526,-0.047619048,-3
2024-25,2024/10/27,Arsenal,Liverpool,Home,2,2,9,9,3,4,1,3,2,0,1,0.333333333,0.222222222,0.666666667,0,-0.111111111,0.166666667,-2
2024-25,2024/10/27,Chelsea,Newcastle,Home,2,1,17,11,7,3,7,4,6,0,3,0.411764706,0.117647059,0.285714286,6,0.139037433,-0.047619048,3
2024-25,2024/10/27,Crystal Palace,Tottenham,Home,1,0,14,11,6,3,8,8,4,0,3,0.428571429,0.071428571,0.166666667,3,0.155844156,0.166666667,0
2024-25,2024/10/27,Liverpool,Arsenal,Away,2,2,9,9,4,3,3,1,2,0,1,0.444444444,0.222222222,0.5,0,0.111111111,-0.166666667,2
2024-25,2024/10/27,Man United,West Ham,Away,1,2,18,12,5,3,5,6,1,0,0,0.277777778,0.055555556,0.2,6,0.027777778,-0.466666667,-1
2024-25,2024/10/27,Newcastle,Chelsea,Away,1,2,11,17,3,7,4,7,3,0,0,0.272727273,0.090909091,0.333333333,-6,-0.139037433,0.047619048,-3
2024-25,2024/10/27,Tottenham,Crystal Palace,Away,0,1,11,14,3,6,8,8,4,0,0,0.272727273,0,0,-3,-0.155844156,-0.166666667,0
2024-25,2024/10/27,West Ham,Man United,Home,2,1,12,18,3,5,6,5,5,0,3,0.25,0.166666667,0.666666667,-6,-0.027777778,0.466666667,1
2024-25,2024/11/2,Arsenal,Newcastle,Away,0,1,10,9,1,4,6,4,4,0,0,0.1,0,0,1,-0.344444444,-0.25,2
2024-25,2024/11/2,Bournemouth,Man City,Home,2,1,12,18,6,4,3,10,2,0,3,0.5,0.166666667,0.333333333,-6,0.277777778,0.083333333,-7
2024-25,2024/11/2,Brighton,Liverpool,Away,1,2,13,16,5,8,7,10,1,0,0,0.384615385,0.076923077,0.2,-3,-0.115384615,-0.05,-3
2024-25,2024/11/2,Crystal Palace,Wolves,Away,2,2,19,11,7,6,6,3,2,0,1,0.368421053,0.105263158,0.285714286,8,-0.177033493,-0.047619048,3
2024-25,2024/11/2,Everton,Southampton,Away,0,1,16,9,5,2,6,3,2,0,0,0.3125,0,0,7,0.090277778,-0.5,3
2024-25,2024/11/2,Ipswich,Leicester,Home,1,1,14,20,2,6,4,6,4,1,1,0.142857143,0.071428571,0.5,-6,-0.157142857,0.333333333,-2
2024-25,2024/11/2,Leicester,Ipswich,Away,1,1,20,14,6,2,6,4,2,0,1,0.3,0.05,0.166666667,6,0.157142857,-0.333333333,2
2024-25,2024/11/2,Liverpool,Brighton,Home,2,1,16,13,8,5,10,7,1,0,3,0.5,0.125,0.25,3,0.115384615,0.05,3
2024-25,2024/11/2,Man City,Bournemouth,Away,1,2,18,12,4,6,10,3,1,0,0,0.222222222,0.055555556,0.25,6,-0.277777778,-0.083333333,7
2024-25,2024/11/2,Newcastle,Arsenal,Home,1,0,9,10,4,1,4,6,4,0,3,0.444444444,0.111111111,0.25,-1,0.344444444,0.25,-2
2024-25,2024/11/2,Nott'm Forest,West Ham,Home,3,0,19,4,6,2,11,6,1,0,3,0.315789474,0.157894737,0.5,15,-0.184210526,0.5,5
2024-25,2024/11/2,Southampton,Everton,Home,1,0,9,16,2,5,3,6,4,0,3,0.222222222,0.111111111,0.5,-7,-0.090277778,0.5,-3
2024-25,2024/11/2,West Ham,Nott'm Forest,Away,0,3,4,19,2,6,6,11,2,1,0,0.5,0,0,-15,0.184210526,-0.5,-5
2024-25,2024/11/2,Wolves,Crystal Palace,Home,2,2,11,19,6,7,3,6,1,0,1,0.545454545,0.181818182,0.333333333,-8,0.177033493,0.047619048,-3
2024-25,2024/11/3,Aston Villa,Tottenham,Away,1,4,12,16,1,6,4,6,0,0,0,0.083333333,0.083333333,1,-4,-0.291666667,0.333333333,-2
2024-25,2024/11/3,Chelsea,Man United,Away,1,1,12,11,3,4,8,4,2,0,1,0.25,0.083333333,0.333333333,1,-0.113636364,0.083333333,4
2024-25,2024/11/3,Man United,Chelsea,Home,1,1,11,12,4,3,4,8,6,0,1,0.363636364,0.090909091,0.25,-1,0.113636364,-0.083333333,-4
2024-25,2024/11/3,Tottenham,Aston Villa,Home,4,1,16,12,6,1,6,4,2,0,3,0.375,0.25,0.666666667,4,0.291666667,-0.333333333,2
2024-25,2024/11/4,Brentford,Fulham,Away,1,2,5,26,2,12,3,11,1,0,0,0.4,0.2,0.5,-21,-0.061538462,0.333333333,-8
2024-25,2024/11/4,Fulham,Brentford,Home,2,1,26,5,12,2,11,3,2,0,3,0.461538462,0.076923077,0.166666667,21,0.061538462,-0.333333333,8
2024-25,2024/11/9,Aston Villa,Liverpool,Away,0,2,12,14,2,5,9,2,3,0,0,0.166666667,0,0,-2,-0.19047619,-0.4,7
2024-25,2024/11/9,Bournemouth,Brentford,Away,2,3,15,12,3,6,4,6,4,0,0,0.2,0.133333333,0.666666667,3,-0.3,0.166666667,-2
2024-25,2024/11/9,Brentford,Bournemouth,Home,3,2,12,15,6,3,6,4,2,0,3,0.5,0.25,0.5,-3,0.3,-0.166666667,2
2024-25,2024/11/9,Brighton,Man City,Home,2,1,10,15,4,6,0,4,3,0,3,0.4,0.2,0.5,-5,0,0.333333333,-4
2024-25,2024/11/9,Crystal Palace,Fulham,Home,0,2,13,17,5,7,1,8,1,1,0,0.384615385,0,0,-4,-0.027149321,-0.285714286,-7
2024-25,2024/11/9,Everton,West Ham,Away,0,0,18,11,4,6,6,7,2,0,1,0.222222222,0,0,7,-0.323232323,0,-1
2024-25,2024/11/9,Fulham,Crystal Palace,Away,2,0,17,13,7,5,8,1,1,0,3,0.411764706,0.117647059,0.285714286,4,0.027149321,0.285714286,7
2024-25,2024/11/9,Liverpool,Aston Villa,Home,2,0,14,12,5,2,2,9,0,0,3,0.357142857,0.142857143,0.4,2,0.19047619,0.4,-7
2024-25,2024/11/9,Man City,Brighton,Away,1,2,15,10,6,4,4,0,3,0,0,0.4,0.066666667,0.166666667,5,0,-0.333333333,4
2024-25,2024/11/9,Southampton,Wolves,Away,0,2,9,8,0,4,9,1,4,0,0,0,0,0,1,-0.5,-0.5,8
2024-25,2024/11/9,West Ham,Everton,Home,0,0,11,18,6,4,7,6,1,0,1,0.545454545,0,0,-7,0.323232323,0,1
2024-25,2024/11/9,Wolves,Southampton,Home,2,0,8,9,4,0,1,9,1,0,3,0.5,0.25,0.5,-1,0.5,0.5,-8
2024-25,2024/11/10,Arsenal,Chelsea,Away,1,1,13,17,3,3,3,4,2,0,1,0.230769231,0.076923077,0.333333333,-4,0.054298643,0,-1
2024-25,2024/11/10,Chelsea,Arsenal,Home,1,1,17,13,3,3,4,3,4,0,1,0.176470588,0.058823529,0.333333333,4,-0.054298643,0,1
2024-25,2024/11/10,Ipswich,Tottenham,Away,2,1,8,17,3,5,2,12,5,0,3,0.375,0.25,0.666666667,-9,0.080882353,0.466666667,-10
2024-25,2024/11/10,Leicester,Man United,Away,0,3,6,13,5,3,5,1,1,0,0,0.833333333,0,0,-7,0.602564103,-1,4
2024-25,2024/11/10,Man United,Leicester,Home,3,0,13,6,3,5,1,5,0,0,3,0.230769231,0.230769231,1,7,-0.602564103,1,-4
2024-25,2024/11/10,Newcastle,Nott'm Forest,Away,3,1,17,9,6,3,5,4,1,0,3,0.352941176,0.176470588,0.5,8,0.019607843,0.166666667,1
2024-25,2024/11/10,Nott'm Forest,Newcastle,Home,1,3,9,17,3,6,4,5,1,0,0,0.333333333,0.111111111,0.333333333,-8,-0.019607843,-0.166666667,-1
2024-25,2024/11/10,Tottenham,Ipswich,Home,1,2,17,8,5,3,12,2,1,0,0,0.294117647,0.058823529,0.2,9,-0.080882353,-0.466666667,10
2024-25,2024/11/23,Arsenal,Nott'm Forest,Home,3,0,19,7,7,0,8,1,3,0,3,0.368421053,0.157894737,0.428571429,12,0.368421053,0.428571429,7
2024-25,2024/11/23,Aston Villa,Crystal Palace,Home,2,2,17,13,5,6,10,1,3,0,1,0.294117647,0.117647059,0.4,4,-0.167420814,0.066666667,9
2024-25,2024/11/23,Bournemouth,Brighton,Home,1,2,19,6,5,4,7,0,2,0,0,0.263157895,0.052631579,0.2,13,-0.403508772,-0.3,7
2024-25,2024/11/23,Brentford,Everton,Away,0,0,9,27,2,5,4,10,0,1,1,0.222222222,0,0,-18,0.037037037,0,-6
2024-25,2024/11/23,Brighton,Bournemouth,Away,2,1,6,19,4,5,0,7,2,1,3,0.666666667,0.333333333,0.5,-13,0.403508772,0.3,-7
2024-25,2024/11/23,Chelsea,Leicester,Away,2,1,16,4,7,1,9,2,3,0,3,0.4375,0.125,0.285714286,12,0.1875,-0.714285714,7
2024-25,2024/11/23,Crystal Palace,Aston Villa,Away,2,2,13,17,6,5,1,10,2,0,1,0.461538462,0.153846154,0.333333333,-4,0.167420814,-0.066666667,-9
2024-25,2024/11/23,Everton,Brentford,Home,0,0,27,9,5,2,10,4,0,0,1,0.185185185,0,0,18,-0.037037037,0,6
2024-25,2024/11/23,Fulham,Wolves,Home,1,4,10,10,3,5,7,2,3,0,0,0.3,0.1,0.333333333,0,-0.2,-0.466666667,5
2024-25,2024/11/23,Leicester,Chelsea,Home,1,2,4,16,1,7,2,9,4,0,0,0.25,0.25,1,-12,-0.1875,0.714285714,-7
2024-25,2024/11/23,Man City,Tottenham,Home,0,4,23,9,5,7,9,3,4,0,0,0.217391304,0,0,14,-0.560386473,-0.571428571,6
2024-25,2024/11/23,Nott'm Forest,Arsenal,Away,0,3,7,19,0,7,1,8,2,0,0,0,0,0,-12,-0.368421053,-0.428571429,-7
2024-25,2024/11/23,Tottenham,Man City,Away,4,0,9,23,7,5,3,9,2,0,3,0.777777778,0.444444444,0.571428571,-14,0.560386473,0.571428571,-6
2024-25,2024/11/23,Wolves,Fulham,Away,4,1,10,10,5,3,2,7,0,0,3,0.5,0.4,0.8,0,0.2,0.466666667,-5
2024-25,2024/11/24,Ipswich,Man United,Home,1,1,11,11,6,4,4,3,0,0,1,0.545454545,0.090909091,0.166666667,0,0.181818182,-0.083333333,1
2024-25,2024/11/24,Liverpool,Southampton,Away,3,2,27,7,11,5,10,3,4,0,3,0.407407407,0.111111111,0.272727273,20,-0.306878307,-0.127272727,7
2024-25,2024/11/24,Man United,Ipswich,Away,1,1,11,11,4,6,3,4,0,0,1,0.363636364,0.090909091,0.25,0,-0.181818182,0.083333333,-1
2024-25,2024/11/24,Southampton,Liverpool,Home,2,3,7,27,5,11,3,10,3,0,0,0.714285714,0.285714286,0.4,-20,0.306878307,0.127272727,-7
2024-25,2024/11/25,Newcastle,West Ham,Home,0,2,18,15,2,6,8,3,1,0,0,0.111111111,0,0,3,-0.288888889,-0.333333333,5
2024-25,2024/11/25,West Ham,Newcastle,Away,2,0,15,18,6,2,3,8,0,0,3,0.4,0.133333333,0.333333333,-3,0.288888889,0.333333333,-5
2024-25,2024/11/29,Brighton,Southampton,Home,1,1,22,10,5,2,7,6,2,0,1,0.227272727,0.045454545,0.2,12,0.027272727,-0.3,1
2024-25,2024/11/29,Southampton,Brighton,Away,1,1,10,22,2,5,6,7,4,0,1,0.2,0.1,0.5,-12,-0.027272727,0.3,-1
2024-25,2024/11/30,Arsenal,West Ham,Away,5,2,16,12,7,5,10,2,1,0,3,0.4375,0.3125,0.714285714,4,0.020833333,0.314285714,8
2024-25,2024/11/30,Bournemouth,Wolves,Away,4,2,12,10,8,3,4,3,1,0,3,0.666666667,0.333333333,0.5,2,0.366666667,-0.166666667,1
2024-25,2024/11/30,Brentford,Leicester,Home,4,1,13,7,6,3,5,4,1,0,3,0.461538462,0.307692308,0.666666667,6,0.032967033,0.333333333,1
2024-25,2024/11/30,Crystal Palace,Newcastle,Home,1,1,16,1,4,0,8,9,3,0,1,0.25,0.0625,0.25,15,0.25,0.25,-1
2024-25,2024/11/30,Ipswich,Nott'm Forest,Away,0,1,7,12,3,5,7,8,3,0,0,0.428571429,0,0,-5,0.011904762,-0.2,-1
2024-25,2024/11/30,Leicester,Brentford,Away,1,4,7,13,3,6,4,5,1,0,0,0.428571429,0.142857143,0.333333333,-6,-0.032967033,-0.333333333,-1
2024-25,2024/11/30,Newcastle,Crystal Palace,Away,1,1,1,16,0,4,9,8,3,0,1,0,1,0,-15,-0.25,-0.25,1
2024-25,2024/11/30,Nott'm Forest,Ipswich,Home,1,0,12,7,5,3,8,7,1,0,3,0.416666667,0.083333333,0.2,5,-0.011904762,0.2,1
2024-25,2024/11/30,West Ham,Arsenal,Home,2,5,12,16,5,7,2,10,4,0,0,0.416666667,0.166666667,0.4,-4,-0.020833333,-0.314285714,-8
2024-25,2024/11/30,Wolves,Bournemouth,Home,2,4,10,12,3,8,3,4,4,0,0,0.3,0.2,0.666666667,-2,-0.366666667,0.166666667,-1
2024-25,2024/12/1,Aston Villa,Chelsea,Away,0,3,10,17,4,8,4,3,2,0,0,0.4,0,0,-7,-0.070588235,-0.375,1
2024-25,2024/12/1,Chelsea,Aston Villa,Home,3,0,17,10,8,4,3,4,2,0,3,0.470588235,0.176470588,0.375,7,0.070588235,0.375,-1
2024-25,2024/12/1,Everton,Man United,Away,0,4,8,11,2,5,2,2,3,0,0,0.25,0,0,-3,-0.204545455,-0.8,0
2024-25,2024/12/1,Fulham,Tottenham,Away,1,1,14,8,6,3,11,7,1,1,1,0.428571429,0.071428571,0.166666667,6,0.053571429,-0.166666667,4
2024-25,2024/12/1,Liverpool,Man City,Home,2,0,18,8,7,2,7,4,1,0,3,0.388888889,0.111111111,0.285714286,10,0.138888889,0.285714286,3
2024-25,2024/12/1,Man City,Liverpool,Away,0,2,8,18,2,7,4,7,3,0,0,0.25,0,0,-10,-0.138888889,-0.285714286,-3
2024-25,2024/12/1,Man United,Everton,Home,4,0,11,8,5,2,2,2,2,0,3,0.454545455,0.363636364,0.8,3,0.204545455,0.8,0
2024-25,2024/12/1,Tottenham,Fulham,Home,1,1,8,14,3,6,7,11,0,0,1,0.375,0.125,0.333333333,-6,-0.053571429,0.166666667,-4
2024-25,2024/12/3,Crystal Palace,Ipswich,Away,1,0,13,9,3,2,7,4,4,0,3,0.230769231,0.076923077,0.333333333,4,0.008547009,0.333333333,3
2024-25,2024/12/3,Ipswich,Crystal Palace,Home,0,1,9,13,2,3,4,7,2,0,0,0.222222222,0,0,-4,-0.008547009,-0.333333333,-3
2024-25,2024/12/3,Leicester,West Ham,Home,3,1,8,31,6,10,3,9,2,0,3,0.75,0.375,0.5,-23,0.427419355,0.4,-6
2024-25,2024/12/3,West Ham,Leicester,Away,1,3,31,8,10,6,9,3,2,0,0,0.322580645,0.032258065,0.1,23,-0.427419355,-0.4,6
2024-25,2024/12/4,Arsenal,Man United,Home,2,0,14,5,6,2,13,0,1,0,3,0.428571429,0.142857143,0.333333333,9,0.028571429,0.333333333,13
2024-25,2024/12/4,Aston Villa,Brentford,Home,3,1,20,9,10,1,10,5,2,0,3,0.5,0.15,0.3,11,0.388888889,-0.7,5
2024-25,2024/12/4,Brentford,Aston Villa,Away,1,3,9,20,1,10,5,10,2,0,0,0.111111111,0.111111111,1,-11,-0.388888889,0.7,-5
2024-25,2024/12/4,Chelsea,Southampton,Away,5,1,26,6,13,4,7,5,0,0,3,0.5,0.192307692,0.384615385,20,-0.166666667,0.134615385,2
2024-25,2024/12/4,Everton,Wolves,Home,4,0,13,6,4,2,3,4,2,0,3,0.307692308,0.307692308,1,7,-0.025641026,1,-1
2024-25,2024/12/4,Liverpool,Newcastle,Away,3,3,16,17,5,6,6,5,5,0,1,0.3125,0.1875,0.6,-1,-0.040441176,0.1,1
2024-25,2024/12/4,Man City,Nott'm Forest,Home,3,0,17,12,7,3,8,2,2,0,3,0.411764706,0.176470588,0.428571429,5,0.161764706,0.428571429,6
2024-25,2024/12/4,Man United,Arsenal,Away,0,2,5,14,2,6,0,13,3,0,0,0.4,0,0,-9,-0.028571429,-0.333333333,-13
2024-25,2024/12/4,Newcastle,Liverpool,Home,3,3,17,16,6,5,5,6,2,0,1,0.352941176,0.176470588,0.5,1,0.040441176,-0.1,-1
2024-25,2024/12/4,Nott'm Forest,Man City,Away,0,3,12,17,3,7,2,8,4,0,0,0.25,0,0,-5,-0.161764706,-0.428571429,-6
2024-25,2024/12/4,Southampton,Chelsea,Home,1,5,6,26,4,13,5,7,1,1,0,0.666666667,0.166666667,0.25,-20,0.166666667,-0.134615385,-2
2024-25,2024/12/4,Wolves,Everton,Away,0,4,6,13,2,4,4,3,0,0,0,0.333333333,0,0,-7,0.025641026,-1,1
2024-25,2024/12/5,Bournemouth,Tottenham,Home,1,0,21,12,8,4,5,9,2,0,3,0.380952381,0.047619048,0.125,9,0.047619048,0.125,-4
2024-25,2024/12/5,Brighton,Fulham,Away,1,3,13,6,3,2,6,5,2,0,0,0.230769231,0.076923077,0.333333333,7,-0.102564103,-1.166666667,1
2024-25,2024/12/5,Fulham,Brighton,Home,3,1,6,13,2,3,5,6,2,0,3,0.333333333,0.5,1.5,-7,0.102564103,1.166666667,-1
2024-25,2024/12/5,Tottenham,Bournemouth,Away,0,1,12,21,4,8,9,5,2,0,0,0.333333333,0,0,-9,-0.047619048,-0.125,4
2024-25,2024/12/7,Aston Villa,Southampton,Home,1,0,18,4,5,0,14,1,1,0,3,0.277777778,0.055555556,0.2,14,0.277777778,0.2,13
2024-25,2024/12/7,Brentford,Newcastle,Home,4,2,11,16,8,3,3,4,3,0,3,0.727272727,0.363636364,0.5,-5,0.539772727,-0.166666667,-1
2024-25,2024/12/7,Crystal Palace,Man City,Home,2,2,12,12,3,4,6,8,1,0,1,0.25,0.166666667,0.666666667,0,-0.083333333,0.166666667,-2
2024-25,2024/12/7,Man City,Crystal Palace,Away,2,2,12,12,4,3,8,6,0,1,1,0.333333333,0.166666667,0.5,0,0.083333333,-0.166666667,2
2024-25,2024/12/7,Man United,Nott'm Forest,Home,2,3,17,11,7,3,5,3,0,0,0,0.411764706,0.117647059,0.285714286,6,0.139037433,-0.714285714,2
2024-25,2024/12/7,Newcastle,Brentford,Away,2,4,16,11,3,8,4,3,0,0,0,0.1875,0.125,0.666666667,5,-0.539772727,0.166666667,1
2024-25,2024/12/7,Nott'm Forest,Man United,Away,3,2,11,17,3,7,3,5,2,0,3,0.272727273,0.272727273,1,-6,-0.139037433,0.714285714,-2
2024-25,2024/12/7,Southampton,Aston Villa,Away,0,1,4,18,0,5,1,14,3,0,0,0,0,0,-14,-0.277777778,-0.2,-13
2024-25,2024/12/8,Arsenal,Fulham,Away,1,1,12,2,4,2,6,0,2,0,1,0.333333333,0.083333333,0.25,10,-0.666666667,-0.25,6
2024-25,2024/12/8,Bournemouth,Ipswich,Away,2,1,22,18,6,5,13,6,1,0,3,0.272727273,0.090909091,0.333333333,4,-0.005050505,0.133333333,7
2024-25,2024/12/8,Brighton,Leicester,Away,2,2,16,10,7,3,5,5,2,0,1,0.4375,0.125,0.285714286,6,0.1375,-0.380952381,0
2024-25,2024/12/8,Chelsea,Tottenham,Away,4,3,17,13,8,5,10,5,2,0,3,0.470588235,0.235294118,0.5,4,0.085972851,-0.1,5
2024-25,2024/12/8,Fulham,Arsenal,Home,1,1,2,12,2,4,0,6,4,0,1,1,0.5,0.5,-10,0.666666667,0.25,-6
2024-25,2024/12/8,Ipswich,Bournemouth,Home,1,2,18,22,5,6,6,13,2,0,0,0.277777778,0.055555556,0.2,-4,0.005050505,-0.133333333,-7
2024-25,2024/12/8,Leicester,Brighton,Home,2,2,10,16,3,7,5,5,1,0,1,0.3,0.2,0.666666667,-6,-0.1375,0.380952381,0
2024-25,2024/12/8,Tottenham,Chelsea,Home,3,4,13,17,5,8,5,10,2,0,0,0.384615385,0.230769231,0.6,-4,-0.085972851,0.1,-5
2024-25,2024/12/9,West Ham,Wolves,Home,2,1,19,19,4,5,11,0,5,0,3,0.210526316,0.105263158,0.5,0,-0.052631579,0.3,11
2024-25,2024/12/9,Wolves,West Ham,Away,1,2,19,19,5,4,0,11,4,0,0,0.263157895,0.052631579,0.2,0,0.052631579,-0.3,-11
2024-25,2024/12/14,Arsenal,Everton,Home,0,0,13,2,5,0,8,2,0,0,1,0.384615385,0,0,11,0.384615385,0,6
2024-25,2024/12/14,Aston Villa,Nott'm Forest,Away,1,2,8,17,2,6,3,4,1,0,0,0.25,0.125,0.5,-9,-0.102941176,0.166666667,-1
2024-25,2024/12/14,Everton,Arsenal,Away,0,0,2,13,0,5,2,8,3,0,1,0,0,0,-11,-0.384615385,0,-6
2024-25,2024/12/14,Fulham,Liverpool,Away,2,2,12,16,3,4,4,5,4,0,1,0.25,0.166666667,0.666666667,-4,0,0.166666667,-1
2024-25,2024/12/14,Ipswich,Wolves,Away,2,1,10,16,5,6,3,7,2,0,3,0.5,0.2,0.4,-6,0.125,0.233333333,-4
2024-25,2024/12/14,Leicester,Newcastle,Away,0,4,4,27,1,11,2,5,3,0,0,0.25,0,0,-23,-0.157407407,-0.363636364,-3
2024-25,2024/12/14,Liverpool,Fulham,Home,2,2,16,12,4,3,5,4,3,1,1,0.25,0.125,0.5,4,0,-0.166666667,1
2024-25,2024/12/14,Newcastle,Leicester,Home,4,0,27,4,11,1,5,2,3,0,3,0.407407407,0.148148148,0.363636364,23,0.157407407,0.363636364,3
2024-25,2024/12/14,Nott'm Forest,Aston Villa,Home,2,1,17,8,6,2,4,3,0,0,3,0.352941176,0.117647059,0.333333333,9,0.102941176,-0.166666667,1
2024-25,2024/12/14,Wolves,Ipswich,Home,1,2,16,10,6,5,7,3,0,1,0,0.375,0.0625,0.166666667,6,-0.125,-0.233333333,4
2024-25,2024/12/15,Brentford,Chelsea,Away,1,2,9,26,4,8,5,8,2,0,0,0.444444444,0.111111111,0.25,-17,0.136752137,0,-3
2024-25,2024/12/15,Brighton,Crystal Palace,Home,1,3,17,13,5,5,8,5,1,0,0,0.294117647,0.058823529,0.2,4,-0.090497738,-0.4,3
2024-25,2024/12/15,Chelsea,Brentford,Home,2,1,26,9,8,4,8,5,0,1,3,0.307692308,0.076923077,0.25,17,-0.136752137,0,3
2024-25,2024/12/15,Crystal Palace,Brighton,Away,3,1,13,17,5,5,5,8,4,0,3,0.384615385,0.230769231,0.6,-4,0.090497738,0.4,-3
2024-25,2024/12/15,Man City,Man United,Home,1,2,10,10,3,3,8,2,1,0,0,0.3,0.1,0.333333333,0,0,-0.333333333,6
2024-25,2024/12/15,Man United,Man City,Away,2,1,10,10,3,3,2,8,1,0,3,0.3,0.2,0.666666667,0,0,0.333333333,-6
2024-25,2024/12/15,Southampton,Tottenham,Home,0,5,9,18,3,9,2,5,1,0,0,0.333333333,0,0,-9,-0.166666667,-0.555555556,-3
2024-25,2024/12/15,Tottenham,Southampton,Away,5,0,18,9,9,3,5,2,3,0,3,0.5,0.277777778,0.555555556,9,0.166666667,0.555555556,3
2024-25,2024/12/16,Bournemouth,West Ham,Home,1,1,29,16,9,3,12,6,0,0,1,0.310344828,0.034482759,0.111111111,13,0.122844828,-0.222222222,6
2024-25,2024/12/16,West Ham,Bournemouth,Away,1,1,16,29,3,9,6,12,2,0,1,0.1875,0.0625,0.333333333,-13,-0.122844828,0.222222222,-6
2024-25,2024/12/21,Arsenal,Crystal Palace,Away,5,1,14,15,6,6,3,3,2,0,3,0.428571429,0.357142857,0.833333333,-1,0.028571429,0.666666667,0
2024-25,2024/12/21,Aston Villa,Man City,Home,2,1,11,12,6,6,5,4,3,0,3,0.545454545,0.181818182,0.333333333,-1,0.045454545,0.166666667,1
2024-25,2024/12/21,Brentford,Nott'm Forest,Home,0,2,7,10,3,6,9,5,3,0,0,0.428571429,0,0,-3,-0.171428571,-0.333333333,4
2024-25,2024/12/21,Brighton,West Ham,Away,1,1,12,11,6,4,4,8,2,0,1,0.5,0.083333333,0.166666667,1,0.136363636,-0.083333333,-4
2024-25,2024/12/21,Crystal Palace,Arsenal,Home,1,5,15,14,6,6,3,3,2,0,0,0.4,0.066666667,0.166666667,1,-0.028571429,-0.666666667,0
2024-25,2024/12/21,Ipswich,Newcastle,Home,0,4,10,15,2,7,2,1,2,0,0,0.2,0,0,-5,-0.266666667,-0.571428571,1
2024-25,2024/12/21,Man City,Aston Villa,Away,1,2,12,11,6,6,4,5,3,0,0,0.5,0.083333333,0.166666667,1,-0.045454545,-0.166666667,-1
2024-25,2024/12/21,Newcastle,Ipswich,Away,4,0,15,10,7,2,1,2,0,0,3,0.466666667,0.266666667,0.571428571,5,0.266666667,0.571428571,-1
2024-25,2024/12/21,Nott'm Forest,Brentford,Away,2,0,10,7,6,3,5,9,4,0,3,0.6,0.2,0.333333333,3,0.171428571,0.333333333,-4
2024-25,2024/12/21,West Ham,Brighton,Home,1,1,11,12,4,6,8,4,2,0,1,0.363636364,0.090909091,0.25,-1,-0.136363636,0.083333333,4
2024-25,2024/12/22,Bournemouth,Man United,Away,3,0,10,23,5,7,1,13,3,0,3,0.5,0.3,0.6,-13,0.195652174,0.6,-12
2024-25,2024/12/22,Chelsea,Everton,Away,0,0,12,5,5,4,5,2,1,0,1,0.416666667,0,0,7,-0.383333333,0,3
2024-25,2024/12/22,Everton,Chelsea,Home,0,0,5,12,4,5,2,5,4,0,1,0.8,0,0,-7,0.383333333,0,-3
2024-25,2024/12/22,Fulham,Southampton,Home,0,0,16,5,5,1,6,5,1,0,1,0.3125,0,0,11,0.1125,0,1
2024-25,2024/12/22,Leicester,Wolves,Home,0,3,9,8,5,4,6,1,2,0,0,0.555555556,0,0,1,0.055555556,-0.75,5
2024-25,2024/12/22,Liverpool,Tottenham,Away,6,3,24,9,12,5,5,7,2,0,3,0.5,0.25,0.5,15,-0.055555556,-0.1,-2
2024-25,2024/12/22,Man United,Bournemouth,Home,0,3,23,10,7,5,13,1,1,0,0,0.304347826,0,0,13,-0.195652174,-0.6,12
2024-25,2024/12/22,Southampton,Fulham,Away,0,0,5,16,1,5,5,6,3,0,1,0.2,0,0,-11,-0.1125,0,-1
2024-25,2024/12/22,Tottenham,Liverpool,Home,3,6,9,24,5,12,7,5,1,0,0,0.555555556,0.333333333,0.6,-15,0.055555556,0.1,2
2024-25,2024/12/22,Wolves,Leicester,Away,3,0,8,9,4,5,1,6,0,0,3,0.5,0.375,0.75,-1,-0.055555556,0.75,-5
2024-25,2024/12/26,Aston Villa,Newcastle,Away,0,3,4,22,1,8,6,9,1,1,0,0.25,0,0,-18,-0.113636364,-0.375,-3
2024-25,2024/12/26,Bournemouth,Crystal Palace,Home,0,0,18,10,4,4,5,2,2,0,1,0.222222222,0,0,8,-0.177777778,0,3
2024-25,2024/12/26,Chelsea,Fulham,Home,1,2,12,14,8,7,3,1,1,0,0,0.666666667,0.083333333,0.125,-2,0.166666667,-0.160714286,2
2024-25,2024/12/26,Crystal Palace,Bournemouth,Away,0,0,10,18,4,4,2,5,2,0,1,0.4,0,0,-8,0.177777778,0,-3
2024-25,2024/12/26,Everton,Man City,Away,1,1,8,24,3,5,5,8,4,0,1,0.375,0.125,0.333333333,-16,0.166666667,0.133333333,-3
2024-25,2024/12/26,Fulham,Chelsea,Away,2,1,14,12,7,8,1,3,3,0,3,0.5,0.142857143,0.285714286,2,-0.166666667,0.160714286,-2
2024-25,2024/12/26,Leicester,Liverpool,Away,1,3,4,19,1,7,1,14,2,0,0,0.25,0.25,1,-15,-0.118421053,0.571428571,-13
2024-25,2024/12/26,Liverpool,Leicester,Home,3,1,19,4,7,1,14,1,3,0,3,0.368421053,0.157894737,0.428571429,15,0.118421053,-0.571428571,13
2024-25,2024/12/26,Man City,Everton,Home,1,1,24,8,5,3,8,5,1,0,1,0.208333333,0.041666667,0.2,16,-0.166666667,-0.133333333,3
2024-25,2024/12/26,Man United,Wolves,Away,0,2,11,7,4,4,4,4,2,1,0,0.363636364,0,0,4,-0.207792208,-0.5,0
2024-25,2024/12/26,Newcastle,Aston Villa,Home,3,0,22,4,8,1,9,6,2,0,3,0.363636364,0.136363636,0.375,18,0.113636364,0.375,3
2024-25,2024/12/26,Nott'm Forest,Tottenham,Home,1,0,10,13,3,4,2,7,3,0,3,0.3,0.1,0.333333333,-3,-0.007692308,0.333333333,-5
2024-25,2024/12/26,Southampton,West Ham,Home,0,1,18,16,5,2,2,2,1,0,0,0.277777778,0,0,2,0.152777778,-0.5,0
2024-25,2024/12/26,Tottenham,Nott'm Forest,Away,0,1,13,10,4,3,7,2,2,1,0,0.307692308,0,0,3,0.007692308,-0.333333333,5
2024-25,2024/12/26,West Ham,Southampton,Away,1,0,16,18,2,5,2,2,2,0,3,0.125,0.0625,0.5,-2,-0.152777778,0.5,0
2024-25,2024/12/26,Wolves,Man United,Home,2,0,7,11,4,4,4,4,2,0,3,0.571428571,0.285714286,0.5,-4,0.207792208,0.5,0
2024-25,2024/12/27,Arsenal,Ipswich,Home,1,0,13,3,5,0,5,1,1,0,3,0.384615385,0.076923077,0.2,10,0.384615385,0.2,4
2024-25,2024/12/27,Brentford,Brighton,Away,0,0,8,24,3,7,3,5,2,0,1,0.375,0,0,-16,0.083333333,0,-2
2024-25,2024/12/27,Brighton,Brentford,Home,0,0,24,8,7,3,5,3,0,0,1,0.291666667,0,0,16,-0.083333333,0,2
2024-25,2024/12/27,Ipswich,Arsenal,Away,0,1,3,13,0,5,1,5,1,0,0,0,0,0,-10,-0.384615385,-0.2,-4
2024-25,2024/12/29,Bournemouth,Fulham,Away,2,2,16,11,9,6,7,1,3,0,1,0.5625,0.125,0.222222222,5,0.017045455,-0.111111111,6
2024-25,2024/12/29,Crystal Palace,Southampton,Home,2,1,19,7,10,3,8,7,2,0,3,0.526315789,0.105263158,0.2,12,0.097744361,-0.133333333,1
2024-25,2024/12/29,Everton,Nott'm Forest,Home,0,2,13,11,2,7,5,4,4,0,0,0.153846154,0,0,2,-0.482517483,-0.285714286,1
2024-25,2024/12/29,Fulham,Bournemouth,Home,2,2,11,16,6,9,1,7,1,0,1,0.545454545,0.181818182,0.333333333,-5,-0.017045455,0.111111111,-6
2024-25,2024/12/29,Leicester,Man City,Home,0,2,11,14,4,5,4,4,2,0,0,0.363636364,0,0,-3,0.006493506,-0.4,0
2024-25,2024/12/29,Liverpool,West Ham,Away,5,0,22,7,13,0,6,3,0,0,3,0.590909091,0.227272727,0.384615385,15,0.590909091,0.384615385,3
2024-25,2024/12/29,Man City,Leicester,Away,2,0,14,11,5,4,4,4,1,0,3,0.357142857,0.142857143,0.4,3,-0.006493506,0.4,0
2024-25,2024/12/29,Nott'm Forest,Everton,Away,2,0,11,13,7,2,4,5,1,0,3,0.636363636,0.181818182,0.285714286,-2,0.482517483,0.285714286,-1
2024-25,2024/12/29,Southampton,Crystal Palace,Away,1,2,7,19,3,10,7,8,3,0,0,0.428571429,0.142857143,0.333333333,-12,-0.097744361,0.133333333,-1
2024-25,2024/12/29,Tottenham,Wolves,Home,2,2,13,11,3,3,5,5,1,0,1,0.230769231,0.153846154,0.666666667,2,-0.041958042,0,0
2024-25,2024/12/29,West Ham,Liverpool,Home,0,5,7,22,0,13,3,6,0,0,0,0,0,0,-15,-0.590909091,-0.384615385,-3
2024-25,2024/12/29,Wolves,Tottenham,Away,2,2,11,13,3,3,5,5,2,0,1,0.272727273,0.181818182,0.666666667,-2,0.041958042,0,0
2024-25,2024/12/30,Aston Villa,Brighton,Home,2,2,20,13,4,4,12,3,2,0,1,0.2,0.1,0.5,7,-0.107692308,0,9
2024-25,2024/12/30,Brighton,Aston Villa,Away,2,2,13,20,4,4,3,12,3,0,1,0.307692308,0.153846154,0.5,-7,0.107692308,0,-9
2024-25,2024/12/30,Chelsea,Ipswich,Away,0,2,20,9,5,6,7,4,4,0,0,0.25,0,0,11,-0.416666667,-0.333333333,3
2024-25,2024/12/30,Ipswich,Chelsea,Home,2,0,9,20,6,5,4,7,4,0,3,0.666666667,0.222222222,0.333333333,-11,0.416666667,0.333333333,-3
2024-25,2024/12/30,Man United,Newcastle,Home,0,2,10,12,0,4,2,3,1,0,0,0,0,0,-2,-0.333333333,-0.5,-1
2024-25,2024/12/30,Newcastle,Man United,Away,2,0,12,10,4,0,3,2,1,0,3,0.333333333,0.166666667,0.5,2,0.333333333,0.5,1
2024-25,2025/1/1,Arsenal,Brentford,Away,3,1,14,5,5,2,3,4,2,0,3,0.357142857,0.214285714,0.6,9,-0.042857143,0.1,-1
2024-25,2025/1/1,Brentford,Arsenal,Home,1,3,5,14,2,5,4,3,1,0,0,0.4,0.2,0.5,-9,0.042857143,-0.1,1
2024-25,2025/1/4,Arsenal,Brighton,Away,1,1,9,11,3,4,5,2,3,0,1,0.333333333,0.111111111,0.333333333,-2,-0.03030303,0.083333333,3
2024-25,2025/1/4,Aston Villa,Leicester,Home,2,1,13,4,5,2,7,2,0,0,3,0.384615385,0.153846154,0.4,9,-0.115384615,-0.1,5
2024-25,2025/1/4,Bournemouth,Everton,Home,1,0,19,9,8,0,9,3,2,0,3,0.421052632,0.052631579,0.125,10,0.421052632,0.125,6
2024-25,2025/1/4,Brentford,Southampton,Away,5,0,20,8,11,1,2,2,0,0,3,0.55,0.25,0.454545455,12,0.425,0.454545455,0
2024-25,2025/1/4,Brighton,Arsenal,Home,1,1,11,9,4,3,2,5,2,0,1,0.363636364,0.090909091,0.25,2,0.03030303,-0.083333333,-3
2024-25,2025/1/4,Chelsea,Crystal Palace,Away,1,1,15,13,1,6,6,6,2,0,1,0.066666667,0.066666667,1,2,-0.394871795,0.833333333,0
2024-25,2025/1/4,Crystal Palace,Chelsea,Home,1,1,13,15,6,1,6,6,0,0,1,0.461538462,0.076923077,0.166666667,-2,0.394871795,-0.833333333,0
2024-25,2025/1/4,Everton,Bournemouth,Away,0,1,9,19,0,8,3,9,2,0,0,0,0,0,-10,-0.421052632,-0.125,-6
2024-25,2025/1/4,Leicester,Aston Villa,Away,1,2,4,13,2,5,2,7,1,0,0,0.5,0.25,0.5,-9,0.115384615,0.1,-5
2024-25,2025/1/4,Man City,West Ham,Home,4,1,10,17,7,4,7,1,2,0,3,0.7,0.4,0.571428571,-7,0.464705882,0.321428571,6
2024-25,2025/1/4,Newcastle,Tottenham,Away,2,1,14,13,4,4,10,9,4,0,3,0.285714286,0.142857143,0.5,1,-0.021978022,0.25,1
2024-25,2025/1/4,Southampton,Brentford,Home,0,5,8,20,1,11,2,2,2,0,0,0.125,0,0,-12,-0.425,-0.454545455,0
2024-25,2025/1/4,Tottenham,Newcastle,Home,1,2,13,14,4,4,9,10,1,0,0,0.307692308,0.076923077,0.25,-1,0.021978022,-0.25,-1
2024-25,2025/1/4,West Ham,Man City,Away,1,4,17,10,4,7,1,7,1,0,0,0.235294118,0.058823529,0.25,7,-0.464705882,-0.321428571,-6
2024-25,2025/1/5,Fulham,Ipswich,Home,2,2,15,7,4,3,9,2,1,0,1,0.266666667,0.133333333,0.5,8,-0.161904762,-0.166666667,7
2024-25,2025/1/5,Ipswich,Fulham,Away,2,2,7,15,3,4,2,9,5,0,1,0.428571429,0.285714286,0.666666667,-8,0.161904762,0.166666667,-7
2024-25,2025/1/5,Liverpool,Man United,Home,2,2,19,13,6,4,6,9,2,0,1,0.315789474,0.105263158,0.333333333,6,0.008097166,-0.166666667,-3
2024-25,2025/1/5,Man United,Liverpool,Away,2,2,13,19,4,6,9,6,4,0,1,0.307692308,0.153846154,0.5,-6,-0.008097166,0.166666667,3
2024-25,2025/1/6,Nott'm Forest,Wolves,Away,3,0,11,13,3,6,3,5,2,0,3,0.272727273,0.272727273,1,-2,-0.188811189,1,-2
2024-25,2025/1/6,Wolves,Nott'm Forest,Home,0,3,13,11,6,3,5,3,1,0,0,0.461538462,0,0,2,0.188811189,-1,2
2024-25,2025/1/14,Bournemouth,Chelsea,Away,2,2,7,26,3,10,3,9,3,0,1,0.428571429,0.285714286,0.666666667,-19,0.043956044,0.466666667,-6
2024-25,2025/1/14,Brentford,Man City,Home,2,2,18,21,6,8,4,5,0,0,1,0.333333333,0.111111111,0.333333333,-3,-0.047619048,0.083333333,-1
2024-25,2025/1/14,Chelsea,Bournemouth,Home,2,2,26,7,10,3,9,3,2,0,1,0.384615385,0.076923077,0.2,19,-0.043956044,-0.466666667,6
2024-25,2025/1/14,Fulham,West Ham,Away,2,3,21,4,5,3,3,0,3,0,0,0.238095238,0.095238095,0.4,17,-0.511904762,-0.6,3
2024-25,2025/1/14,Liverpool,Nott'm Forest,Away,1,1,23,6,7,3,9,0,1,0,1,0.304347826,0.043478261,0.142857143,17,-0.195652174,-0.19047619,9
2024-25,2025/1/14,Man City,Brentford,Away,2,2,21,18,8,6,5,4,0,0,1,0.380952381,0.095238095,0.25,3,0.047619048,-0.083333333,1
2024-25,2025/1/14,Nott'm Forest,Liverpool,Home,1,1,6,23,3,7,0,9,2,0,1,0.5,0.166666667,0.333333333,-17,0.195652174,0.19047619,-9
2024-25,2025/1/14,West Ham,Fulham,Home,3,2,4,21,3,5,0,3,3,0,3,0.75,0.75,1,-17,0.511904762,0.6,-3
2024-25,2025/1/15,Arsenal,Tottenham,Home,2,1,14,10,4,2,10,4,3,0,3,0.285714286,0.142857143,0.5,4,0.085714286,0,6
2024-25,2025/1/15,Aston Villa,Everton,Away,1,0,11,10,3,3,5,8,1,0,3,0.272727273,0.090909091,0.333333333,1,-0.027272727,0.333333333,-3
2024-25,2025/1/15,Crystal Palace,Leicester,Away,2,0,9,21,4,4,3,4,0,0,3,0.444444444,0.222222222,0.5,-12,0.253968254,0.5,-1
2024-25,2025/1/15,Everton,Aston Villa,Home,0,1,10,11,3,3,8,5,2,0,0,0.3,0,0,-1,0.027272727,-0.333333333,3
2024-25,2025/1/15,Leicester,Crystal Palace,Home,0,2,21,9,4,4,4,3,0,0,0,0.19047619,0,0,12,-0.253968254,-0.5,1
2024-25,2025/1/15,Newcastle,Wolves,Home,3,0,17,13,5,7,4,2,0,0,3,0.294117647,0.176470588,0.6,4,-0.244343891,0.6,2
2024-25,2025/1/15,Tottenham,Arsenal,Away,1,2,10,14,2,4,4,10,1,0,0,0.2,0.1,0.5,-4,-0.085714286,0,-6
2024-25,2025/1/15,Wolves,Newcastle,Away,0,3,13,17,7,5,2,4,2,0,0,0.538461538,0,0,-4,0.244343891,-0.6,-2
2024-25,2025/1/16,Brighton,Ipswich,Away,2,0,11,5,5,3,9,1,2,0,3,0.454545455,0.181818182,0.4,6,-0.145454545,0.4,8
2024-25,2025/1/16,Ipswich,Brighton,Home,0,2,5,11,3,5,1,9,2,0,0,0.6,0,0,-6,0.145454545,-0.4,-8
2024-25,2025/1/16,Man United,Southampton,Home,3,1,23,13,9,5,5,4,1,0,3,0.391304348,0.130434783,0.333333333,10,0.006688963,0.133333333,1
2024-25,2025/1/16,Southampton,Man United,Away,1,3,13,23,5,9,4,5,3,0,0,0.384615385,0.076923077,0.2,-10,-0.006688963,-0.133333333,-1
2024-25,2025/1/18,Arsenal,Aston Villa,Home,2,2,18,8,6,4,10,1,2,0,1,0.333333333,0.111111111,0.333333333,10,-0.166666667,-0.166666667,9
2024-25,2025/1/18,Aston Villa,Arsenal,Away,2,2,8,18,4,6,1,10,3,0,1,0.5,0.25,0.5,-10,0.166666667,0.166666667,-9
2024-25,2025/1/18,Bournemouth,Newcastle,Away,4,1,19,13,10,5,6,7,6,0,3,0.526315789,0.210526316,0.4,6,0.141700405,0.2,-1
2024-25,2025/1/18,Brentford,Liverpool,Home,0,2,11,37,6,8,2,15,2,0,0,0.545454545,0,0,-26,0.329238329,-0.25,-13
2024-25,2025/1/18,Crystal Palace,West Ham,Away,2,0,12,7,7,0,4,2,0,0,3,0.583333333,0.166666667,0.285714286,5,0.583333333,0.285714286,2
2024-25,2025/1/18,Fulham,Leicester,Away,2,0,17,8,2,4,2,5,1,0,3,0.117647059,0.117647059,1,9,-0.382352941,1,-3
2024-25,2025/1/18,Leicester,Fulham,Home,0,2,8,17,4,2,5,2,3,0,0,0.5,0,0,-9,0.382352941,-1,3
2024-25,2025/1/18,Liverpool,Brentford,Away,2,0,37,11,8,6,15,2,3,0,3,0.216216216,0.054054054,0.25,26,-0.329238329,0.25,13
2024-25,2025/1/18,Newcastle,Bournemouth,Home,1,4,13,19,5,10,7,6,1,0,0,0.384615385,0.076923077,0.2,-6,-0.141700405,-0.2,1
2024-25,2025/1/18,West Ham,Crystal Palace,Home,0,2,7,12,0,7,2,4,1,1,0,0,0,0,-5,-0.583333333,-0.285714286,-2
2024-25,2025/1/19,Brighton,Man United,Away,3,1,6,10,3,1,2,4,3,0,3,0.5,0.5,1,-4,0.4,0,-2
2024-25,2025/1/19,Everton,Tottenham,Home,3,2,12,11,6,6,3,8,2,0,3,0.5,0.25,0.5,1,-0.045454545,0.166666667,-5
2024-25,2025/1/19,Ipswich,Man City,Home,0,6,8,17,4,9,4,7,0,0,0,0.5,0,0,-9,-0.029411765,-0.666666667,-3
2024-25,2025/1/19,Man City,Ipswich,Away,6,0,17,8,9,4,7,4,1,0,3,0.529411765,0.352941176,0.666666667,9,0.029411765,0.666666667,3
2024-25,2025/1/19,Man United,Brighton,Home,1,3,10,6,1,3,4,2,3,0,0,0.1,0.1,1,4,-0.4,0,2
2024-25,2025/1/19,Nott'm Forest,Southampton,Home,3,2,14,10,5,4,2,8,0,0,3,0.357142857,0.214285714,0.6,4,-0.042857143,0.1,-6
2024-25,2025/1/19,Southampton,Nott'm Forest,Away,2,3,10,14,4,5,8,2,4,0,0,0.4,0.2,0.5,-4,0.042857143,-0.1,6
2024-25,2025/1/19,Tottenham,Everton,Away,2,3,11,12,6,6,8,3,1,0,0,0.545454545,0.181818182,0.333333333,-1,0.045454545,-0.166666667,5
2024-25,2025/1/20,Chelsea,Wolves,Home,3,1,19,9,7,4,3,6,4,0,3,0.368421053,0.157894737,0.428571429,10,-0.076023392,0.178571429,-3
2024-25,2025/1/20,Wolves,Chelsea,Away,1,3,9,19,4,7,6,3,2,0,0,0.444444444,0.111111111,0.25,-10,0.076023392,-0.178571429,3
2024-25,2025/1/25,Arsenal,Wolves,Away,1,0,9,9,3,4,5,1,1,1,3,0.333333333,0.111111111,0.333333333,0,-0.111111111,0.333333333,4
2024-25,2025/1/25,Bournemouth,Nott'm Forest,Home,5,0,16,18,10,4,3,9,2,0,3,0.625,0.3125,0.5,-2,0.402777778,0.5,-6
2024-25,2025/1/25,Brighton,Everton,Home,0,1,16,3,1,1,9,1,3,0,0,0.0625,0,0,13,-0.270833333,-1,8
2024-25,2025/1/25,Chelsea,Man City,Away,1,3,10,15,4,6,4,2,2,0,0,0.4,0.1,0.25,-5,0,-0.25,2
2024-25,2025/1/25,Everton,Brighton,Away,1,0,3,16,1,1,1,9,4,0,3,0.333333333,0.333333333,1,-13,0.270833333,1,-8
2024-25,2025/1/25,Ipswich,Liverpool,Away,1,4,3,16,3,6,4,3,2,0,0,1,0.333333333,0.333333333,-13,0.625,-0.333333333,1
2024-25,2025/1/25,Liverpool,Ipswich,Home,4,1,16,3,6,3,3,4,0,0,3,0.375,0.25,0.666666667,13,-0.625,0.333333333,-1
2024-25,2025/1/25,Man City,Chelsea,Home,3,1,15,10,6,4,2,4,3,0,3,0.4,0.2,0.5,5,0,0.25,-2
2024-25,2025/1/25,Newcastle,Southampton,Away,3,1,17,12,9,5,8,3,0,0,3,0.529411765,0.176470588,0.333333333,5,0.112745098,0.133333333,5
2024-25,2025/1/25,Nott'm Forest,Bournemouth,Away,0,5,18,16,4,10,9,3,3,0,0,0.222222222,0,0,2,-0.402777778,-0.5,6
2024-25,2025/1/25,Southampton,Newcastle,Home,1,3,12,17,5,9,3,8,1,0,0,0.416666667,0.083333333,0.2,-5,-0.112745098,-0.133333333,-5
2024-25,2025/1/25,Wolves,Arsenal,Home,0,1,9,9,4,3,1,5,0,1,0,0.444444444,0,0,0,0.111111111,-0.333333333,-4
2024-25,2025/1/26,Aston Villa,West Ham,Home,1,1,14,14,4,4,4,3,2,0,1,0.285714286,0.071428571,0.25,0,0,0,1
2024-25,2025/1/26,Brentford,Crystal Palace,Away,2,1,13,16,6,5,7,4,2,0,3,0.461538462,0.153846154,0.333333333,-3,0.149038462,0.133333333,3
2024-25,2025/1/26,Crystal Palace,Brentford,Home,1,2,16,13,5,6,4,7,2,0,0,0.3125,0.0625,0.2,3,-0.149038462,-0.133333333,-3
2024-25,2025/1/26,Fulham,Man United,Home,0,1,9,4,3,1,3,0,0,0,0,0.333333333,0,0,5,0.083333333,-1,3
2024-25,2025/1/26,Leicester,Tottenham,Away,2,1,12,15,3,6,4,6,5,0,3,0.25,0.166666667,0.666666667,-3,-0.15,0.5,-2
2024-25,2025/1/26,Man United,Fulham,Away,1,0,4,9,1,3,0,3,1,0,3,0.25,0.25,1,-5,-0.083333333,1,-3
2024-25,2025/1/26,Tottenham,Leicester,Home,1,2,15,12,6,3,6,4,1,0,0,0.4,0.066666667,0.166666667,3,0.15,-0.5,2
2024-25,2025/1/26,West Ham,Aston Villa,Away,1,1,14,14,4,4,3,4,3,0,1,0.285714286,0.071428571,0.25,0,0,0,-1
2024-25,2025/2/1,Aston Villa,Wolves,Away,0,2,10,8,3,5,8,5,3,0,0,0.3,0,0,2,-0.325,-0.4,3
2024-25,2025/2/1,Bournemouth,Liverpool,Home,0,2,14,19,3,7,3,3,2,0,0,0.214285714,0,0,-5,-0.154135338,-0.285714286,0
2024-25,2025/2/1,Brighton,Nott'm Forest,Away,0,7,10,14,5,9,6,4,3,0,0,0.5,0,0,-4,-0.142857143,-0.777777778,2
2024-25,2025/2/1,Everton,Leicester,Home,4,0,13,9,7,1,5,6,0,0,3,0.538461538,0.307692308,0.571428571,4,0.427350427,0.571428571,-1
2024-25,2025/2/1,Fulham,Newcastle,Away,2,1,15,11,4,4,7,4,4,0,3,0.266666667,0.133333333,0.5,4,-0.096969697,0.25,3
2024-25,2025/2/1,Ipswich,Southampton,Home,1,2,15,9,6,4,1,2,0,0,0,0.4,0.066666667,0.166666667,6,-0.044444444,-0.333333333,-1
2024-25,2025/2/1,Leicester,Everton,Away,0,4,9,13,1,7,6,5,0,0,0,0.111111111,0,0,-4,-0.427350427,-0.571428571,1
2024-25,2025/2/1,Liverpool,Bournemouth,Away,2,0,19,14,7,3,3,3,3,0,3,0.368421053,0.105263158,0.285714286,5,0.154135338,0.285714286,0
2024-25,2025/2/1,Newcastle,Fulham,Home,1,2,11,15,4,4,4,7,4,0,0,0.363636364,0.090909091,0.25,-4,0.096969697,-0.25,-3
2024-25,2025/2/1,Nott'm Forest,Brighton,Home,7,0,14,10,9,5,4,6,1,0,3,0.642857143,0.5,0.777777778,4,0.142857143,0.777777778,-2
2024-25,2025/2/1,Southampton,Ipswich,Away,2,1,9,15,4,6,2,1,3,0,3,0.444444444,0.222222222,0.5,-6,0.044444444,0.333333333,1
2024-25,2025/2/1,Wolves,Aston Villa,Home,2,0,8,10,5,3,5,8,2,0,3,0.625,0.25,0.4,-2,0.325,0.4,-3
2024-25,2025/2/2,Arsenal,Man City,Home,5,1,12,7,7,4,5,2,2,0,3,0.583333333,0.416666667,0.714285714,5,0.011904762,0.464285714,3
2024-25,2025/2/2,Brentford,Tottenham,Home,0,2,20,13,4,2,10,3,0,0,0,0.2,0,0,7,0.046153846,-1,7
2024-25,2025/2/2,Crystal Palace,Man United,Away,2,0,11,17,3,2,0,11,1,0,3,0.272727273,0.181818182,0.666666667,-6,0.155080214,0.666666667,-11
2024-25,2025/2/2,Man City,Arsenal,Away,1,5,7,12,4,7,2,5,0,0,0,0.571428571,0.142857143,0.25,-5,-0.011904762,-0.464285714,-3
2024-25,2025/2/2,Man United,Crystal Palace,Home,0,2,17,11,2,3,11,0,3,0,0,0.117647059,0,0,6,-0.155080214,-0.666666667,11
2024-25,2025/2/2,Tottenham,Brentford,Away,2,0,13,20,2,4,3,10,1,0,3,0.153846154,0.153846154,1,-7,-0.046153846,1,-7
2024-25,2025/2/3,Chelsea,West Ham,Home,2,1,22,14,3,5,4,3,3,0,3,0.136363636,0.090909091,0.666666667,8,-0.220779221,0.466666667,1
2024-25,2025/2/3,West Ham,Chelsea,Away,1,2,14,22,5,3,3,4,1,0,0,0.357142857,0.071428571,0.2,-8,0.220779221,-0.466666667,-1
2024-25,2025/2/12,Everton,Liverpool,Home,2,2,10,6,3,4,2,3,2,1,1,0.3,0.2,0.666666667,4,-0.366666667,0.166666667,-1
2024-25,2025/2/12,Liverpool,Everton,Away,2,2,6,10,4,3,3,2,2,1,1,0.666666667,0.333333333,0.5,-4,0.366666667,-0.166666667,1
2024-25,2025/2/14,Brighton,Chelsea,Home,3,0,13,8,5,0,2,9,1,0,3,0.384615385,0.230769231,0.6,5,0.384615385,0.6,-7
2024-25,2025/2/14,Chelsea,Brighton,Away,0,3,8,13,0,5,9,2,2,0,0,0,0,0,-5,-0.384615385,-0.6,7
2024-25,2025/2/15,Arsenal,Leicester,Away,2,0,11,6,5,2,7,3,1,0,3,0.454545455,0.181818182,0.4,5,0.121212121,0.4,4
2024-25,2025/2/15,Aston Villa,Ipswich,Home,1,1,25,4,6,3,16,1,0,0,1,0.24,0.04,0.166666667,21,-0.51,-0.166666667,15
2024-25,2025/2/15,Bournemouth,Southampton,Away,3,1,14,11,7,4,6,4,3,0,3,0.5,0.214285714,0.428571429,3,0.136363636,0.178571429,2
2024-25,2025/2/15,Brentford,West Ham,Away,1,0,14,13,5,3,2,9,1,0,3,0.357142857,0.071428571,0.2,1,0.126373626,0.2,-7
2024-25,2025/2/15,Crystal Palace,Everton,Home,1,2,17,11,6,6,6,2,0,0,0,0.352941176,0.058823529,0.166666667,6,-0.192513369,-0.166666667,4
2024-25,2025/2/15,Everton,Crystal Palace,Away,2,1,11,17,6,6,2,6,1,0,3,0.545454545,0.181818182,0.333333333,-6,0.192513369,0.166666667,-4
2024-25,2025/2/15,Fulham,Nott'm Forest,Home,2,1,24,8,10,2,8,4,0,0,3,0.416666667,0.083333333,0.2,16,0.166666667,-0.3,4
2024-25,2025/2/15,Ipswich,Aston Villa,Away,1,1,4,25,3,6,1,16,3,1,1,0.75,0.25,0.333333333,-21,0.51,0.166666667,-15
2024-25,2025/2/15,Leicester,Arsenal,Home,0,2,6,11,2,5,3,7,2,0,0,0.333333333,0,0,-5,-0.121212121,-0.4,-4
2024-25,2025/2/15,Man City,Newcastle,Home,4,0,11,3,7,1,7,4,0,0,3,0.636363636,0.363636364,0.571428571,8,0.303030303,0.571428571,3
2024-25,2025/2/15,Newcastle,Man City,Away,0,4,3,11,1,7,4,7,1,0,0,0.333333333,0,0,-8,-0.303030303,-0.571428571,-3
2024-25,2025/2/15,Nott'm Forest,Fulham,Away,1,2,8,24,2,10,4,8,0,0,0,0.25,0.125,0.5,-16,-0.166666667,0.3,-4
2024-25,2025/2/15,Southampton,Bournemouth,Home,1,3,11,14,4,7,4,6,1,0,0,0.363636364,0.090909091,0.25,-3,-0.136363636,-0.178571429,-2
2024-25,2025/2/15,West Ham,Brentford,Home,0,1,13,14,3,5,9,2,1,0,0,0.230769231,0,0,-1,-0.126373626,-0.2,7
2024-25,2025/2/16,Liverpool,Wolves,Home,2,1,10,16,3,4,4,3,2,0,3,0.3,0.2,0.666666667,-6,0.05,0.416666667,1
2024-25,2025/2/16,Man United,Tottenham,Away,0,1,16,22,6,7,5,10,2,0,0,0.375,0,0,-6,0.056818182,-0.142857143,-5
2024-25,2025/2/16,Tottenham,Man United,Home,1,0,22,16,7,6,10,5,1,0,3,0.318181818,0.045454545,0.142857143,6,-0.056818182,0.142857143,5
2024-25,2025/2/16,Wolves,Liverpool,Away,1,2,16,10,4,3,3,4,2,0,0,0.25,0.0625,0.25,6,-0.05,-0.416666667,-1
2024-25,2025/2/19,Aston Villa,Liverpool,Home,2,2,9,17,4,3,6,8,1,0,1,0.444444444,0.222222222,0.5,-8,0.267973856,-0.166666667,-2
2024-25,2025/2/19,Liverpool,Aston Villa,Away,2,2,17,9,3,4,8,6,0,0,1,0.176470588,0.117647059,0.666666667,8,-0.267973856,0.166666667,2
2024-25,2025/2/21,Brentford,Leicester,Away,4,0,14,8,6,3,6,5,0,0,3,0.428571429,0.285714286,0.666666667,6,0.053571429,0.666666667,1
2024-25,2025/2/21,Leicester,Brentford,Home,0,4,8,14,3,6,5,6,4,0,0,0.375,0,0,-6,-0.053571429,-0.666666667,-1
2024-25,2025/2/22,Arsenal,West Ham,Home,0,1,20,5,2,2,2,0,1,1,0,0.1,0,0,15,-0.3,-0.5,2
2024-25,2025/2/22,Aston Villa,Chelsea,Home,2,1,12,15,6,7,2,3,1,0,3,0.5,0.166666667,0.333333333,-3,0.033333333,0.19047619,-1
2024-25,2025/2/22,Bournemouth,Wolves,Home,0,1,8,13,3,5,6,7,3,1,0,0.375,0,0,-5,-0.009615385,-0.2,-1
2024-25,2025/2/22,Brighton,Southampton,Away,4,0,18,6,12,1,6,5,0,0,3,0.666666667,0.222222222,0.333333333,12,0.5,0.333333333,1
2024-25,2025/2/22,Chelsea,Aston Villa,Away,1,2,15,12,7,6,3,2,3,0,0,0.466666667,0.066666667,0.142857143,3,-0.033333333,-0.19047619,1
2024-25,2025/2/22,Crystal Palace,Fulham,Away,2,0,10,10,5,0,7,7,3,0,3,0.5,0.2,0.4,0,0.5,0.4,0
2024-25,2025/2/22,Everton,Man United,Home,2,2,9,9,8,3,7,9,4,0,1,0.888888889,0.222222222,0.25,0,0.555555556,-0.416666667,-2
2024-25,2025/2/22,Fulham,Crystal Palace,Home,0,2,10,10,0,5,7,7,1,0,0,0,0,0,0,-0.5,-0.4,0
2024-25,2025/2/22,Ipswich,Tottenham,Home,1,4,17,10,5,6,4,4,2,0,0,0.294117647,0.058823529,0.2,7,-0.305882353,-0.466666667,0
2024-25,2025/2/22,Man United,Everton,Away,2,2,9,9,3,8,9,7,1,0,1,0.333333333,0.222222222,0.666666667,0,-0.555555556,0.416666667,2
2024-25,2025/2/22,Southampton,Brighton,Home,0,4,6,18,1,12,5,6,2,0,0,0.166666667,0,0,-12,-0.5,-0.333333333,-1
2024-25,2025/2/22,Tottenham,Ipswich,Away,4,1,10,17,6,5,4,4,1,0,3,0.6,0.4,0.666666667,-7,0.305882353,0.466666667,0
2024-25,2025/2/22,West Ham,Arsenal,Away,1,0,5,20,2,2,0,2,3,0,3,0.4,0.2,0.5,-15,0.3,0.5,-2
2024-25,2025/2/22,Wolves,Bournemouth,Away,1,0,13,8,5,3,7,6,3,0,3,0.384615385,0.076923077,0.2,5,0.009615385,0.2,1
2024-25,2025/2/23,Liverpool,Man City,Away,2,0,8,16,4,5,5,7,0,0,3,0.5,0.25,0.5,-8,0.1875,0.5,-2
2024-25,2025/2/23,Man City,Liverpool,Home,0,2,16,8,5,4,7,5,0,0,0,0.3125,0,0,8,-0.1875,-0.5,2
2024-25,2025/2/23,Newcastle,Nott'm Forest,Home,4,3,13,17,5,5,7,6,1,0,3,0.384615385,0.307692308,0.8,-4,0.090497738,0.2,1
2024-25,2025/2/23,Nott'm Forest,Newcastle,Away,3,4,17,13,5,5,6,7,4,0,0,0.294117647,0.176470588,0.6,4,-0.090497738,-0.2,-1
2024-25,2025/2/25,Aston Villa,Crystal Palace,Away,1,4,6,19,2,6,8,3,1,0,0,0.333333333,0.166666667,0.5,-13,0.01754386,-0.166666667,5
2024-25,2025/2/25,Bournemouth,Brighton,Away,1,2,19,11,5,4,9,1,1,0,0,0.263157895,0.052631579,0.2,8,-0.100478469,-0.3,8
2024-25,2025/2/25,Brighton,Bournemouth,Home,2,1,11,19,4,5,1,9,2,0,3,0.363636364,0.181818182,0.5,-8,0.100478469,0.3,-8
2024-25,2025/2/25,Chelsea,Southampton,Home,4,0,19,7,10,2,4,2,1,0,3,0.526315789,0.210526316,0.4,12,0.240601504,0.4,2
2024-25,2025/2/25,Crystal Palace,Aston Villa,Home,4,1,19,6,6,2,3,8,3,0,3,0.315789474,0.210526316,0.666666667,13,-0.01754386,0.166666667,-5
2024-25,2025/2/25,Fulham,Wolves,Away,2,1,11,18,5,5,5,7,3,0,3,0.454545455,0.181818182,0.4,-7,0.176767677,0.2,-2
2024-25,2025/2/25,Southampton,Chelsea,Away,0,4,7,19,2,10,2,4,2,0,0,0.285714286,0,0,-12,-0.240601504,-0.4,-2
2024-25,2025/2/25,Wolves,Fulham,Home,1,2,18,11,5,5,7,5,1,0,0,0.277777778,0.055555556,0.2,7,-0.176767677,-0.2,2
2024-25,2025/2/26,Arsenal,Nott'm Forest,Away,0,0,13,6,1,2,11,3,1,0,1,0.076923077,0,0,7,-0.256410256,0,8
2024-25,2025/2/26,Brentford,Everton,Home,1,1,12,14,3,4,2,5,2,0,1,0.25,0.083333333,0.333333333,-2,-0.035714286,0.083333333,-3
2024-25,2025/2/26,Everton,Brentford,Away,1,1,14,12,4,3,5,2,1,0,1,0.285714286,0.071428571,0.25,2,0.035714286,-0.083333333,3
2024-25,2025/2/26,Ipswich,Man United,Away,2,3,12,10,3,6,6,5,4,0,0,0.25,0.166666667,0.666666667,2,-0.35,0.166666667,1
2024-25,2025/2/26,Liverpool,Newcastle,Home,2,0,12,3,3,0,4,2,0,0,3,0.25,0.166666667,0.666666667,9,0.25,0.666666667,2
2024-25,2025/2/26,Man City,Tottenham,Away,1,0,12,11,5,6,3,8,0,0,3,0.416666667,0.083333333,0.2,1,-0.128787879,0.2,-5
2024-25,2025/2/26,Man United,Ipswich,Home,3,2,10,12,6,3,5,6,4,1,3,0.6,0.3,0.5,-2,0.35,-0.166666667,-1
2024-25,2025/2/26,Newcastle,Liverpool,Away,0,2,3,12,0,3,2,4,1,0,0,0,0,0,-9,-0.25,-0.666666667,-2
2024-25,2025/2/26,Nott'm Forest,Arsenal,Home,0,0,6,13,2,1,3,11,1,0,1,0.333333333,0,0,-7,0.256410256,0,-8
2024-25,2025/2/26,Tottenham,Man City,Home,0,1,11,12,6,5,8,3,3,0,0,0.545454545,0,0,-1,0.128787879,-0.2,5
2024-25,2025/2/27,Leicester,West Ham,Away,0,2,10,8,2,2,3,3,0,0,0,0.2,0,0,2,-0.05,-1,0
2024-25,2025/2/27,West Ham,Leicester,Home,2,0,8,10,2,2,3,3,0,0,3,0.25,0.25,1,-2,0.05,1,0
2024-25,2025/3/8,Aston Villa,Brentford,Away,1,0,12,13,4,3,5,6,2,0,3,0.333333333,0.083333333,0.25,-1,0.102564103,0.25,-1
2024-25,2025/3/8,Brentford,Aston Villa,Home,0,1,13,12,3,4,6,5,2,0,0,0.230769231,0,0,1,-0.102564103,-0.25,1
2024-25,2025/3/8,Brighton,Fulham,Home,2,1,9,6,4,1,3,7,0,0,3,0.444444444,0.222222222,0.5,3,0.277777778,-0.5,-4
2024-25,2025/3/8,Crystal Palace,Ipswich,Home,1,0,19,15,4,8,5,4,4,0,3,0.210526316,0.052631579,0.25,4,-0.322807018,0.25,1
2024-25,2025/3/8,Everton,Wolves,Away,1,1,12,11,4,3,5,5,2,0,1,0.333333333,0.083333333,0.25,1,0.060606061,-0.083333333,0
2024-25,2025/3/8,Fulham,Brighton,Away,1,2,6,9,1,4,7,3,2,0,0,0.166666667,0.166666667,1,-3,-0.277777778,0.5,4
2024-25,2025/3/8,Ipswich,Crystal Palace,Away,0,1,15,19,8,4,4,5,3,0,0,0.533333333,0,0,-4,0.322807018,-0.25,-1
2024-25,2025/3/8,Liverpool,Southampton,Home,3,1,28,6,7,4,6,4,2,0,3,0.25,0.107142857,0.428571429,22,-0.416666667,0.178571429,2
2024-25,2025/3/8,Man City,Nott'm Forest,Away,0,1,14,9,3,4,2,3,2,0,0,0.214285714,0,0,5,-0.23015873,-0.25,-1
2024-25,2025/3/8,Nott'm Forest,Man City,Home,1,0,9,14,4,3,3,2,3,0,3,0.444444444,0.111111111,0.25,-5,0.23015873,0.25,1
2024-25,2025/3/8,Southampton,Liverpool,Away,1,3,6,28,4,7,4,6,1,0,0,0.666666667,0.166666667,0.25,-22,0.416666667,-0.178571429,-2
2024-25,2025/3/8,Wolves,Everton,Home,1,1,11,12,3,4,5,5,2,0,1,0.272727273,0.090909091,0.333333333,-1,-0.060606061,0.083333333,0
2024-25,2025/3/9,Arsenal,Man United,Away,1,1,17,10,6,6,9,2,1,0,1,0.352941176,0.058823529,0.166666667,7,-0.247058824,0,7
2024-25,2025/3/9,Bournemouth,Tottenham,Away,2,2,17,12,8,4,6,3,3,0,1,0.470588235,0.117647059,0.25,5,0.137254902,-0.25,3
2024-25,2025/3/9,Chelsea,Leicester,Home,1,0,20,3,7,3,12,2,1,0,3,0.35,0.05,0.142857143,17,-0.65,0.142857143,10
2024-25,2025/3/9,Leicester,Chelsea,Away,0,1,3,20,3,7,2,12,0,0,0,1,0,0,-17,0.65,-0.142857143,-10
2024-25,2025/3/9,Man United,Arsenal,Home,1,1,10,17,6,6,2,9,0,0,1,0.6,0.1,0.166666667,-7,0.247058824,0,-7
2024-25,2025/3/9,Tottenham,Bournemouth,Home,2,2,12,17,4,8,3,6,3,0,1,0.333333333,0.166666667,0.5,-5,-0.137254902,0.25,-3
2024-25,2025/3/10,Newcastle,West Ham,Away,1,0,9,9,3,2,4,3,1,0,3,0.333333333,0.111111111,0.333333333,0,0.111111111,0.333333333,1
2024-25,2025/3/10,West Ham,Newcastle,Home,0,1,9,9,2,3,3,4,0,0,0,0.222222222,0,0,0,-0.111111111,-0.333333333,-1
2024-25,2025/3/15,Bournemouth,Brentford,Home,1,2,17,10,5,4,4,3,3,0,0,0.294117647,0.058823529,0.2,7,-0.105882353,-0.3,1
2024-25,2025/3/15,Brentford,Bournemouth,Away,2,1,10,17,4,5,3,4,0,0,3,0.4,0.2,0.5,-7,0.105882353,0.3,-1
2024-25,2025/3/15,Brighton,Man City,Away,2,2,15,11,3,3,5,4,5,0,1,0.2,0.133333333,0.666666667,4,-0.072727273,0,1
2024-25,2025/3/15,Everton,West Ham,Home,1,1,13,10,5,5,6,5,1,0,1,0.384615385,0.076923077,0.2,3,-0.115384615,0,1
2024-25,2025/3/15,Ipswich,Nott'm Forest,Home,2,4,11,11,4,6,6,3,1,0,0,0.363636364,0.181818182,0.5,0,-0.181818182,-0.166666667,3
2024-25,2025/3/15,Man City,Brighton,Home,2,2,11,15,3,3,4,5,2,0,1,0.272727273,0.181818182,0.666666667,-4,0.072727273,0,-1
2024-25,2025/3/15,Nott'm Forest,Ipswich,Away,4,2,11,11,6,4,3,6,1,0,3,0.545454545,0.363636364,0.666666667,0,0.181818182,0.166666667,-3
2024-25,2025/3/15,Southampton,Wolves,Home,1,2,10,5,3,3,5,1,0,0,0,0.3,0.1,0.333333333,5,-0.3,-0.333333333,4
2024-25,2025/3/15,West Ham,Everton,Away,1,1,10,13,5,5,5,6,2,0,1,0.5,0.1,0.2,-3,0.115384615,0,-1
2024-25,2025/3/15,Wolves,Southampton,Away,2,1,5,10,3,3,1,5,0,0,3,0.6,0.4,0.666666667,-5,0.3,0.333333333,-4
2024-25,2025/3/16,Arsenal,Chelsea,Home,1,0,12,8,4,2,5,4,3,0,3,0.333333333,0.083333333,0.25,4,0.083333333,0.25,1
2024-25,2025/3/16,Chelsea,Arsenal,Away,0,1,8,12,2,4,4,5,3,0,0,0.25,0,0,-4,-0.083333333,-0.25,-1
2024-25,2025/3/16,Fulham,Tottenham,Home,2,0,13,12,4,4,6,5,0,0,3,0.307692308,0.153846154,0.5,1,-0.025641026,0.5,1
2024-25,2025/3/16,Leicester,Man United,Home,0,3,11,18,3,5,6,4,2,0,0,0.272727273,0,0,-7,-0.005050505,-0.6,2
2024-25,2025/3/16,Man United,Leicester,Away,3,0,18,11,5,3,4,6,0,0,3,0.277777778,0.166666667,0.6,7,0.005050505,0.6,-2
2024-25,2025/3/16,Tottenham,Fulham,Away,0,2,12,13,4,4,5,6,0,0,0,0.333333333,0,0,-1,0.025641026,-0.5,-1
2024-25,2025/4/1,Arsenal,Fulham,Home,2,1,17,9,4,3,5,4,1,0,3,0.235294118,0.117647059,0.5,8,-0.098039216,0.166666667,1
2024-25,2025/4/1,Fulham,Arsenal,Away,1,2,9,17,3,4,4,5,2,0,0,0.333333333,0.111111111,0.333333333,-8,0.098039216,-0.166666667,-1
2024-25,2025/4/1,Man United,Nott'm Forest,Away,0,1,23,8,6,2,10,3,3,0,0,0.260869565,0,0,15,0.010869565,-0.5,7
2024-25,2025/4/1,Nott'm Forest,Man United,Home,1,0,8,23,2,6,3,10,1,0,3,0.25,0.125,0.5,-15,-0.010869565,0.5,-7
2024-25,2025/4/1,West Ham,Wolves,Away,0,1,10,9,1,2,2,1,2,0,0,0.1,0,0,1,-0.122222222,-0.5,1
2024-25,2025/4/1,Wolves,West Ham,Home,1,0,9,10,2,1,1,2,4,0,3,0.222222222,0.111111111,0.5,-1,0.122222222,0.5,-1
2024-25,2025/4/2,Aston Villa,Brighton,Away,3,0,8,11,5,4,0,4,3,0,3,0.625,0.375,0.6,-3,0.261363636,0.6,-4
2024-25,2025/4/2,Bournemouth,Ipswich,Home,1,2,24,10,7,2,8,3,1,0,0,0.291666667,0.041666667,0.142857143,14,0.091666667,-0.857142857,5
2024-25,2025/4/2,Brentford,Newcastle,Away,1,2,12,21,3,4,5,4,1,0,0,0.25,0.083333333,0.333333333,-9,0.05952381,-0.166666667,1
2024-25,2025/4/2,Brighton,Aston Villa,Home,0,3,11,8,4,5,4,0,1,0,0,0.363636364,0,0,3,-0.261363636,-0.6,4
2024-25,2025/4/2,Crystal Palace,Southampton,Away,1,1,9,8,3,2,2,2,1,0,1,0.333333333,0.111111111,0.333333333,1,0.083333333,-0.166666667,0
2024-25,2025/4/2,Everton,Liverpool,Away,0,1,5,17,0,3,5,11,2,0,0,0,0,0,-12,-0.176470588,-0.333333333,-6
2024-25,2025/4/2,Ipswich,Bournemouth,Away,2,1,10,24,2,7,3,8,2,0,3,0.2,0.2,1,-14,-0.091666667,0.857142857,-5
2024-25,2025/4/2,Leicester,Man City,Away,0,2,2,18,0,5,0,5,4,0,0,0,0,0,-16,-0.277777778,-0.4,-5
2024-25,2025/4/2,Liverpool,Everton,Home,1,0,17,5,3,0,11,5,2,0,3,0.176470588,0.058823529,0.333333333,12,0.176470588,0.333333333,6
2024-25,2025/4/2,Man City,Leicester,Home,2,0,18,2,5,0,5,0,1,0,3,0.277777778,0.111111111,0.4,16,0.277777778,0.4,5
2024-25,2025/4/2,Newcastle,Brentford,Home,2,1,21,12,4,3,4,5,1,0,3,0.19047619,0.095238095,0.5,9,-0.05952381,0.166666667,-1
2024-25,2025/4/2,Southampton,Crystal Palace,Home,1,1,8,9,2,3,2,2,2,0,1,0.25,0.125,0.5,-1,-0.083333333,0.166666667,0
2024-25,2025/4/3,Chelsea,Tottenham,Home,1,0,11,8,5,2,4,6,5,0,3,0.454545455,0.090909091,0.2,3,0.204545455,0.2,-2
2024-25,2025/4/3,Tottenham,Chelsea,Away,0,1,8,11,2,5,6,4,5,0,0,0.25,0,0,-3,-0.204545455,-0.2,2
2024-25,2025/4/5,Arsenal,Everton,Away,1,1,14,5,5,2,8,3,1,0,1,0.357142857,0.071428571,0.2,9,-0.042857143,-0.3,5
2024-25,2025/4/5,Aston Villa,Nott'm Forest,Home,2,1,17,19,8,3,4,4,2,0,3,0.470588235,0.117647059,0.25,-2,0.312693498,-0.083333333,0
2024-25,2025/4/5,Bournemouth,West Ham,Away,2,2,11,9,4,3,7,4,2,0,1,0.363636364,0.181818182,0.5,2,0.03030303,-0.166666667,3
2024-25,2025/4/5,Brighton,Crystal Palace,Away,1,2,11,8,5,3,4,2,1,1,0,0.454545455,0.090909091,0.2,3,0.079545455,-0.466666667,2
2024-25,2025/4/5,Crystal Palace,Brighton,Home,2,1,8,11,3,5,2,4,0,2,3,0.375,0.25,0.666666667,-3,-0.079545455,0.466666667,-2
2024-25,2025/4/5,Everton,Arsenal,Home,1,1,5,14,2,5,3,8,3,0,1,0.4,0.2,0.5,-9,0.042857143,0.3,-5
2024-25,2025/4/5,Ipswich,Wolves,Home,1,2,6,22,2,7,4,8,2,0,0,0.333333333,0.166666667,0.5,-16,0.015151515,0.214285714,-4
2024-25,2025/4/5,Nott'm Forest,Aston Villa,Away,1,2,19,17,3,8,4,4,2,0,0,0.157894737,0.052631579,0.333333333,2,-0.312693498,0.083333333,0
2024-25,2025/4/5,West Ham,Bournemouth,Home,2,2,9,11,3,4,4,7,2,0,1,0.333333333,0.222222222,0.666666667,-2,-0.03030303,0.166666667,-3
2024-25,2025/4/5,Wolves,Ipswich,Away,2,1,22,6,7,2,8,4,2,0,3,0.318181818,0.090909091,0.285714286,16,-0.015151515,-0.214285714,4
2024-25,2025/4/6,Brentford,Chelsea,Home,0,0,9,21,2,5,3,6,1,0,1,0.222222222,0,0,-12,-0.015873016,0,-3
2024-25,2025/4/6,Chelsea,Brentford,Away,0,0,21,9,5,2,6,3,3,0,1,0.238095238,0,0,12,0.015873016,0,3
2024-25,2025/4/6,Fulham,Liverpool,Home,3,2,12,14,6,6,4,4,3,0,3,0.5,0.25,0.5,-2,0.071428571,0.166666667,0
2024-25,2025/4/6,Liverpool,Fulham,Away,2,3,14,12,6,6,4,4,0,0,0,0.428571429,0.142857143,0.333333333,2,-0.071428571,-0.166666667,0
2024-25,2025/4/6,Man City,Man United,Away,0,0,9,13,5,2,3,5,2,0,1,0.555555556,0,0,-4,0.401709402,0,-2
2024-25,2025/4/6,Man United,Man City,Home,0,0,13,9,2,5,5,3,3,0,1,0.153846154,0,0,4,-0.401709402,0,2
2024-25,2025/4/6,Southampton,Tottenham,Away,1,3,12,13,4,8,1,4,1,0,0,0.333333333,0.083333333,0.25,-1,-0.282051282,-0.125,-3
2024-25,2025/4/6,Tottenham,Southampton,Home,3,1,13,12,8,4,4,1,1,0,3,0.615384615,0.230769231,0.375,1,0.282051282,0.125,3
2024-25,2025/4/7,Leicester,Newcastle,Home,0,3,7,16,2,5,12,2,2,0,0,0.285714286,0,0,-9,-0.026785714,-0.6,10
2024-25,2025/4/7,Newcastle,Leicester,Away,3,0,16,7,5,2,2,12,0,0,3,0.3125,0.1875,0.6,9,0.026785714,0.6,-10
2024-25,2025/4/12,Arsenal,Brentford,Home,1,1,14,3,3,2,13,5,1,0,1,0.214285714,0.071428571,0.333333333,11,-0.452380952,-0.166666667,8
2024-25,2025/4/12,Aston Villa,Southampton,Away,3,0,25,7,10,2,14,2,1,0,3,0.4,0.12,0.3,18,0.114285714,0.3,12
2024-25,2025/4/12,Brentford,Arsenal,Away,1,1,3,14,2,3,5,13,3,0,1,0.666666667,0.333333333,0.5,-11,0.452380952,0.166666667,-8
2024-25,2025/4/12,Brighton,Leicester,Home,2,2,21,15,7,6,3,6,2,0,1,0.333333333,0.095238095,0.285714286,6,-0.066666667,-0.047619048,-3
2024-25,2025/4/12,Crystal Palace,Man City,Away,2,5,8,21,3,9,4,1,3,0,0,0.375,0.25,0.666666667,-13,-0.053571429,0.111111111,3
2024-25,2025/4/12,Everton,Nott'm Forest,Away,1,0,13,10,5,5,7,1,3,0,3,0.384615385,0.076923077,0.2,3,-0.115384615,0.2,6
2024-25,2025/4/12,Leicester,Brighton,Away,2,2,15,21,6,7,6,3,5,0,1,0.4,0.133333333,0.333333333,-6,0.066666667,0.047619048,3
2024-25,2025/4/12,Man City,Crystal Palace,Home,5,2,21,8,9,3,1,4,2,0,3,0.428571429,0.238095238,0.555555556,13,0.053571429,-0.111111111,-3
2024-25,2025/4/12,Nott'm Forest,Everton,Home,0,1,10,13,5,5,1,7,0,0,0,0.5,0,0,-3,0.115384615,-0.2,-6
2024-25,2025/4/12,Southampton,Aston Villa,Home,0,3,7,25,2,10,2,14,3,0,0,0.285714286,0,0,-18,-0.114285714,-0.3,-12
2024-25,2025/4/13,Chelsea,Ipswich,Home,2,2,34,13,9,4,15,4,2,0,1,0.264705882,0.058823529,0.222222222,21,-0.042986425,-0.277777778,11
2024-25,2025/4/13,Ipswich,Chelsea,Away,2,2,13,34,4,9,4,15,2,0,1,0.307692308,0.153846154,0.5,-21,0.042986425,0.277777778,-11
2024-25,2025/4/13,Liverpool,West Ham,Home,2,1,15,11,6,4,10,3,0,0,3,0.4,0.133333333,0.333333333,4,0.036363636,0.083333333,7
2024-25,2025/4/13,Man United,Newcastle,Away,1,4,9,13,5,6,2,7,2,0,0,0.555555556,0.111111111,0.2,-4,0.094017094,-0.466666667,-5
2024-25,2025/4/13,Newcastle,Man United,Home,4,1,13,9,6,5,7,2,0,0,3,0.461538462,0.307692308,0.666666667,4,-0.094017094,0.466666667,5
2024-25,2025/4/13,Tottenham,Wolves,Away,2,4,11,13,4,5,4,1,2,0,0,0.363636364,0.181818182,0.5,-2,-0.020979021,-0.3,3
2024-25,2025/4/13,West Ham,Liverpool,Away,1,2,11,15,4,6,3,10,2,0,0,0.363636364,0.090909091,0.25,-4,-0.036363636,-0.083333333,-7
2024-25,2025/4/13,Wolves,Tottenham,Home,4,2,13,11,5,4,1,4,1,0,3,0.384615385,0.307692308,0.8,2,0.020979021,0.3,-3
2024-25,2025/4/14,Bournemouth,Fulham,Home,1,0,12,12,3,7,6,9,3,0,3,0.25,0.083333333,0.333333333,0,-0.333333333,0.333333333,-3
2024-25,2025/4/14,Fulham,Bournemouth,Away,0,1,12,12,7,3,9,6,2,0,0,0.583333333,0,0,0,0.333333333,-0.333333333,3
2024-25,2025/4/16,Crystal Palace,Newcastle,Away,0,5,11,14,4,7,4,5,3,0,0,0.363636364,0,0,-3,-0.136363636,-0.714285714,-1
2024-25,2025/4/16,Newcastle,Crystal Palace,Home,5,0,14,11,7,4,5,4,2,0,3,0.5,0.357142857,0.714285714,3,0.136363636,0.714285714,1
2024-25,2025/4/19,Aston Villa,Newcastle,Home,4,1,23,10,9,3,7,7,1,0,3,0.391304348,0.173913043,0.444444444,13,0.091304348,0.111111111,0
2024-25,2025/4/19,Bournemouth,Crystal Palace,Away,0,0,15,5,4,0,4,5,4,0,1,0.266666667,0,0,10,0.266666667,0,-1
2024-25,2025/4/19,Brentford,Brighton,Home,4,2,16,12,8,3,4,8,3,0,3,0.5,0.25,0.5,4,0.25,-0.166666667,-4
2024-25,2025/4/19,Brighton,Brentford,Away,2,4,12,16,3,8,8,4,3,1,0,0.25,0.166666667,0.666666667,-4,-0.25,0.166666667,4
2024-25,2025/4/19,Crystal Palace,Bournemouth,Home,0,0,5,15,0,4,5,4,3,1,1,0,0,0,-10,-0.266666667,0,1
2024-25,2025/4/19,Everton,Man City,Home,0,2,8,12,3,7,2,5,4,0,0,0.375,0,0,-4,-0.208333333,-0.285714286,-3
2024-25,2025/4/19,Man City,Everton,Away,2,0,12,8,7,3,5,2,0,0,3,0.583333333,0.166666667,0.285714286,4,0.208333333,0.285714286,3
2024-25,2025/4/19,Newcastle,Aston Villa,Away,1,4,10,23,3,9,7,7,3,0,0,0.3,0.1,0.333333333,-13,-0.091304348,-0.111111111,0
2024-25,2025/4/19,Southampton,West Ham,Away,1,1,15,12,4,4,5,2,1,0,1,0.266666667,0.066666667,0.25,3,-0.066666667,0,3
2024-25,2025/4/19,West Ham,Southampton,Home,1,1,12,15,4,4,2,5,2,0,1,0.333333333,0.083333333,0.25,-3,0.066666667,0,-3
2024-25,2025/4/20,Arsenal,Ipswich,Away,4,0,24,4,7,0,12,0,0,0,3,0.291666667,0.166666667,0.571428571,20,0.291666667,0.571428571,12
2024-25,2025/4/20,Chelsea,Fulham,Away,2,1,13,6,8,1,4,6,3,0,3,0.615384615,0.153846154,0.25,7,0.448717949,-0.75,-2
2024-25,2025/4/20,Fulham,Chelsea,Home,1,2,6,13,1,8,6,4,1,0,0,0.166666667,0.166666667,1,-7,-0.448717949,0.75,2
2024-25,2025/4/20,Ipswich,Arsenal,Home,0,4,4,24,0,7,0,12,0,1,0,0,0,0,-20,-0.291666667,-0.571428571,-12
2024-25,2025/4/20,Leicester,Liverpool,Home,0,1,5,28,0,10,1,13,1,0,0,0,0,0,-23,-0.357142857,-0.1,-12
2024-25,2025/4/20,Liverpool,Leicester,Away,1,0,28,5,10,0,13,1,2,0,3,0.357142857,0.035714286,0.1,23,0.357142857,0.1,12
2024-25,2025/4/20,Man United,Wolves,Home,0,1,12,4,2,2,9,2,2,0,0,0.166666667,0,0,8,-0.333333333,-0.5,7
2024-25,2025/4/20,Wolves,Man United,Away,1,0,4,12,2,2,2,9,3,0,3,0.5,0.25,0.5,-8,0.333333333,0.5,-7
2024-25,2025/4/21,Nott'm Forest,Tottenham,Away,2,1,4,22,3,6,1,7,4,0,3,0.75,0.5,0.666666667,-18,0.477272727,0.5,-6
2024-25,2025/4/21,Tottenham,Nott'm Forest,Home,1,2,22,4,6,3,7,1,1,0,0,0.272727273,0.045454545,0.166666667,18,-0.477272727,-0.5,6
2024-25,2025/4/22,Aston Villa,Man City,Away,1,2,7,14,3,6,2,10,3,0,0,0.428571429,0.142857143,0.333333333,-7,0,0,-8
2024-25,2025/4/22,Man City,Aston Villa,Home,2,1,14,7,6,3,10,2,3,0,3,0.428571429,0.142857143,0.333333333,7,0,0,8
2024-25,2025/4/23,Arsenal,Crystal Palace,Home,2,2,12,15,6,4,3,6,1,0,1,0.5,0.166666667,0.333333333,-3,0.233333333,-0.166666667,-3
2024-25,2025/4/23,Crystal Palace,Arsenal,Away,2,2,15,12,4,6,6,3,1,0,1,0.266666667,0.133333333,0.5,3,-0.233333333,0.166666667,3
2024-25,2025/4/26,Brighton,West Ham,Home,3,2,16,12,9,4,8,1,1,0,3,0.5625,0.1875,0.333333333,4,0.229166667,-0.166666667,7
2024-25,2025/4/26,Chelsea,Everton,Home,1,0,10,6,7,3,10,2,0,0,3,0.7,0.1,0.142857143,4,0.2,0.142857143,8
2024-25,2025/4/26,Everton,Chelsea,Away,0,1,6,10,3,7,2,10,0,0,0,0.5,0,0,-4,-0.2,-0.142857143,-8
2024-25,2025/4/26,Fulham,Southampton,Away,2,1,26,7,5,3,13,0,1,0,3,0.192307692,0.076923077,0.4,19,-0.236263736,0.066666667,13
2024-25,2025/4/26,Ipswich,Newcastle,Away,0,3,4,25,0,5,2,11,2,1,0,0,0,0,-21,-0.2,-0.6,-9
2024-25,2025/4/26,Leicester,Wolves,Away,0,3,8,20,2,6,2,4,4,0,0,0.25,0,0,-12,-0.05,-0.5,-2
2024-25,2025/4/26,Newcastle,Ipswich,Home,3,0,25,4,5,0,11,2,1,0,3,0.2,0.12,0.6,21,0.2,0.6,9
2024-25,2025/4/26,Southampton,Fulham,Home,1,2,7,26,3,5,0,13,1,0,0,0.428571429,0.142857143,0.333333333,-19,0.236263736,-0.066666667,-13
2024-25,2025/4/26,West Ham,Brighton,Away,2,3,12,16,4,9,1,8,1,0,0,0.333333333,0.166666667,0.5,-4,-0.229166667,0.166666667,-7
2024-25,2025/4/26,Wolves,Leicester,Home,3,0,20,8,6,2,4,2,1,0,3,0.3,0.15,0.5,12,0.05,0.5,2
2024-25,2025/4/27,Bournemouth,Man United,Home,1,1,8,25,1,6,5,10,4,1,1,0.125,0.125,1,-17,-0.115,0.833333333,-5
2024-25,2025/4/27,Liverpool,Tottenham,Home,5,1,25,8,8,3,8,2,2,0,3,0.32,0.2,0.625,17,-0.055,0.291666667,6
2024-25,2025/4/27,Man United,Bournemouth,Away,1,1,25,8,6,1,10,5,2,0,1,0.24,0.04,0.166666667,17,0.115,-0.833333333,5
2024-25,2025/4/27,Tottenham,Liverpool,Away,1,5,8,25,3,8,2,8,1,0,0,0.375,0.125,0.333333333,-17,0.055,-0.291666667,-6
2024-25,2025/5/1,Brentford,Nott'm Forest,Away,2,0,11,14,3,5,5,4,5,0,3,0.272727273,0.181818182,0.666666667,-3,-0.084415584,0.666666667,1
2024-25,2025/5/1,Nott'm Forest,Brentford,Home,0,2,14,11,5,3,4,5,3,0,0,0.357142857,0,0,3,0.084415584,-0.666666667,-1
2024-25,2025/5/2,Man City,Wolves,Home,1,0,9,6,2,1,4,5,0,0,3,0.222222222,0.111111111,0.5,3,0.055555556,0.5,-1
2024-25,2025/5/2,Wolves,Man City,Away,0,1,6,9,1,2,5,4,0,0,0,0.166666667,0,0,-3,-0.055555556,-0.5,1
2024-25,2025/5/3,Arsenal,Bournemouth,Home,1,2,13,9,4,2,2,3,0,0,0,0.307692308,0.076923077,0.25,4,0.085470085,-0.75,-1
2024-25,2025/5/3,Aston Villa,Fulham,Home,1,0,10,11,3,3,5,3,0,0,3,0.3,0.1,0.333333333,-1,0.027272727,0.333333333,2
2024-25,2025/5/3,Bournemouth,Arsenal,Away,2,1,9,13,2,4,3,2,2,0,3,0.222222222,0.222222222,1,-4,-0.085470085,0.75,1
2024-25,2025/5/3,Everton,Ipswich,Home,2,2,8,12,3,5,3,3,4,0,1,0.375,0.25,0.666666667,-4,-0.041666667,0.266666667,0
2024-25,2025/5/3,Fulham,Aston Villa,Away,0,1,11,10,3,3,3,5,5,0,0,0.272727273,0,0,1,-0.027272727,-0.333333333,-2
2024-25,2025/5/3,Ipswich,Everton,Away,2,2,12,8,5,3,3,3,4,0,1,0.416666667,0.166666667,0.4,4,0.041666667,-0.266666667,0
2024-25,2025/5/3,Leicester,Southampton,Home,2,0,14,8,4,2,7,7,1,0,3,0.285714286,0.142857143,0.5,6,0.035714286,0.5,0
2024-25,2025/5/3,Southampton,Leicester,Away,0,2,8,14,2,4,7,7,3,0,0,0.25,0,0,-6,-0.035714286,-0.5,0
2024-25,2025/5/4,Brentford,Man United,Home,4,3,12,14,6,5,7,4,0,0,3,0.5,0.333333333,0.666666667,-2,0.142857143,0.066666667,3
2024-25,2025/5/4,Brighton,Newcastle,Home,1,1,5,13,2,5,1,4,2,0,1,0.4,0.2,0.5,-8,0.015384615,0.3,-3
2024-25,2025/5/4,Chelsea,Liverpool,Home,3,1,17,11,7,2,3,6,2,0,3,0.411764706,0.176470588,0.428571429,6,0.229946524,-0.071428571,-3
2024-25,2025/5/4,Liverpool,Chelsea,Away,1,3,11,17,2,7,6,3,2,0,0,0.181818182,0.090909091,0.5,-6,-0.229946524,0.071428571,3
2024-25,2025/5/4,Man United,Brentford,Away,3,4,14,12,5,6,4,7,2,0,0,0.357142857,0.214285714,0.6,2,-0.142857143,-0.066666667,-3
2024-25,2025/5/4,Newcastle,Brighton,Away,1,1,13,5,5,2,4,1,1,0,1,0.384615385,0.076923077,0.2,8,-0.015384615,-0.3,3
2024-25,2025/5/4,Tottenham,West Ham,Away,1,1,7,11,2,2,3,1,2,0,1,0.285714286,0.142857143,0.5,-4,0.103896104,0,2
2024-25,2025/5/4,West Ham,Tottenham,Home,1,1,11,7,2,2,1,3,2,0,1,0.181818182,0.090909091,0.5,4,-0.103896104,0,-2
2024-25,2025/5/5,Crystal Palace,Nott'm Forest,Home,1,1,20,12,3,4,7,4,3,0,1,0.15,0.05,0.333333333,8,-0.183333333,0.083333333,3
2024-25,2025/5/5,Nott'm Forest,Crystal Palace,Away,1,1,12,20,4,3,4,7,8,0,1,0.333333333,0.083333333,0.25,-8,0.183333333,-0.083333333,-3
2024-25,2025/5/10,Aston Villa,Bournemouth,Away,1,0,6,10,3,4,0,10,3,1,3,0.5,0.166666667,0.333333333,-4,0.1,0.333333333,-10
2024-25,2025/5/10,Bournemouth,Aston Villa,Home,0,1,10,6,4,3,10,0,4,0,0,0.4,0,0,4,-0.1,-0.333333333,10
2024-25,2025/5/10,Brentford,Ipswich,Away,1,0,15,11,5,4,6,5,4,0,3,0.333333333,0.066666667,0.2,4,-0.03030303,0.2,1
2024-25,2025/5/10,Brighton,Wolves,Away,2,0,7,10,2,3,4,7,1,0,3,0.285714286,0.285714286,1,-3,-0.014285714,1,-3
2024-25,2025/5/10,Everton,Fulham,Away,3,1,11,18,7,6,5,5,0,0,3,0.636363636,0.272727273,0.428571429,-7,0.303030303,0.261904762,0
2024-25,2025/5/10,Fulham,Everton,Home,1,3,18,11,6,7,5,5,1,0,0,0.333333333,0.055555556,0.166666667,7,-0.303030303,-0.261904762,0
2024-25,2025/5/10,Ipswich,Brentford,Home,0,1,11,15,4,5,5,6,2,0,0,0.363636364,0,0,-4,0.03030303,-0.2,-1
2024-25,2025/5/10,Man City,Southampton,Away,0,0,26,2,5,0,15,1,0,0,1,0.192307692,0,0,24,0.192307692,0,14
2024-25,2025/5/10,Southampton,Man City,Home,0,0,2,26,0,5,1,15,2,0,1,0,0,0,-24,-0.192307692,0,-14
2024-25,2025/5/10,Wolves,Brighton,Home,0,2,10,7,3,2,7,4,1,0,0,0.3,0,0,3,0.014285714,-1,3
2024-25,2025/5/11,Arsenal,Liverpool,Away,2,2,15,14,7,5,1,3,1,1,1,0.466666667,0.133333333,0.285714286,1,0.10952381,-0.114285714,-2
2024-25,2025/5/11,Chelsea,Newcastle,Away,0,2,10,15,3,6,8,2,2,1,0,0.3,0,0,-5,-0.1,-0.333333333,6
2024-25,2025/5/11,Crystal Palace,Tottenham,Away,2,0,23,8,10,1,8,4,1,0,3,0.434782609,0.086956522,0.2,15,0.309782609,0.2,4
2024-25,2025/5/11,Leicester,Nott'm Forest,Away,2,2,10,15,6,4,4,4,3,0,1,0.6,0.2,0.333333333,-5,0.333333333,-0.166666667,0
2024-25,2025/5/11,Liverpool,Arsenal,Home,2,2,14,15,5,7,3,1,1,0,1,0.357142857,0.142857143,0.4,-1,-0.10952381,0.114285714,2
2024-25,2025/5/11,Man United,West Ham,Home,0,2,20,9,5,4,8,5,0,0,0,0.25,0,0,11,-0.194444444,-0.5,3
2024-25,2025/5/11,Newcastle,Chelsea,Home,2,0,15,10,6,3,2,8,4,0,3,0.4,0.133333333,0.333333333,5,0.1,0.333333333,-6
2024-25,2025/5/11,Nott'm Forest,Leicester,Home,2,2,15,10,4,6,4,4,3,0,1,0.266666667,0.133333333,0.5,5,-0.333333333,0.166666667,0
2024-25,2025/5/11,Tottenham,Crystal Palace,Home,0,2,8,23,1,10,4,8,1,0,0,0.125,0,0,-15,-0.309782609,-0.2,-4
2024-25,2025/5/11,West Ham,Man United,Away,2,0,9,20,4,5,5,8,1,0,3,0.444444444,0.222222222,0.5,-11,0.194444444,0.5,-3
2024-25,2025/5/16,Aston Villa,Tottenham,Home,2,0,18,3,7,1,9,1,1,0,3,0.388888889,0.111111111,0.285714286,15,0.055555556,0.285714286,8
2024-25,2025/5/16,Chelsea,Man United,Home,1,0,11,4,3,1,7,2,1,0,3,0.272727273,0.090909091,0.333333333,7,0.022727273,0.333333333,5
2024-25,2025/5/16,Man United,Chelsea,Away,0,1,4,11,1,3,2,7,6,0,0,0.25,0,0,-7,-0.022727273,-0.333333333,-5
2024-25,2025/5/16,Tottenham,Aston Villa,Away,0,2,3,18,1,7,1,9,2,0,0,0.333333333,0,0,-15,-0.055555556,-0.285714286,-8
2024-25,2025/5/18,Arsenal,Newcastle,Home,1,0,12,14,4,5,10,7,3,0,3,0.333333333,0.083333333,0.25,-2,-0.023809524,0.25,3
2024-25,2025/5/18,Brentford,Fulham,Home,2,3,11,16,6,7,5,3,4,0,0,0.545454545,0.181818182,0.333333333,-5,0.107954545,-0.095238095,2
2024-25,2025/5/18,Everton,Southampton,Home,2,0,13,6,5,2,4,5,1,0,3,0.384615385,0.153846154,0.4,7,0.051282051,0.4,-1
2024-25,2025/5/18,Fulham,Brentford,Away,3,2,16,11,7,6,3,5,4,0,3,0.4375,0.1875,0.428571429,5,-0.107954545,0.095238095,-2
2024-25,2025/5/18,Ipswich,Leicester,Away,0,2,20,9,2,3,2,2,0,0,0,0.1,0,0,11,-0.233333333,-0.666666667,0
2024-25,2025/5/18,Leicester,Ipswich,Home,2,0,9,20,3,2,2,2,1,0,3,0.333333333,0.222222222,0.666666667,-11,0.233333333,0.666666667,0
2024-25,2025/5/18,Newcastle,Arsenal,Away,0,1,14,12,5,4,7,10,3,0,0,0.357142857,0,0,2,0.023809524,-0.25,-3
2024-25,2025/5/18,Nott'm Forest,West Ham,Away,2,1,10,16,5,5,7,8,3,0,3,0.5,0.2,0.4,-6,0.1875,0.2,-1
2024-25,2025/5/18,Southampton,Everton,Away,0,2,6,13,2,5,5,4,1,0,0,0.333333333,0,0,-7,-0.051282051,-0.4,1
2024-25,2025/5/18,West Ham,Nott'm Forest,Home,1,2,16,10,5,5,8,7,6,0,0,0.3125,0.0625,0.2,6,-0.1875,-0.2,1
2024-25,2025/5/19,Brighton,Liverpool,Home,3,2,25,18,12,5,3,3,1,0,3,0.48,0.12,0.25,7,0.202222222,-0.15,0
2024-25,2025/5/19,Liverpool,Brighton,Away,2,3,18,25,5,12,3,3,0,0,0,0.277777778,0.111111111,0.4,-7,-0.202222222,0.15,0
2024-25,2025/5/20,Bournemouth,Man City,Away,1,3,8,12,2,5,1,3,3,1,0,0.25,0.125,0.5,-4,-0.166666667,-0.1,-2
2024-25,2025/5/20,Crystal Palace,Wolves,Home,4,2,14,12,10,3,0,10,1,0,3,0.714285714,0.285714286,0.4,2,0.464285714,-0.266666667,-10
2024-25,2025/5/20,Man City,Bournemouth,Home,3,1,12,8,5,2,3,1,1,1,3,0.416666667,0.25,0.6,4,0.166666667,0.1,2
2024-25,2025/5/20,Wolves,Crystal Palace,Away,2,4,12,14,3,10,10,0,2,0,0,0.25,0.166666667,0.666666667,-2,-0.464285714,0.266666667,10
2024-25,2025/5/25,Arsenal,Southampton,Away,2,1,23,7,8,2,8,5,0,0,3,0.347826087,0.086956522,0.25,16,0.062111801,-0.25,3
2024-25,2025/5/25,Aston Villa,Man United,Away,0,2,6,25,1,10,3,4,2,1,0,0.166666667,0,0,-19,-0.233333333,-0.2,-1
2024-25,2025/5/25,Bournemouth,Leicester,Home,2,0,20,3,7,0,6,1,0,0,3,0.35,0.1,0.285714286,17,0.35,0.285714286,5
2024-25,2025/5/25,Brentford,Wolves,Away,1,1,13,18,7,6,3,8,1,0,1,0.538461538,0.076923077,0.142857143,-5,0.205128205,-0.023809524,-5
2024-25,2025/5/25,Brighton,Tottenham,Away,4,1,23,4,8,2,11,2,1,0,3,0.347826087,0.173913043,0.5,19,-0.152173913,0,9
2024-25,2025/5/25,Chelsea,Nott'm Forest,Away,1,0,6,10,2,2,4,7,2,0,3,0.333333333,0.166666667,0.5,-4,0.133333333,0.5,-3
2024-25,2025/5/25,Crystal Palace,Liverpool,Away,1,1,8,14,5,3,0,11,0,0,1,0.625,0.125,0.2,-6,0.410714286,-0.133333333,-11
2024-25,2025/5/25,Everton,Newcastle,Away,1,0,14,17,6,6,3,12,4,0,3,0.428571429,0.071428571,0.166666667,-3,0.075630252,0.166666667,-9
2024-25,2025/5/25,Fulham,Man City,Home,0,2,13,20,3,5,1,6,0,0,0,0.230769231,0,0,-7,-0.019230769,-0.4,-5
2024-25,2025/5/25,Ipswich,West Ham,Home,1,3,14,10,4,6,4,0,1,0,0,0.285714286,0.071428571,0.25,4,-0.314285714,-0.25,4
2024-25,2025/5/25,Leicester,Bournemouth,Away,0,2,3,20,0,7,1,6,2,0,0,0,0,0,-17,-0.35,-0.285714286,-5
2024-25,2025/5/25,Liverpool,Crystal Palace,Home,1,1,14,8,3,5,11,0,1,1,1,0.214285714,0.071428571,0.333333333,6,-0.410714286,0.133333333,11
2024-25,2025/5/25,Man City,Fulham,Away,2,0,20,13,5,3,6,1,0,0,3,0.25,0.1,0.4,7,0.019230769,0.4,5
2024-25,2025/5/25,Man United,Aston Villa,Home,2,0,25,6,10,1,4,3,2,0,3,0.4,0.08,0.2,19,0.233333333,0.2,1
2024-25,2025/5/25,Newcastle,Everton,Home,0,1,17,14,6,6,12,3,1,0,0,0.352941176,0,0,3,-0.075630252,-0.166666667,9
2024-25,2025/5/25,Nott'm Forest,Chelsea,Home,0,1,10,6,2,2,7,4,2,0,0,0.2,0,0,4,-0.133333333,-0.5,3
2024-25,2025/5/25,Southampton,Arsenal,Home,1,2,7,23,2,8,5,8,0,0,0,0.285714286,0.142857143,0.5,-16,-0.062111801,0.25,-3
2024-25,2025/5/25,Tottenham,Brighton,Home,1,4,4,23,2,8,2,11,3,0,0,0.5,0.25,0.5,-19,0.152173913,0,-9
2024-25,2025/5/25,West Ham,Ipswich,Away,3,1,10,14,6,4,0,4,1,0,3,0.6,0.3,0.5,-4,0.314285714,0.25,-4
2024-25,2025/5/25,Wolves,Brentford,Home,1,1,18,13,6,7,8,3,2,0,1,0.333333333,0.055555556,0.166666667,5,-0.205128205,0.023809524,5
2025-26,2025/8/15,Bournemouth,Liverpool,Away,2,4,10,19,3,10,7,6,2,0,0,0.3,0.2,0.666666667,-9,-0.226315789,0.266666667,1
2025-26,2025/8/15,Liverpool,Bournemouth,Home,4,2,19,10,10,3,6,7,1,0,3,0.526315789,0.210526316,0.4,9,0.226315789,-0.266666667,-1
2025-26,2025/8/16,Aston Villa,Newcastle,Home,0,0,3,16,3,3,3,6,1,1,1,1,0,0,-13,0.8125,0,-3
2025-26,2025/8/16,Brighton,Fulham,Home,1,1,10,7,4,2,4,3,3,0,1,0.4,0.1,0.25,3,0.114285714,-0.25,1
2025-26,2025/8/16,Burnley,Tottenham,Away,0,3,14,16,4,6,5,6,0,0,0,0.285714286,0,0,-2,-0.089285714,-0.5,-1
2025-26,2025/8/16,Fulham,Brighton,Away,1,1,7,10,2,4,3,4,3,0,1,0.285714286,0.142857143,0.5,-3,-0.114285714,0.25,-1
2025-26,2025/8/16,Man City,Wolves,Away,4,0,15,9,4,3,6,4,2,0,3,0.266666667,0.266666667,1,6,-0.066666667,1,2
2025-26,2025/8/16,Newcastle,Aston Villa,Away,0,0,16,3,3,3,6,3,1,0,1,0.1875,0,0,13,-0.8125,0,3
2025-26,2025/8/16,Sunderland,West Ham,Home,3,0,10,12,5,4,5,7,0,0,3,0.5,0.3,0.6,-2,0.166666667,0.6,-2
2025-26,2025/8/16,Tottenham,Burnley,Home,3,0,16,14,6,4,6,5,0,0,3,0.375,0.1875,0.5,2,0.089285714,0.5,1
2025-26,2025/8/16,West Ham,Sunderland,Away,0,3,12,10,4,5,7,5,1,0,0,0.333333333,0,0,2,-0.166666667,-0.6,2
2025-26,2025/8/16,Wolves,Man City,Home,0,4,9,15,3,4,4,6,1,0,0,0.333333333,0,0,-6,0.066666667,-1,-2
2025-26,2025/8/17,Arsenal,Man United,Away,1,0,9,22,3,7,4,3,4,0,3,0.333333333,0.111111111,0.333333333,-13,0.015151515,0.333333333,1
2025-26,2025/8/17,Brentford,Nott'm Forest,Away,1,3,10,11,3,5,5,5,2,0,0,0.3,0.1,0.333333333,-1,-0.154545455,-0.266666667,0
2025-26,2025/8/17,Chelsea,Crystal Palace,Home,0,0,19,12,3,4,11,2,2,0,1,0.157894737,0,0,7,-0.175438596,0,9
2025-26,2025/8/17,Crystal Palace,Chelsea,Away,0,0,12,19,4,3,2,11,3,0,1,0.333333333,0,0,-7,0.175438596,0,-9
2025-26,2025/8/17,Man United,Arsenal,Home,0,1,22,9,7,3,3,4,1,0,0,0.318181818,0,0,13,-0.015151515,-0.333333333,-1
2025-26,2025/8/17,Nott'm Forest,Brentford,Home,3,1,11,10,5,3,5,5,1,0,3,0.454545455,0.272727273,0.6,1,0.154545455,0.266666667,0
2025-26,2025/8/18,Everton,Leeds,Away,0,1,7,21,1,3,2,7,2,0,0,0.142857143,0,0,-14,0,-0.333333333,-5
2025-26,2025/8/18,Leeds,Everton,Home,1,0,21,7,3,1,7,2,0,0,3,0.142857143,0.047619048,0.333333333,14,0,0.333333333,5
2025-26,2025/8/22,Chelsea,West Ham,Away,5,1,12,12,7,4,5,7,1,0,3,0.583333333,0.416666667,0.714285714,0,0.25,0.464285714,-2
2025-26,2025/8/22,West Ham,Chelsea,Home,1,5,12,12,4,7,7,5,0,0,0,0.333333333,0.083333333,0.25,0,-0.25,-0.464285714,2
2025-26,2025/8/23,Arsenal,Leeds,Home,5,0,18,3,5,1,2,2,0,0,3,0.277777778,0.277777778,1,15,-0.055555556,1,0
2025-26,2025/8/23,Aston Villa,Brentford,Away,0,1,17,9,2,2,9,2,2,0,0,0.117647059,0,0,8,-0.104575163,-0.5,7
2025-26,2025/8/23,Bournemouth,Wolves,Home,1,0,14,6,4,1,8,3,2,0,3,0.285714286,0.071428571,0.25,8,0.119047619,0.25,5
2025-26,2025/8/23,Brentford,Aston Villa,Home,1,0,9,17,2,2,2,9,1,0,3,0.222222222,0.111111111,0.5,-8,0.104575163,0.5,-7
2025-26,2025/8/23,Burnley,Sunderland,Home,2,0,7,9,2,1,4,3,0,0,3,0.285714286,0.285714286,1,-2,0.174603175,1,1
2025-26,2025/8/23,Leeds,Arsenal,Away,0,5,3,18,1,5,2,2,2,0,0,0.333333333,0,0,-15,0.055555556,-1,0
2025-26,2025/8/23,Man City,Tottenham,Home,0,2,10,12,4,5,7,2,1,0,0,0.4,0,0,-2,-0.016666667,-0.4,5
2025-26,2025/8/23,Sunderland,Burnley,Away,0,2,9,7,1,2,3,4,1,0,0,0.111111111,0,0,2,-0.174603175,-1,-1
2025-26,2025/8/23,Tottenham,Man City,Away,2,0,12,10,5,4,2,7,4,0,3,0.416666667,0.166666667,0.4,2,0.016666667,0.4,-5
2025-26,2025/8/23,Wolves,Bournemouth,Away,0,1,6,14,1,4,3,8,4,1,0,0.166666667,0,0,-8,-0.119047619,-0.25,-5
2025-26,2025/8/24,Brighton,Everton,Away,0,2,13,11,4,3,2,2,3,0,0,0.307692308,0,0,2,0.034965035,-0.666666667,0
2025-26,2025/8/24,Crystal Palace,Nott'm Forest,Home,1,1,8,9,4,1,1,3,3,0,1,0.5,0.125,0.25,-1,0.388888889,-0.75,-2
2025-26,2025/8/24,Everton,Brighton,Home,2,0,11,13,3,4,2,2,4,0,3,0.272727273,0.181818182,0.666666667,-2,-0.034965035,0.666666667,0
2025-26,2025/8/24,Fulham,Man United,Home,1,1,13,10,4,3,9,6,1,0,1,0.307692308,0.076923077,0.25,3,0.007692308,-0.083333333,3
2025-26,2025/8/24,Man United,Fulham,Away,1,1,10,13,3,4,6,9,1,0,1,0.3,0.1,0.333333333,-3,-0.007692308,0.083333333,-3
2025-26,2025/8/24,Nott'm Forest,Crystal Palace,Away,1,1,9,8,1,4,3,1,3,0,1,0.111111111,0.111111111,1,1,-0.388888889,0.75,2
2025-26,2025/8/25,Liverpool,Newcastle,Away,3,2,5,10,4,3,1,7,3,0,3,0.8,0.6,0.75,-5,0.5,0.083333333,-6
2025-26,2025/8/25,Newcastle,Liverpool,Home,2,3,10,5,3,4,7,1,2,1,0,0.3,0.2,0.666666667,5,-0.5,-0.083333333,6
2025-26,2025/8/30,Bournemouth,Tottenham,Away,1,0,20,5,6,1,8,0,4,0,3,0.3,0.05,0.166666667,15,0.1,0.166666667,8
2025-26,2025/8/30,Brentford,Sunderland,Away,1,2,7,12,4,3,4,3,2,0,0,0.571428571,0.142857143,0.25,-5,0.321428571,-0.416666667,1
2025-26,2025/8/30,Burnley,Man United,Away,2,3,6,26,3,6,1,7,5,0,0,0.5,0.333333333,0.666666667,-20,0.269230769,0.166666667,-6
2025-26,2025/8/30,Chelsea,Fulham,Home,2,0,13,11,6,3,6,4,2,0,3,0.461538462,0.153846154,0.333333333,2,0.188811189,0.333333333,2
2025-26,2025/8/30,Everton,Wolves,Away,3,2,10,12,4,4,2,2,1,0,3,0.4,0.3,0.75,-2,0.066666667,0.25,0
2025-26,2025/8/30,Fulham,Chelsea,Away,0,2,11,13,3,6,4,6,2,0,0,0.272727273,0,0,-2,-0.188811189,-0.333333333,-2
2025-26,2025/8/30,Leeds,Newcastle,Home,0,0,10,8,1,2,5,5,1,0,1,0.1,0,0,2,-0.15,0,0
2025-26,2025/8/30,Man United,Burnley,Home,3,2,26,6,6,3,7,1,1,0,3,0.230769231,0.115384615,0.5,20,-0.269230769,-0.166666667,6
2025-26,2025/8/30,Newcastle,Leeds,Away,0,0,8,10,2,1,5,5,1,0,1,0.25,0,0,-2,0.15,0,0
2025-26,2025/8/30,Sunderland,Brentford,Home,2,1,12,7,3,4,3,4,3,0,3,0.25,0.166666667,0.666666667,5,-0.321428571,0.416666667,-1
2025-26,2025/8/30,Tottenham,Bournemouth,Home,0,1,5,20,1,6,0,8,2,0,0,0.2,0,0,-15,-0.1,-0.166666667,-8
2025-26,2025/8/30,Wolves,Everton,Home,2,3,12,10,4,4,2,2,0,0,0,0.333333333,0.166666667,0.5,2,-0.066666667,-0.25,0
2025-26,2025/8/31,Arsenal,Liverpool,Away,0,1,11,9,1,3,8,3,2,0,0,0.090909091,0,0,2,-0.242424242,-0.333333333,5
2025-26,2025/8/31,Aston Villa,Crystal Palace,Home,0,3,13,6,4,4,10,1,2,0,0,0.307692308,0,0,7,-0.358974359,-0.75,9
2025-26,2025/8/31,Brighton,Man City,Home,2,1,12,12,7,3,3,2,2,0,3,0.583333333,0.166666667,0.285714286,0,0.333333333,-0.047619048,1
2025-26,2025/8/31,Crystal Palace,Aston Villa,Away,3,0,6,13,4,4,1,10,3,0,3,0.666666667,0.5,0.75,-7,0.358974359,0.75,-9
2025-26,2025/8/31,Liverpool,Arsenal,Home,1,0,9,11,3,1,3,8,2,0,3,0.333333333,0.111111111,0.333333333,-2,0.242424242,0.333333333,-5
2025-26,2025/8/31,Man City,Brighton,Away,1,2,12,12,3,7,2,3,2,0,0,0.25,0.083333333,0.333333333,0,-0.333333333,0.047619048,-1
2025-26,2025/8/31,Nott'm Forest,West Ham,Home,0,3,11,12,3,8,9,7,0,0,0,0.272727273,0,0,-1,-0.393939394,-0.375,2
2025-26,2025/8/31,West Ham,Nott'm Forest,Away,3,0,12,11,8,3,7,9,0,0,3,0.666666667,0.25,0.375,1,0.393939394,0.375,-2
2025-26,2025/9/13,Arsenal,Nott'm Forest,Home,3,0,16,5,5,1,8,4,1,0,3,0.3125,0.1875,0.6,11,0.1125,0.6,4
2025-26,2025/9/13,Aston Villa,Everton,Away,0,0,7,20,1,2,3,10,3,0,1,0.142857143,0,0,-13,0.042857143,0,-7
2025-26,2025/9/13,Bournemouth,Brighton,Home,2,1,13,6,5,2,4,4,4,0,3,0.384615385,0.153846154,0.4,7,0.051282051,-0.1,0
2025-26,2025/9/13,Brentford,Chelsea,Home,2,2,7,16,4,6,5,6,3,0,1,0.571428571,0.285714286,0.5,-9,0.196428571,0.166666667,-1
2025-26,2025/9/13,Brighton,Bournemouth,Away,1,2,6,13,2,5,4,4,4,0,0,0.333333333,0.166666667,0.5,-7,-0.051282051,0.1,0
2025-26,2025/9/13,Chelsea,Brentford,Away,2,2,16,7,6,4,6,5,2,0,1,0.375,0.125,0.333333333,9,-0.196428571,-0.166666667,1
2025-26,2025/9/13,Crystal Palace,Sunderland,Home,0,0,14,6,6,0,5,3,1,0,1,0.428571429,0,0,8,0.428571429,0,2
2025-26,2025/9/13,Everton,Aston Villa,Home,0,0,20,7,2,1,10,3,3,0,1,0.1,0,0,13,-0.042857143,0,7
2025-26,2025/9/13,Fulham,Leeds,Home,1,0,5,10,3,3,3,3,1,0,3,0.6,0.2,0.333333333,-5,0.3,0.333333333,0
2025-26,2025/9/13,Leeds,Fulham,Away,0,1,10,5,3,3,3,3,2,0,0,0.3,0,0,5,-0.3,-0.333333333,0
2025-26,2025/9/13,Newcastle,Wolves,Home,1,0,16,8,4,3,10,4,1,0,3,0.25,0.0625,0.25,8,-0.125,0.25,6
2025-26,2025/9/13,Nott'm Forest,Arsenal,Away,0,3,5,16,1,5,4,8,1,0,0,0.2,0,0,-11,-0.1125,-0.6,-4
2025-26,2025/9/13,Sunderland,Crystal Palace,Away,0,0,6,14,0,6,3,5,1,0,1,0,0,0,-8,-0.428571429,0,-2
2025-26,2025/9/13,Tottenham,West Ham,Away,3,0,14,7,5,4,13,2,1,0,3,0.357142857,0.214285714,0.6,7,-0.214285714,0.6,11
2025-26,2025/9/13,West Ham,Tottenham,Home,0,3,7,14,4,5,2,13,0,1,0,0.571428571,0,0,-7,0.214285714,-0.6,-11
2025-26,2025/9/13,Wolves,Newcastle,Away,0,1,8,16,3,4,4,10,4,0,0,0.375,0,0,-8,0.125,-0.25,-6
2025-26,2025/9/14,Burnley,Liverpool,Home,0,1,3,27,0,4,1,13,0,0,0,0,0,0,-24,-0.148148148,-0.25,-12
2025-26,2025/9/14,Liverpool,Burnley,Away,1,0,27,3,4,0,13,1,2,0,3,0.148148148,0.037037037,0.25,24,0.148148148,0.25,12
2025-26,2025/9/14,Man City,Man United,Home,3,0,13,12,6,2,2,4,0,0,3,0.461538462,0.230769231,0.5,1,0.294871795,0.5,-2
2025-26,2025/9/14,Man United,Man City,Away,0,3,12,13,2,6,4,2,0,0,0,0.166666667,0,0,-1,-0.294871795,-0.5,2
2025-26,2025/9/20,Brentford,Fulham,Away,1,3,8,14,3,3,10,2,1,0,0,0.375,0.125,0.333333333,-6,0.160714286,-0.666666667,8
2025-26,2025/9/20,Brighton,Tottenham,Home,2,2,12,11,4,3,2,10,1,0,1,0.333333333,0.166666667,0.5,1,0.060606061,-0.166666667,-8
2025-26,2025/9/20,Burnley,Nott'm Forest,Home,1,1,12,17,5,8,4,5,1,0,1,0.416666667,0.083333333,0.2,-5,-0.053921569,0.075,-1
2025-26,2025/9/20,Chelsea,Man United,Away,1,2,5,11,1,4,5,5,5,1,0,0.2,0.2,1,-6,-0.163636364,0.5,0
2025-26,2025/9/20,Crystal Palace,West Ham,Away,2,1,18,8,3,3,8,8,3,0,3,0.166666667,0.111111111,0.666666667,10,-0.208333333,0.333333333,0
2025-26,2025/9/20,Everton,Liverpool,Away,1,2,9,11,2,3,4,5,3,0,0,0.222222222,0.111111111,0.5,-2,-0.050505051,-0.166666667,-1
2025-26,2025/9/20,Fulham,Brentford,Home,3,1,14,8,3,3,2,10,4,0,3,0.214285714,0.214285714,1,6,-0.160714286,0.666666667,-8
2025-26,2025/9/20,Leeds,Wolves,Away,3,1,6,16,4,6,0,4,1,0,3,0.666666667,0.5,0.75,-10,0.291666667,0.583333333,-4
2025-26,2025/9/20,Liverpool,Everton,Home,2,1,11,9,3,2,5,4,2,0,3,0.272727273,0.181818182,0.666666667,2,0.050505051,0.166666667,1
2025-26,2025/9/20,Man United,Chelsea,Home,2,1,11,5,4,1,5,5,0,1,3,0.363636364,0.181818182,0.5,6,0.163636364,-0.5,0
2025-26,2025/9/20,Nott'm Forest,Burnley,Away,1,1,17,12,8,5,5,4,1,0,1,0.470588235,0.058823529,0.125,5,0.053921569,-0.075,1
2025-26,2025/9/20,Tottenham,Brighton,Away,2,2,11,12,3,4,10,2,2,0,1,0.272727273,0.181818182,0.666666667,-1,-0.060606061,0.166666667,8
2025-26,2025/9/20,West Ham,Crystal Palace,Home,1,2,8,18,3,3,8,8,3,0,0,0.375,0.125,0.333333333,-10,0.208333333,-0.333333333,0
2025-26,2025/9/20,Wolves,Leeds,Home,1,3,16,6,6,4,4,0,1,0,0,0.375,0.0625,0.166666667,10,-0.291666667,-0.583333333,4
2025-26,2025/9/21,Arsenal,Man City,Home,1,1,12,5,3,3,11,2,1,0,1,0.25,0.083333333,0.333333333,7,-0.35,0,9
2025-26,2025/9/21,Aston Villa,Sunderland,Away,1,1,12,14,2,4,5,6,1,0,1,0.166666667,0.083333333,0.5,-2,-0.119047619,0.25,-1
2025-26,2025/9/21,Bournemouth,Newcastle,Home,0,0,11,4,2,1,5,2,2,0,1,0.181818182,0,0,7,-0.068181818,0,3
2025-26,2025/9/21,Man City,Arsenal,Away,1,1,5,12,3,3,2,11,2,0,1,0.6,0.2,0.333333333,-7,0.35,0,-9
2025-26,2025/9/21,Newcastle,Bournemouth,Away,0,0,4,11,1,2,2,5,1,0,1,0.25,0,0,-7,0.068181818,0,-3
2025-26,2025/9/21,Sunderland,Aston Villa,Home,1,1,14,12,4,2,6,5,2,1,1,0.285714286,0.071428571,0.25,2,0.119047619,-0.25,1
2025-26,2025/9/27,Bournemouth,Leeds,Away,2,2,12,19,5,8,4,7,2,0,1,0.416666667,0.166666667,0.4,-7,-0.004385965,0.15,-3
2025-26,2025/9/27,Brentford,Man United,Home,3,1,10,14,8,6,4,2,2,0,3,0.8,0.3,0.375,-4,0.371428571,0.208333333,2
2025-26,2025/9/27,Brighton,Chelsea,Away,3,1,12,13,3,3,7,5,5,0,3,0.25,0.25,1,-1,0.019230769,0.666666667,2
2025-26,2025/9/27,Burnley,Man City,Away,1,5,9,21,2,8,2,10,3,0,0,0.222222222,0.111111111,0.5,-12,-0.158730159,-0.125,-8
2025-26,2025/9/27,Chelsea,Brighton,Home,1,3,13,12,3,3,5,7,3,1,0,0.230769231,0.076923077,0.333333333,1,-0.019230769,-0.666666667,-2
2025-26,2025/9/27,Crystal Palace,Liverpool,Home,2,1,16,20,7,4,2,6,1,0,3,0.4375,0.125,0.285714286,-4,0.2375,0.035714286,-4
2025-26,2025/9/27,Leeds,Bournemouth,Home,2,2,19,12,8,5,7,4,2,0,1,0.421052632,0.105263158,0.25,7,0.004385965,-0.15,3
2025-26,2025/9/27,Liverpool,Crystal Palace,Away,1,2,20,16,4,7,6,2,3,0,0,0.2,0.05,0.25,4,-0.2375,-0.035714286,4
2025-26,2025/9/27,Man City,Burnley,Home,5,1,21,9,8,2,10,2,1,0,3,0.380952381,0.238095238,0.625,12,0.158730159,0.125,8
2025-26,2025/9/27,Man United,Brentford,Away,1,3,14,10,6,8,2,4,2,0,0,0.428571429,0.071428571,0.166666667,4,-0.371428571,-0.208333333,-2
2025-26,2025/9/27,Nott'm Forest,Sunderland,Home,0,1,22,11,6,3,7,4,4,0,0,0.272727273,0,0,11,0,-0.333333333,3
2025-26,2025/9/27,Sunderland,Nott'm Forest,Away,1,0,11,22,3,6,4,7,2,0,3,0.272727273,0.090909091,0.333333333,-11,0,0.333333333,-3
2025-26,2025/9/27,Tottenham,Wolves,Home,1,1,10,9,3,3,10,9,3,0,1,0.3,0.1,0.333333333,1,-0.033333333,0,1
2025-26,2025/9/27,Wolves,Tottenham,Away,1,1,9,10,3,3,9,10,2,0,1,0.333333333,0.111111111,0.333333333,-1,0.033333333,0,-1
2025-26,2025/9/28,Arsenal,Newcastle,Away,2,1,20,8,7,3,12,7,1,0,3,0.35,0.1,0.285714286,12,-0.025,-0.047619048,5
2025-26,2025/9/28,Aston Villa,Fulham,Home,3,1,9,11,4,4,2,8,1,0,3,0.444444444,0.333333333,0.75,-2,0.080808081,0.5,-6
2025-26,2025/9/28,Fulham,Aston Villa,Away,1,3,11,9,4,4,8,2,4,0,0,0.363636364,0.090909091,0.25,2,-0.080808081,-0.5,6
2025-26,2025/9/28,Newcastle,Arsenal,Home,1,2,8,20,3,7,7,12,2,0,0,0.375,0.125,0.333333333,-12,0.025,0.047619048,-5
2025-26,2025/9/29,Everton,West Ham,Home,1,1,12,14,6,3,3,5,3,0,1,0.5,0.083333333,0.166666667,-2,0.285714286,-0.166666667,-2
2025-26,2025/9/29,West Ham,Everton,Away,1,1,14,12,3,6,5,3,4,0,1,0.214285714,0.071428571,0.333333333,2,-0.285714286,0.166666667,2
2025-26,2025/10/3,Bournemouth,Fulham,Home,3,1,11,12,6,4,4,3,0,0,3,0.545454545,0.272727273,0.5,-1,0.212121212,0.25,1
2025-26,2025/10/3,Fulham,Bournemouth,Away,1,3,12,11,4,6,3,4,1,0,0,0.333333333,0.083333333,0.25,1,-0.212121212,-0.25,-1
2025-26,2025/10/4,Arsenal,West Ham,Home,2,0,21,4,5,0,8,3,0,0,3,0.238095238,0.095238095,0.4,17,0.238095238,0.4,5
2025-26,2025/10/4,Chelsea,Liverpool,Home,2,1,12,12,6,2,7,2,0,0,3,0.5,0.166666667,0.333333333,0,0.333333333,-0.166666667,5
2025-26,2025/10/4,Leeds,Tottenham,Home,1,2,16,9,4,3,4,1,2,0,0,0.25,0.0625,0.25,7,-0.083333333,-0.416666667,3
2025-26,2025/10/4,Liverpool,Chelsea,Away,1,2,12,12,2,6,2,7,2,0,0,0.166666667,0.083333333,0.5,0,-0.333333333,0.166666667,-5
2025-26,2025/10/4,Man United,Sunderland,Home,2,0,15,8,6,3,2,3,1,0,3,0.4,0.133333333,0.333333333,7,0.025,0.333333333,-1
2025-26,2025/10/4,Sunderland,Man United,Away,0,2,8,15,3,6,3,2,4,0,0,0.375,0,0,-7,-0.025,-0.333333333,1
2025-26,2025/10/4,Tottenham,Leeds,Away,2,1,9,16,3,4,1,4,3,0,3,0.333333333,0.222222222,0.666666667,-7,0.083333333,0.416666667,-3
2025-26,2025/10/4,West Ham,Arsenal,Away,0,2,4,21,0,5,3,8,2,0,0,0,0,0,-17,-0.238095238,-0.4,-5
2025-26,2025/10/5,Aston Villa,Burnley,Home,2,1,15,5,7,2,6,4,3,0,3,0.466666667,0.133333333,0.285714286,10,0.066666667,-0.214285714,2
2025-26,2025/10/5,Brentford,Man City,Home,0,1,6,10,1,4,3,2,3,0,0,0.166666667,0,0,-4,-0.233333333,-0.25,1
2025-26,2025/10/5,Brighton,Wolves,Away,1,1,17,6,6,3,8,2,4,0,1,0.352941176,0.058823529,0.166666667,11,-0.147058824,-0.166666667,6
2025-26,2025/10/5,Burnley,Aston Villa,Away,1,2,5,15,2,7,4,6,1,0,0,0.4,0.2,0.5,-10,-0.066666667,0.214285714,-2
2025-26,2025/10/5,Crystal Palace,Everton,Away,1,2,15,14,8,7,4,2,3,0,0,0.533333333,0.066666667,0.125,1,0.033333333,-0.160714286,2
2025-26,2025/10/5,Everton,Crystal Palace,Home,2,1,14,15,7,8,2,4,2,0,3,0.5,0.142857143,0.285714286,-1,-0.033333333,0.160714286,-2
2025-26,2025/10/5,Man City,Brentford,Away,1,0,10,6,4,1,2,3,2,0,3,0.4,0.1,0.25,4,0.233333333,0.25,-1
2025-26,2025/10/5,Newcastle,Nott'm Forest,Home,2,0,18,5,9,4,8,1,0,0,3,0.5,0.111111111,0.222222222,13,-0.3,0.222222222,7
2025-26,2025/10/5,Nott'm Forest,Newcastle,Away,0,2,5,18,4,9,1,8,4,0,0,0.8,0,0,-13,0.3,-0.222222222,-7
2025-26,2025/10/5,Wolves,Brighton,Home,1,1,6,17,3,6,2,8,2,0,1,0.5,0.166666667,0.333333333,-11,0.147058824,0.166666667,-6
2025-26,2025/10/18,Arsenal,Fulham,Away,1,0,16,9,5,0,10,6,0,0,3,0.3125,0.0625,0.2,7,0.3125,0.2,4
2025-26,2025/10/18,Bournemouth,Crystal Palace,Away,3,3,8,20,5,7,5,6,4,0,1,0.625,0.375,0.6,-12,0.275,0.171428571,-1
2025-26,2025/10/18,Brighton,Newcastle,Home,2,1,13,16,5,3,8,4,0,0,3,0.384615385,0.153846154,0.4,-3,0.197115385,0.066666667,4
2025-26,2025/10/18,Burnley,Leeds,Home,2,0,4,19,3,4,1,5,2,0,3,0.75,0.5,0.666666667,-15,0.539473684,0.666666667,-4
2025-26,2025/10/18,Chelsea,Nott'm Forest,Away,3,0,17,12,6,2,2,5,2,1,3,0.352941176,0.176470588,0.5,5,0.18627451,0.5,-3
2025-26,2025/10/18,Crystal Palace,Bournemouth,Home,3,3,20,8,7,5,6,5,1,0,1,0.35,0.15,0.428571429,12,-0.275,-0.171428571,1
2025-26,2025/10/18,Everton,Man City,Away,0,2,5,19,1,7,3,11,2,0,0,0.2,0,0,-14,-0.168421053,-0.285714286,-8
2025-26,2025/10/18,Fulham,Arsenal,Home,0,1,9,16,0,5,6,10,0,0,0,0,0,0,-7,-0.3125,-0.2,-4
2025-26,2025/10/18,Leeds,Burnley,Away,0,2,19,4,4,3,5,1,1,0,0,0.210526316,0,0,15,-0.539473684,-0.666666667,4
2025-26,2025/10/18,Man City,Everton,Home,2,0,19,5,7,1,11,3,0,0,3,0.368421053,0.105263158,0.285714286,14,0.168421053,0.285714286,8
2025-26,2025/10/18,Newcastle,Brighton,Away,1,2,16,13,3,5,4,8,1,0,0,0.1875,0.0625,0.333333333,3,-0.197115385,-0.066666667,-4
2025-26,2025/10/18,Nott'm Forest,Chelsea,Home,0,3,12,17,2,6,5,2,2,0,0,0.166666667,0,0,-5,-0.18627451,-0.5,3
2025-26,2025/10/18,Sunderland,Wolves,Home,2,0,8,16,2,3,3,2,0,0,3,0.25,0.25,1,-8,0.0625,1,1
2025-26,2025/10/18,Wolves,Sunderland,Away,0,2,16,8,3,2,2,3,0,0,0,0.1875,0,0,8,-0.0625,-1,-1
2025-26,2025/10/19,Aston Villa,Tottenham,Away,2,1,8,9,2,3,6,6,0,0,3,0.25,0.25,1,-1,-0.083333333,0.666666667,0
2025-26,2025/10/19,Liverpool,Man United,Home,1,2,19,12,6,4,9,4,0,0,0,0.315789474,0.052631579,0.166666667,7,-0.01754386,-0.333333333,5
2025-26,2025/10/19,Man United,Liverpool,Away,2,1,12,19,4,6,4,9,2,0,3,0.333333333,0.166666667,0.5,-7,0.01754386,0.333333333,-5
2025-26,2025/10/19,Tottenham,Aston Villa,Home,1,2,9,8,3,2,6,6,2,0,0,0.333333333,0.111111111,0.333333333,1,0.083333333,-0.666666667,0
2025-26,2025/10/20,Brentford,West Ham,Away,2,0,22,7,7,1,10,6,1,0,3,0.318181818,0.090909091,0.285714286,15,0.175324675,0.285714286,4
2025-26,2025/10/20,West Ham,Brentford,Home,0,2,7,22,1,7,6,10,1,0,0,0.142857143,0,0,-15,-0.175324675,-0.285714286,-4
2025-26,2025/10/24,Leeds,West Ham,Home,2,1,13,9,5,3,3,4,3,0,3,0.384615385,0.153846154,0.4,4,0.051282051,0.066666667,-1
2025-26,2025/10/24,West Ham,Leeds,Away,1,2,9,13,3,5,4,3,3,0,0,0.333333333,0.111111111,0.333333333,-4,-0.051282051,-0.066666667,1
2025-26,2025/10/25,Brentford,Liverpool,Home,3,2,17,18,8,5,5,4,3,0,3,0.470588235,0.176470588,0.375,-1,0.192810458,-0.025,1
2025-26,2025/10/25,Brighton,Man United,Away,2,4,17,13,5,9,6,1,2,0,0,0.294117647,0.117647059,0.4,4,-0.398190045,-0.044444444,5
2025-26,2025/10/25,Chelsea,Sunderland,Home,1,2,16,10,7,4,9,1,1,0,0,0.4375,0.0625,0.142857143,6,0.0375,-0.357142857,8
2025-26,2025/10/25,Fulham,Newcastle,Away,1,2,12,18,5,7,3,4,2,0,0,0.416666667,0.083333333,0.2,-6,0.027777778,-0.085714286,-1
2025-26,2025/10/25,Liverpool,Brentford,Away,2,3,18,17,5,8,4,5,2,0,0,0.277777778,0.111111111,0.4,1,-0.192810458,0.025,-1
2025-26,2025/10/25,Man United,Brighton,Home,4,2,13,17,9,5,1,6,2,0,3,0.692307692,0.307692308,0.444444444,-4,0.398190045,0.044444444,-5
2025-26,2025/10/25,Newcastle,Fulham,Home,2,1,18,12,7,5,4,3,0,0,3,0.388888889,0.111111111,0.285714286,6,-0.027777778,0.085714286,1
2025-26,2025/10/25,Sunderland,Chelsea,Away,2,1,10,16,4,7,1,9,1,0,3,0.4,0.2,0.5,-6,-0.0375,0.357142857,-8
2025-26,2025/10/26,Arsenal,Crystal Palace,Home,1,0,10,7,3,1,4,3,0,0,3,0.3,0.1,0.333333333,3,0.157142857,0.333333333,1
2025-26,2025/10/26,Aston Villa,Man City,Home,1,0,9,18,3,4,5,6,1,0,3,0.333333333,0.111111111,0.333333333,-9,0.111111111,0.333333333,-1
2025-26,2025/10/26,Bournemouth,Nott'm Forest,Home,2,0,13,8,5,4,6,4,3,0,3,0.384615385,0.153846154,0.4,5,-0.115384615,0.4,2
2025-26,2025/10/26,Burnley,Wolves,Away,3,2,11,15,7,7,3,5,0,0,3,0.636363636,0.272727273,0.428571429,-4,0.16969697,0.142857143,-2
2025-26,2025/10/26,Crystal Palace,Arsenal,Away,0,1,7,10,1,3,3,4,0,0,0,0.142857143,0,0,-3,-0.157142857,-0.333333333,-1
2025-26,2025/10/26,Everton,Tottenham,Home,0,3,12,7,2,4,9,8,2,0,0,0.166666667,0,0,5,-0.404761905,-0.75,1
2025-26,2025/10/26,Man City,Aston Villa,Away,0,1,18,9,4,3,6,5,4,0,0,0.222222222,0,0,9,-0.111111111,-0.333333333,1
2025-26,2025/10/26,Nott'm Forest,Bournemouth,Away,0,2,8,13,4,5,4,6,1,0,0,0.5,0,0,-5,0.115384615,-0.4,-2
2025-26,2025/10/26,Tottenham,Everton,Away,3,0,7,12,4,2,8,9,0,0,3,0.571428571,0.428571429,0.75,-5,0.404761905,0.75,-1
2025-26,2025/10/26,Wolves,Burnley,Home,2,3,15,11,7,7,5,3,1,0,0,0.466666667,0.133333333,0.285714286,4,-0.16969697,-0.142857143,2
2025-26,2025/11/1,Arsenal,Burnley,Away,2,0,12,3,8,0,6,1,1,0,3,0.666666667,0.166666667,0.25,9,0.666666667,0.25,5
2025-26,2025/11/1,Aston Villa,Liverpool,Away,0,2,10,16,3,4,4,1,3,0,0,0.3,0,0,-6,0.05,-0.5,3
2025-26,2025/11/1,Brentford,Crystal Palace,Away,0,2,6,9,2,2,5,6,3,0,0,0.333333333,0,0,-3,0.111111111,-1,-1
2025-26,2025/11/1,Brighton,Leeds,Home,3,0,14,5,7,2,4,7,0,0,3,0.5,0.214285714,0.428571429,9,0.1,0.428571429,-3
2025-26,2025/11/1,Burnley,Arsenal,Home,0,2,3,12,0,8,1,6,2,0,0,0,0,0,-9,-0.666666667,-0.25,-5
2025-26,2025/11/1,Chelsea,Tottenham,Away,1,0,15,3,9,1,5,6,2,0,3,0.6,0.066666667,0.111111111,12,0.266666667,0.111111111,-1
2025-26,2025/11/1,Crystal Palace,Brentford,Home,2,0,9,6,2,2,6,5,0,0,3,0.222222222,0.222222222,1,3,-0.111111111,1,1
2025-26,2025/11/1,Fulham,Wolves,Home,3,0,19,5,6,2,10,1,1,0,3,0.315789474,0.157894737,0.5,14,-0.084210526,0.5,9
2025-26,2025/11/1,Leeds,Brighton,Away,0,3,5,14,2,7,7,4,1,0,0,0.4,0,0,-9,-0.1,-0.428571429,3
2025-26,2025/11/1,Liverpool,Aston Villa,Home,2,0,16,10,4,3,1,4,2,0,3,0.25,0.125,0.5,6,-0.05,0.5,-3
2025-26,2025/11/1,Man United,Nott'm Forest,Away,2,2,18,17,7,3,5,8,1,0,1,0.388888889,0.111111111,0.285714286,1,0.212418301,-0.380952381,-3
2025-26,2025/11/1,Nott'm Forest,Man United,Home,2,2,17,18,3,7,8,5,1,0,1,0.176470588,0.117647059,0.666666667,-1,-0.212418301,0.380952381,3
2025-26,2025/11/1,Tottenham,Chelsea,Home,0,1,3,15,1,9,6,5,4,0,0,0.333333333,0,0,-12,-0.266666667,-0.111111111,1
2025-26,2025/11/1,Wolves,Fulham,Away,0,3,5,19,2,6,1,10,3,1,0,0.4,0,0,-14,0.084210526,-0.5,-9
2025-26,2025/11/2,Bournemouth,Man City,Away,1,3,8,15,5,8,4,10,2,0,0,0.625,0.125,0.2,-7,0.091666667,-0.175,-6
2025-26,2025/11/2,Man City,Bournemouth,Home,3,1,15,8,8,5,10,4,2,0,3,0.533333333,0.2,0.375,7,-0.091666667,0.175,6
2025-26,2025/11/2,Newcastle,West Ham,Away,1,3,12,15,4,9,6,7,2,0,0,0.333333333,0.083333333,0.25,-3,-0.266666667,-0.083333333,-1
2025-26,2025/11/2,West Ham,Newcastle,Home,3,1,15,12,9,4,7,6,1,0,3,0.6,0.2,0.333333333,3,0.266666667,0.083333333,1
2025-26,2025/11/3,Everton,Sunderland,Away,1,1,8,17,2,3,1,4,2,0,1,0.25,0.125,0.5,-9,0.073529412,0.166666667,-3
2025-26,2025/11/3,Sunderland,Everton,Home,1,1,17,8,3,2,4,1,3,0,1,0.176470588,0.058823529,0.333333333,9,-0.073529412,-0.166666667,3
2025-26,2025/11/8,Arsenal,Sunderland,Away,2,2,17,6,7,2,2,2,1,0,1,0.411764706,0.117647059,0.285714286,11,0.078431373,-0.714285714,0
2025-26,2025/11/8,Burnley,West Ham,Away,2,3,16,15,7,6,4,7,2,0,0,0.4375,0.125,0.285714286,1,0.0375,-0.214285714,-3
2025-26,2025/11/8,Chelsea,Wolves,Home,3,0,20,3,8,0,10,1,1,0,3,0.4,0.15,0.375,17,0.4,0.375,9
2025-26,2025/11/8,Everton,Fulham,Home,2,0,14,8,5,4,7,5,2,0,3,0.357142857,0.142857143,0.4,6,-0.142857143,0.4,2
2025-26,2025/11/8,Fulham,Everton,Away,0,2,8,14,4,5,5,7,2,0,0,0.5,0,0,-6,0.142857143,-0.4,-2
2025-26,2025/11/8,Man United,Tottenham,Away,2,2,5,10,2,4,3,5,1,0,1,0.4,0.4,1,-5,0,0.5,-2
2025-26,2025/11/8,Sunderland,Arsenal,Home,2,2,6,17,2,7,2,2,2,0,1,0.333333333,0.333333333,1,-11,-0.078431373,0.714285714,0
2025-26,2025/11/8,Tottenham,Man United,Home,2,2,10,5,4,2,5,3,5,0,1,0.4,0.2,0.5,5,0,-0.5,2
2025-26,2025/11/8,West Ham,Burnley,Home,3,2,15,16,6,7,7,4,2,0,3,0.4,0.2,0.5,-1,-0.0375,0.214285714,3
2025-26,2025/11/8,Wolves,Chelsea,Away,0,3,3,20,0,8,1,10,2,0,0,0,0,0,-17,-0.4,-0.375,-9
2025-26,2025/11/9,Aston Villa,Bournemouth,Home,4,0,16,13,8,4,6,9,2,0,3,0.5,0.25,0.5,3,0.192307692,0.5,-3
2025-26,2025/11/9,Bournemouth,Aston Villa,Away,0,4,13,16,4,8,9,6,2,0,0,0.307692308,0,0,-3,-0.192307692,-0.5,3
2025-26,2025/11/9,Brentford,Newcastle,Home,3,1,15,5,7,1,6,2,2,0,3,0.466666667,0.2,0.428571429,10,0.266666667,-0.571428571,4
2025-26,2025/11/9,Brighton,Crystal Palace,Away,0,0,7,10,3,2,8,4,4,0,1,0.428571429,0,0,-3,0.228571429,0,4
2025-26,2025/11/9,Crystal Palace,Brighton,Home,0,0,10,7,2,3,4,8,1,0,1,0.2,0,0,3,-0.228571429,0,-4
2025-26,2025/11/9,Leeds,Nott'm Forest,Away,1,3,10,14,3,6,4,6,1,0,0,0.3,0.1,0.333333333,-4,-0.128571429,-0.166666667,-2
2025-26,2025/11/9,Liverpool,Man City,Away,0,3,7,14,1,6,7,7,4,0,0,0.142857143,0,0,-7,-0.285714286,-0.5,0
2025-26,2025/11/9,Man City,Liverpool,Home,3,0,14,7,6,1,7,7,2,0,3,0.428571429,0.214285714,0.5,7,0.285714286,0.5,0
2025-26,2025/11/9,Newcastle,Brentford,Away,1,3,5,15,1,7,2,6,1,0,0,0.2,0.2,1,-10,-0.266666667,0.571428571,-4
2025-26,2025/11/9,Nott'm Forest,Leeds,Home,3,1,14,10,6,3,6,4,2,0,3,0.428571429,0.214285714,0.5,4,0.128571429,0.166666667,2
2025-26,2025/11/22,Bournemouth,West Ham,Home,2,2,28,5,10,2,9,2,3,0,1,0.357142857,0.071428571,0.2,23,-0.042857143,-0.8,7
2025-26,2025/11/22,Brentford,Brighton,Away,1,2,10,14,4,5,4,7,2,0,0,0.4,0.1,0.25,-4,0.042857143,-0.15,-3
2025-26,2025/11/22,Brighton,Brentford,Home,2,1,14,10,5,4,7,4,4,0,3,0.357142857,0.142857143,0.4,4,-0.042857143,0.15,3
2025-26,2025/11/22,Burnley,Chelsea,Home,0,2,8,15,2,5,1,9,2,0,0,0.25,0,0,-7,-0.083333333,-0.4,-8
2025-26,2025/11/22,Chelsea,Burnley,Away,2,0,15,8,5,2,9,1,3,0,3,0.333333333,0.133333333,0.4,7,0.083333333,0.4,8
2025-26,2025/11/22,Crystal Palace,Wolves,Away,2,0,10,8,4,1,4,1,3,0,3,0.4,0.2,0.5,2,0.275,0.5,3
2025-26,2025/11/22,Fulham,Sunderland,Home,1,0,24,4,6,2,7,4,3,0,3,0.25,0.041666667,0.166666667,20,-0.25,0.166666667,3
2025-26,2025/11/22,Liverpool,Nott'm Forest,Home,0,3,21,15,4,7,8,6,2,0,0,0.19047619,0,0,6,-0.276190476,-0.428571429,2
2025-26,2025/11/22,Man City,Newcastle,Away,1,2,17,9,4,5,9,5,3,0,0,0.235294118,0.058823529,0.25,8,-0.320261438,-0.15,4
2025-26,2025/11/22,Newcastle,Man City,Home,2,1,9,17,5,4,5,9,1,0,3,0.555555556,0.222222222,0.4,-8,0.320261438,0.15,-4
2025-26,2025/11/22,Nott'm Forest,Liverpool,Away,3,0,15,21,7,4,6,8,0,0,3,0.466666667,0.2,0.428571429,-6,0.276190476,0.428571429,-2
2025-26,2025/11/22,Sunderland,Fulham,Away,0,1,4,24,2,6,4,7,3,0,0,0.5,0,0,-20,0.25,-0.166666667,-3
2025-26,2025/11/22,West Ham,Bournemouth,Away,2,2,5,28,2,10,2,9,2,0,1,0.4,0.4,1,-23,0.042857143,0.8,-7
2025-26,2025/11/22,Wolves,Crystal Palace,Home,0,2,8,10,1,4,1,4,2,0,0,0.125,0,0,-2,-0.275,-0.5,-3
2025-26,2025/11/23,Arsenal,Tottenham,Home,4,1,17,3,8,2,4,1,1,0,3,0.470588235,0.235294118,0.5,14,-0.196078431,0,3
2025-26,2025/11/23,Aston Villa,Leeds,Away,2,1,14,14,3,5,3,3,1,0,3,0.214285714,0.142857143,0.666666667,0,-0.142857143,0.466666667,0
2025-26,2025/11/23,Leeds,Aston Villa,Home,1,2,14,14,5,3,3,3,5,0,0,0.357142857,0.071428571,0.2,0,0.142857143,-0.466666667,0
2025-26,2025/11/23,Tottenham,Arsenal,Away,1,4,3,17,2,8,1,4,3,0,0,0.666666667,0.333333333,0.5,-14,0.196078431,0,-3
2025-26,2025/11/24,Everton,Man United,Away,1,0,3,25,1,6,1,9,0,1,3,0.333333333,0.333333333,1,-22,0.093333333,1,-8
2025-26,2025/11/24,Man United,Everton,Home,0,1,25,3,6,1,9,1,2,0,0,0.24,0,0,22,-0.093333333,-1,8
2025-26,2025/11/29,Bournemouth,Sunderland,Away,2,3,18,12,6,6,3,6,5,1,0,0.333333333,0.111111111,0.333333333,6,-0.166666667,-0.166666667,-3
2025-26,2025/11/29,Brentford,Burnley,Home,3,1,14,6,4,2,5,6,0,0,3,0.285714286,0.214285714,0.75,8,-0.047619048,0.25,-1
2025-26,2025/11/29,Burnley,Brentford,Away,1,3,6,14,2,4,6,5,2,0,0,0.333333333,0.166666667,0.5,-8,0.047619048,-0.25,1
2025-26,2025/11/29,Everton,Newcastle,Home,1,4,10,13,2,8,8,7,0,0,0,0.2,0.1,0.5,-3,-0.415384615,0,1
2025-26,2025/11/29,Fulham,Tottenham,Away,2,1,7,14,3,2,2,8,2,0,3,0.428571429,0.285714286,0.666666667,-7,0.285714286,0.166666667,-6
2025-26,2025/11/29,Leeds,Man City,Away,2,3,9,18,4,9,1,8,1,0,0,0.444444444,0.222222222,0.5,-9,-0.055555556,0.166666667,-7
2025-26,2025/11/29,Man City,Leeds,Home,3,2,18,9,9,4,8,1,4,0,3,0.5,0.166666667,0.333333333,9,0.055555556,-0.166666667,7
2025-26,2025/11/29,Newcastle,Everton,Away,4,1,13,10,8,2,7,8,0,0,3,0.615384615,0.307692308,0.5,3,0.415384615,0,-1
2025-26,2025/11/29,Sunderland,Bournemouth,Home,3,2,12,18,6,6,6,3,5,0,3,0.5,0.25,0.5,-6,0.166666667,0.166666667,3
2025-26,2025/11/29,Tottenham,Fulham,Home,1,2,14,7,2,3,8,2,3,0,0,0.142857143,0.071428571,0.5,7,-0.285714286,-0.166666667,6
2025-26,2025/11/30,Arsenal,Chelsea,Away,1,1,8,11,4,4,3,3,6,0,1,0.5,0.125,0.25,-3,0.136363636,0,0
2025-26,2025/11/30,Aston Villa,Wolves,Home,1,0,16,9,6,4,7,3,0,0,3,0.375,0.0625,0.166666667,7,-0.069444444,0.166666667,4
2025-26,2025/11/30,Brighton,Nott'm Forest,Away,2,0,17,19,6,3,2,9,1,0,3,0.352941176,0.117647059,0.333333333,-2,0.19504644,0.333333333,-7
2025-26,2025/11/30,Chelsea,Arsenal,Home,1,1,11,8,4,4,3,3,1,1,1,0.363636364,0.090909091,0.25,3,-0.136363636,0,0
2025-26,2025/11/30,Crystal Palace,Man United,Home,1,2,14,14,3,6,4,4,3,0,0,0.214285714,0.071428571,0.333333333,0,-0.214285714,0,0
2025-26,2025/11/30,Liverpool,West Ham,Away,2,0,9,7,5,0,2,7,0,0,3,0.555555556,0.222222222,0.4,2,0.555555556,0.4,-5
2025-26,2025/11/30,Man United,Crystal Palace,Away,2,1,14,14,6,3,4,4,2,0,3,0.428571429,0.142857143,0.333333333,0,0.214285714,0,0
2025-26,2025/11/30,Nott'm Forest,Brighton,Home,0,2,19,17,3,6,9,2,0,0,0,0.157894737,0,0,2,-0.19504644,-0.333333333,7
2025-26,2025/11/30,West Ham,Liverpool,Home,0,2,7,9,0,5,7,2,1,1,0,0,0,0,-2,-0.555555556,-0.4,5
2025-26,2025/11/30,Wolves,Aston Villa,Away,0,1,9,16,4,6,3,7,4,0,0,0.444444444,0,0,-7,0.069444444,-0.166666667,-4
2025-26,2025/12/2,Bournemouth,Everton,Home,0,1,5,13,2,3,1,6,3,0,0,0.4,0,0,-8,0.169230769,-0.333333333,-5
2025-26,2025/12/2,Everton,Bournemouth,Away,1,0,13,5,3,2,6,1,3,0,3,0.230769231,0.076923077,0.333333333,8,-0.169230769,0.333333333,5
2025-26,2025/12/2,Fulham,Man City,Home,4,5,12,11,6,4,7,2,0,0,0,0.5,0.333333333,0.666666667,1,0.136363636,-0.583333333,5
2025-26,2025/12/2,Man City,Fulham,Away,5,4,11,12,4,6,2,7,1,0,3,0.363636364,0.454545455,1.25,-1,-0.136363636,0.583333333,-5
2025-26,2025/12/2,Newcastle,Tottenham,Home,2,2,19,8,7,2,11,8,0,0,1,0.368421053,0.105263158,0.285714286,11,0.118421053,-0.714285714,3
2025-26,2025/12/2,Tottenham,Newcastle,Away,2,2,8,19,2,7,8,11,3,0,1,0.25,0.25,1,-11,-0.118421053,0.714285714,-3
2025-26,2025/12/3,Arsenal,Brentford,Home,2,0,15,6,7,1,4,8,0,0,3,0.466666667,0.133333333,0.285714286,9,0.3,0.285714286,-4
2025-26,2025/12/3,Aston Villa,Brighton,Away,4,3,14,16,10,7,6,5,2,0,3,0.714285714,0.285714286,0.4,-2,0.276785714,-0.028571429,1
2025-26,2025/12/3,Brentford,Arsenal,Away,0,2,6,15,1,7,8,4,1,0,0,0.166666667,0,0,-9,-0.3,-0.285714286,4
2025-26,2025/12/3,Brighton,Aston Villa,Home,3,4,16,14,7,10,5,6,2,0,0,0.4375,0.1875,0.428571429,2,-0.276785714,0.028571429,-1
2025-26,2025/12/3,Burnley,Crystal Palace,Home,0,1,11,3,4,3,3,4,0,0,0,0.363636364,0,0,8,-0.636363636,-0.333333333,-1
2025-26,2025/12/3,Chelsea,Leeds,Away,1,3,14,17,2,5,2,4,1,0,0,0.142857143,0.071428571,0.5,-3,-0.151260504,-0.1,-2
2025-26,2025/12/3,Crystal Palace,Burnley,Away,1,0,3,11,3,4,4,3,0,0,3,1,0.333333333,0.333333333,-8,0.636363636,0.333333333,1
2025-26,2025/12/3,Leeds,Chelsea,Home,3,1,17,14,5,2,4,2,1,0,3,0.294117647,0.176470588,0.6,3,0.151260504,0.1,2
2025-26,2025/12/3,Liverpool,Sunderland,Home,1,1,23,9,4,6,7,3,1,0,1,0.173913043,0.043478261,0.25,14,-0.492753623,0.083333333,4
2025-26,2025/12/3,Nott'm Forest,Wolves,Away,1,0,10,5,3,1,9,3,2,0,3,0.3,0.1,0.333333333,5,0.1,0.333333333,6
2025-26,2025/12/3,Sunderland,Liverpool,Away,1,1,9,23,6,4,3,7,1,0,1,0.666666667,0.111111111,0.166666667,-14,0.492753623,-0.083333333,-4
2025-26,2025/12/3,Wolves,Nott'm Forest,Home,0,1,5,10,1,3,3,9,2,0,0,0.2,0,0,-5,-0.1,-0.333333333,-6
2025-26,2025/12/4,Man United,West Ham,Home,1,1,17,11,4,3,6,6,2,0,1,0.235294118,0.058823529,0.25,6,-0.037433155,-0.083333333,0
2025-26,2025/12/4,West Ham,Man United,Away,1,1,11,17,3,4,6,6,2,0,1,0.272727273,0.090909091,0.333333333,-6,0.037433155,0.083333333,0
2025-26,2025/12/6,Arsenal,Aston Villa,Away,1,2,15,15,9,6,3,3,2,0,0,0.6,0.066666667,0.111111111,0,0.2,-0.222222222,0
2025-26,2025/12/6,Aston Villa,Arsenal,Home,2,1,15,15,6,9,3,3,0,0,3,0.4,0.133333333,0.333333333,0,-0.2,0.222222222,0
2025-26,2025/12/6,Bournemouth,Chelsea,Home,0,0,13,11,5,4,5,0,0,0,1,0.384615385,0,0,2,0.020979021,0,5
2025-26,2025/12/6,Brentford,Tottenham,Away,0,2,4,15,1,7,6,7,4,0,0,0.25,0,0,-11,-0.216666667,-0.285714286,-1
2025-26,2025/12/6,Burnley,Newcastle,Away,1,2,9,17,3,7,9,9,2,1,0,0.333333333,0.111111111,0.333333333,-8,-0.078431373,0.047619048,0
2025-26,2025/12/6,Chelsea,Bournemouth,Away,0,0,11,13,4,5,0,5,2,0,1,0.363636364,0,0,-2,-0.020979021,0,-5
2025-26,2025/12/6,Everton,Nott'm Forest,Home,3,0,11,7,5,3,6,3,4,0,3,0.454545455,0.272727273,0.6,4,0.025974026,0.6,3
2025-26,2025/12/6,Leeds,Liverpool,Home,3,3,12,16,5,7,5,4,3,0,1,0.416666667,0.25,0.6,-4,-0.020833333,0.171428571,1
2025-26,2025/12/6,Liverpool,Leeds,Away,3,3,16,12,7,5,4,5,3,0,1,0.4375,0.1875,0.428571429,4,0.020833333,-0.171428571,-1
2025-26,2025/12/6,Man City,Sunderland,Home,3,0,18,8,6,1,6,5,1,0,3,0.333333333,0.166666667,0.5,10,0.208333333,0.5,1
2025-26,2025/12/6,Newcastle,Burnley,Home,2,1,17,9,7,3,9,9,2,0,3,0.411764706,0.117647059,0.285714286,8,0.078431373,-0.047619048,0
2025-26,2025/12/6,Nott'm Forest,Everton,Away,0,3,7,11,3,5,3,6,3,0,0,0.428571429,0,0,-4,-0.025974026,-0.6,-3
2025-26,2025/12/6,Sunderland,Man City,Away,0,3,8,18,1,6,5,6,0,1,0,0.125,0,0,-10,-0.208333333,-0.5,-1
2025-26,2025/12/6,Tottenham,Brentford,Home,2,0,15,4,7,1,7,6,3,0,3,0.466666667,0.133333333,0.285714286,11,0.216666667,0.285714286,1
2025-26,2025/12/7,Brighton,West Ham,Home,1,1,22,14,4,5,10,6,2,0,1,0.181818182,0.045454545,0.25,8,-0.175324675,0.05,4
2025-26,2025/12/7,Crystal Palace,Fulham,Away,2,1,11,12,5,4,4,6,0,0,3,0.454545455,0.181818182,0.4,-1,0.121212121,0.15,-2
2025-26,2025/12/7,Fulham,Crystal Palace,Home,1,2,12,11,4,5,6,4,0,0,0,0.333333333,0.083333333,0.25,1,-0.121212121,-0.15,2
2025-26,2025/12/7,West Ham,Brighton,Away,1,1,14,22,5,4,6,10,2,0,1,0.357142857,0.071428571,0.2,-8,0.175324675,-0.05,-4
2025-26,2025/12/8,Man United,Wolves,Away,4,1,27,8,10,2,9,1,2,0,3,0.37037037,0.148148148,0.4,19,0.12037037,-0.1,8
2025-26,2025/12/8,Wolves,Man United,Home,1,4,8,27,2,10,1,9,3,0,0,0.25,0.125,0.5,-19,-0.12037037,0.1,-8
2025-26,2025/12/13,Arsenal,Wolves,Home,2,1,16,3,2,2,8,0,0,0,3,0.125,0.125,1,13,-0.541666667,0.5,8
2025-26,2025/12/13,Brighton,Liverpool,Away,0,2,14,18,1,4,2,2,2,0,0,0.071428571,0,0,-4,-0.150793651,-0.5,0
2025-26,2025/12/13,Burnley,Fulham,Home,2,3,16,6,8,4,10,4,1,0,0,0.5,0.125,0.25,10,-0.166666667,-0.5,6
2025-26,2025/12/13,Chelsea,Everton,Home,2,0,17,11,5,2,4,7,1,0,3,0.294117647,0.117647059,0.4,6,0.112299465,0.4,-3
2025-26,2025/12/13,Everton,Chelsea,Away,0,2,11,17,2,5,7,4,0,0,0,0.181818182,0,0,-6,-0.112299465,-0.4,3
2025-26,2025/12/13,Fulham,Burnley,Away,3,2,6,16,4,8,4,10,2,0,3,0.666666667,0.5,0.75,-10,0.166666667,0.5,-6
2025-26,2025/12/13,Liverpool,Brighton,Home,2,0,18,14,4,1,2,2,1,0,3,0.222222222,0.111111111,0.5,4,0.150793651,0.5,0
2025-26,2025/12/13,Wolves,Arsenal,Away,1,2,3,16,2,2,0,8,4,0,0,0.666666667,0.333333333,0.5,-13,0.541666667,-0.5,-8
2025-26,2025/12/14,Aston Villa,West Ham,Away,3,2,7,10,4,3,3,5,2,0,3,0.571428571,0.428571429,0.75,-3,0.271428571,0.083333333,-2
2025-26,2025/12/14,Brentford,Leeds,Home,1,1,7,18,2,4,0,3,0,0,1,0.285714286,0.142857143,0.5,-11,0.063492063,0.25,-3
2025-26,2025/12/14,Crystal Palace,Man City,Home,0,3,16,7,4,6,2,2,2,0,0,0.25,0,0,9,-0.607142857,-0.5,0
2025-26,2025/12/14,Leeds,Brentford,Away,1,1,18,7,4,2,3,0,0,0,1,0.222222222,0.055555556,0.25,11,-0.063492063,-0.25,3
2025-26,2025/12/14,Man City,Crystal Palace,Away,3,0,7,16,6,4,2,2,0,0,3,0.857142857,0.428571429,0.5,-9,0.607142857,0.5,0
2025-26,2025/12/14,Newcastle,Sunderland,Away,0,1,6,5,2,1,6,3,4,0,0,0.333333333,0,0,1,0.133333333,-1,3
2025-26,2025/12/14,Nott'm Forest,Tottenham,Home,3,0,15,6,6,1,3,3,1,0,3,0.4,0.2,0.5,9,0.233333333,0.5,0
2025-26,2025/12/14,Sunderland,Newcastle,Home,1,0,5,6,1,2,3,6,5,0,3,0.2,0.2,1,-1,-0.133333333,1,-3
2025-26,2025/12/14,Tottenham,Nott'm Forest,Away,0,3,6,15,1,6,3,3,3,0,0,0.166666667,0,0,-9,-0.233333333,-0.5,0
2025-26,2025/12/14,West Ham,Aston Villa,Home,2,3,10,7,3,4,5,3,1,0,0,0.3,0.2,0.666666667,3,-0.271428571,-0.083333333,2
2025-26,2025/12/15,Bournemouth,Man United,Away,4,4,14,25,9,9,4,5,3,0,1,0.642857143,0.285714286,0.444444444,-11,0.282857143,0,-1
2025-26,2025/12/15,Man United,Bournemouth,Home,4,4,25,14,9,9,5,4,2,0,1,0.36,0.16,0.444444444,11,-0.282857143,0,1
2025-26,2025/12/20,Arsenal,Everton,Away,1,0,13,5,2,1,3,2,2,0,3,0.153846154,0.076923077,0.5,8,-0.046153846,0.5,1
2025-26,2025/12/20,Bournemouth,Burnley,Home,1,1,16,4,1,1,5,3,1,0,1,0.0625,0.0625,1,12,-0.1875,0,2
2025-26,2025/12/20,Brentford,Wolves,Away,2,0,7,9,6,2,4,3,4,0,3,0.857142857,0.285714286,0.333333333,-2,0.634920635,0.333333333,1
2025-26,2025/12/20,Brighton,Sunderland,Home,0,0,16,14,4,6,3,4,2,0,1,0.25,0,0,2,-0.178571429,0,-1
2025-26,2025/12/20,Burnley,Bournemouth,Away,1,1,4,16,1,1,3,5,1,0,1,0.25,0.25,1,-12,0.1875,0,-2
2025-26,2025/12/20,Chelsea,Newcastle,Away,2,2,13,11,4,5,4,6,6,0,1,0.307692308,0.153846154,0.5,2,-0.146853147,0.1,-2
2025-26,2025/12/20,Crystal Palace,Leeds,Away,1,4,9,20,3,8,5,9,3,0,0,0.333333333,0.111111111,0.333333333,-11,-0.066666667,-0.166666667,-4
2025-26,2025/12/20,Everton,Arsenal,Home,0,1,5,13,1,2,2,3,2,0,0,0.2,0,0,-8,0.046153846,-0.5,-1
2025-26,2025/12/20,Leeds,Crystal Palace,Home,4,1,20,9,8,3,9,5,1,0,3,0.4,0.2,0.5,11,0.066666667,0.166666667,4
2025-26,2025/12/20,Liverpool,Tottenham,Away,2,1,8,15,4,4,6,2,3,0,3,0.5,0.25,0.5,-7,0.233333333,0.25,4
2025-26,2025/12/20,Man City,West Ham,Home,3,0,17,7,8,3,6,0,1,0,3,0.470588235,0.176470588,0.375,10,0.042016807,0.375,6
2025-26,2025/12/20,Newcastle,Chelsea,Home,2,2,11,13,5,4,6,4,3,0,1,0.454545455,0.181818182,0.4,-2,0.146853147,-0.1,2
2025-26,2025/12/20,Sunderland,Brighton,Away,0,0,14,16,6,4,4,3,2,0,1,0.428571429,0,0,-2,0.178571429,0,1
2025-26,2025/12/20,Tottenham,Liverpool,Home,1,2,15,8,4,4,2,6,3,2,0,0.266666667,0.066666667,0.25,7,-0.233333333,-0.25,-4
2025-26,2025/12/20,West Ham,Man City,Away,0,3,7,17,3,8,0,6,1,0,0,0.428571429,0,0,-10,-0.042016807,-0.375,-6
2025-26,2025/12/20,Wolves,Brentford,Home,0,2,9,7,2,6,3,4,2,0,0,0.222222222,0,0,2,-0.634920635,-0.333333333,-1
2025-26,2025/12/21,Aston Villa,Man United,Home,2,1,12,15,4,6,5,5,1,0,3,0.333333333,0.166666667,0.5,-3,-0.066666667,0.333333333,0
2025-26,2025/12/21,Man United,Aston Villa,Away,1,2,15,12,6,4,5,5,2,0,0,0.4,0.066666667,0.166666667,3,0.066666667,-0.333333333,0
2025-26,2025/12/22,Fulham,Nott'm Forest,Home,1,0,11,12,1,2,1,5,5,0,3,0.090909091,0.090909091,1,-1,-0.075757576,1,-4
2025-26,2025/12/22,Nott'm Forest,Fulham,Away,0,1,12,11,2,1,5,1,4,0,0,0.166666667,0,0,1,0.075757576,-1,4
2025-26,2025/12/26,Man United,Newcastle,Home,1,0,10,16,4,3,2,11,2,0,3,0.4,0.1,0.25,-6,0.2125,0.25,-9
2025-26,2025/12/26,Newcastle,Man United,Away,0,1,16,10,3,4,11,2,1,0,0,0.1875,0,0,6,-0.2125,-0.25,9
2025-26,2025/12/27,Arsenal,Brighton,Home,2,1,24,8,6,3,7,2,2,0,3,0.25,0.083333333,0.333333333,16,-0.125,0,5
2025-26,2025/12/27,Aston Villa,Chelsea,Away,2,1,11,14,8,3,7,6,3,0,3,0.727272727,0.181818182,0.25,-3,0.512987013,-0.083333333,1
2025-26,2025/12/27,Bournemouth,Brentford,Away,1,4,20,15,10,7,15,2,2,0,0,0.5,0.05,0.1,5,0.033333333,-0.471428571,13
2025-26,2025/12/27,Brentford,Bournemouth,Home,4,1,15,20,7,10,2,15,2,0,3,0.466666667,0.266666667,0.571428571,-5,-0.033333333,0.471428571,-13
2025-26,2025/12/27,Brighton,Arsenal,Away,1,2,8,24,3,6,2,7,3,0,0,0.375,0.125,0.333333333,-16,0.125,0,-5
2025-26,2025/12/27,Burnley,Everton,Home,0,0,16,15,0,6,6,5,0,0,1,0,0,0,1,-0.4,0,1
2025-26,2025/12/27,Chelsea,Aston Villa,Home,1,2,14,11,3,8,6,7,5,0,0,0.214285714,0.071428571,0.333333333,3,-0.512987013,0.083333333,-1
2025-26,2025/12/27,Everton,Burnley,Away,0,0,15,16,6,0,5,6,2,0,1,0.4,0,0,-1,0.4,0,-1
2025-26,2025/12/27,Fulham,West Ham,Away,1,0,15,11,4,2,4,5,3,0,3,0.266666667,0.066666667,0.25,4,0.084848485,0.25,-1
2025-26,2025/12/27,Liverpool,Wolves,Home,2,1,14,9,4,4,6,4,0,0,3,0.285714286,0.142857143,0.5,5,-0.158730159,0.25,2
2025-26,2025/12/27,Man City,Nott'm Forest,Away,2,1,16,7,5,2,5,5,2,0,3,0.3125,0.125,0.4,9,0.026785714,-0.1,0
2025-26,2025/12/27,Nott'm Forest,Man City,Home,1,2,7,16,2,5,5,5,1,0,0,0.285714286,0.142857143,0.5,-9,-0.026785714,0.1,0
2025-26,2025/12/27,West Ham,Fulham,Home,0,1,11,15,2,4,5,4,1,0,0,0.181818182,0,0,-4,-0.084848485,-0.25,1
2025-26,2025/12/27,Wolves,Liverpool,Away,1,2,9,14,4,4,4,6,1,0,0,0.444444444,0.111111111,0.25,-5,0.158730159,-0.25,-2
2025-26,2025/12/28,Crystal Palace,Tottenham,Home,0,1,15,8,2,4,3,2,3,0,0,0.133333333,0,0,7,-0.366666667,-0.25,1
2025-26,2025/12/28,Leeds,Sunderland,Away,1,1,17,8,6,3,9,3,0,0,1,0.352941176,0.058823529,0.166666667,9,-0.022058824,-0.166666667,6
2025-26,2025/12/28,Sunderland,Leeds,Home,1,1,8,17,3,6,3,9,1,0,1,0.375,0.125,0.333333333,-9,0.022058824,0.166666667,-6
2025-26,2025/12/28,Tottenham,Crystal Palace,Away,1,0,8,15,4,2,2,3,2,0,3,0.5,0.125,0.25,-7,0.366666667,0.25,-1
2025-26,2025/12/30,Arsenal,Aston Villa,Home,4,1,22,11,7,3,3,3,2,0,3,0.318181818,0.181818182,0.571428571,11,0.045454545,0.238095238,0
2025-26,2025/12/30,Aston Villa,Arsenal,Away,1,4,11,22,3,7,3,3,3,0,0,0.272727273,0.090909091,0.333333333,-11,-0.045454545,-0.238095238,0
2025-26,2025/12/30,Bournemouth,Chelsea,Away,2,2,17,17,6,3,3,12,1,0,1,0.352941176,0.117647059,0.333333333,0,0.176470588,-0.333333333,-9
2025-26,2025/12/30,Brighton,West Ham,Away,2,2,16,10,6,4,5,5,5,0,1,0.375,0.125,0.333333333,6,-0.025,-0.166666667,0
2025-26,2025/12/30,Burnley,Newcastle,Home,1,3,15,20,4,9,3,4,2,0,0,0.266666667,0.066666667,0.25,-5,-0.183333333,-0.083333333,-1
2025-26,2025/12/30,Chelsea,Bournemouth,Home,2,2,17,17,3,6,12,3,1,0,1,0.176470588,0.117647059,0.666666667,0,-0.176470588,0.333333333,9
2025-26,2025/12/30,Everton,Nott'm Forest,Away,2,0,11,21,3,6,2,9,0,0,3,0.272727273,0.181818182,0.666666667,-10,-0.012987013,0.666666667,-7
2025-26,2025/12/30,Man United,Wolves,Home,1,1,15,11,6,4,8,4,0,0,1,0.4,0.066666667,0.166666667,4,0.036363636,-0.083333333,4
2025-26,2025/12/30,Newcastle,Burnley,Away,3,1,20,15,9,4,4,3,1,0,3,0.45,0.15,0.333333333,5,0.183333333,0.083333333,1
2025-26,2025/12/30,Nott'm Forest,Everton,Home,0,2,21,11,6,3,9,2,1,0,0,0.285714286,0,0,10,0.012987013,-0.666666667,7
2025-26,2025/12/30,West Ham,Brighton,Home,2,2,10,16,4,6,5,5,3,0,1,0.4,0.2,0.5,-6,0.025,0.166666667,0
2025-26,2025/12/30,Wolves,Man United,Away,1,1,11,15,4,6,4,8,2,0,1,0.363636364,0.090909091,0.25,-4,-0.036363636,0.083333333,-4
2025-26,2026/1/1,Brentford,Tottenham,Home,0,0,7,9,2,3,3,1,1,0,1,0.285714286,0,0,-2,-0.047619048,0,2
2025-26,2026/1/1,Crystal Palace,Fulham,Home,1,1,11,17,2,5,6,3,0,0,1,0.181818182,0.090909091,0.5,-6,-0.112299465,0.3,3
2025-26,2026/1/1,Fulham,Crystal Palace,Away,1,1,17,11,5,2,3,6,5,0,1,0.294117647,0.058823529,0.2,6,0.112299465,-0.3,-3
2025-26,2026/1/1,Leeds,Liverpool,Away,0,0,4,19,2,4,3,8,2,0,1,0.5,0,0,-15,0.289473684,0,-5
2025-26,2026/1/1,Liverpool,Leeds,Home,0,0,19,4,4,2,8,3,0,0,1,0.210526316,0,0,15,-0.289473684,0,5
2025-26,2026/1/1,Man City,Sunderland,Away,0,0,14,10,4,4,5,3,1,0,1,0.285714286,0,0,4,-0.114285714,0,2
2025-26,2026/1/1,Sunderland,Man City,Home,0,0,10,14,4,4,3,5,1,0,1,0.4,0,0,-4,0.114285714,0,-2
2025-26,2026/1/1,Tottenham,Brentford,Away,0,0,9,7,3,2,1,3,2,0,1,0.333333333,0,0,2,0.047619048,0,-2
2025-26,2026/1/3,Arsenal,Bournemouth,Away,3,2,12,15,5,3,5,7,1,0,3,0.416666667,0.25,0.6,-3,0.216666667,-0.066666667,-2
2025-26,2026/1/3,Aston Villa,Nott'm Forest,Home,3,1,11,10,4,5,4,4,1,0,3,0.363636364,0.272727273,0.75,1,-0.136363636,0.55,0
2025-26,2026/1/3,Bournemouth,Arsenal,Home,2,3,15,12,3,5,7,5,3,0,0,0.2,0.133333333,0.666666667,3,-0.216666667,0.066666667,2
2025-26,2026/1/3,Brighton,Burnley,Home,2,0,15,5,4,3,4,4,0,0,3,0.266666667,0.133333333,0.5,10,-0.333333333,0.5,0
2025-26,2026/1/3,Burnley,Brighton,Away,0,2,5,15,3,4,4,4,4,0,0,0.6,0,0,-10,0.333333333,-0.5,0
2025-26,2026/1/3,Nott'm Forest,Aston Villa,Away,1,3,10,11,5,4,4,4,2,0,0,0.5,0.1,0.2,-1,0.136363636,-0.55,0
2025-26,2026/1/3,West Ham,Wolves,Away,0,3,6,11,0,8,7,6,0,0,0,0,0,0,-5,-0.727272727,-0.375,1
2025-26,2026/1/3,Wolves,West Ham,Home,3,0,11,6,8,0,6,7,1,0,3,0.727272727,0.272727273,0.375,5,0.727272727,0.375,-1
2025-26,2026/1/4,Brentford,Everton,Away,4,2,11,14,7,6,5,4,2,0,3,0.636363636,0.363636364,0.571428571,-3,0.207792208,0.238095238,1
2025-26,2026/1/4,Chelsea,Man City,Away,1,1,8,14,3,3,2,8,3,0,1,0.375,0.125,0.333333333,-6,0.160714286,0,-6
2025-26,2026/1/4,Crystal Palace,Newcastle,Away,0,2,11,12,1,7,6,8,3,0,0,0.090909091,0,0,-1,-0.492424242,-0.285714286,-2
2025-26,2026/1/4,Everton,Brentford,Home,2,4,14,11,6,7,4,5,0,0,0,0.428571429,0.142857143,0.333333333,3,-0.207792208,-0.238095238,-1
2025-26,2026/1/4,Fulham,Liverpool,Home,2,2,8,10,2,2,3,8,1,0,1,0.25,0.25,1,-2,0.05,0,-5
2025-26,2026/1/4,Leeds,Man United,Home,1,1,11,15,3,2,6,4,0,0,1,0.272727273,0.090909091,0.333333333,-4,0.139393939,-0.166666667,2
2025-26,2026/1/4,Liverpool,Fulham,Away,2,2,10,8,2,2,8,3,1,0,1,0.2,0.2,1,2,-0.05,0,5
2025-26,2026/1/4,Man City,Chelsea,Home,1,1,14,8,3,3,8,2,3,0,1,0.214285714,0.071428571,0.333333333,6,-0.160714286,0,6
2025-26,2026/1/4,Man United,Leeds,Away,1,1,15,11,2,3,4,6,1,0,1,0.133333333,0.066666667,0.5,4,-0.139393939,0.166666667,-2
2025-26,2026/1/4,Newcastle,Crystal Palace,Home,2,0,12,11,7,1,8,6,1,0,3,0.583333333,0.166666667,0.285714286,1,0.492424242,0.285714286,2
2025-26,2026/1/4,Sunderland,Tottenham,Away,1,1,10,13,3,5,5,3,3,0,1,0.3,0.1,0.333333333,-3,-0.084615385,0.133333333,2
2025-26,2026/1/4,Tottenham,Sunderland,Home,1,1,13,10,5,3,3,5,2,0,1,0.384615385,0.076923077,0.2,3,0.084615385,-0.133333333,-2
2025-26,2026/1/6,Nott'm Forest,West Ham,Away,2,1,13,14,5,3,5,6,0,0,3,0.384615385,0.153846154,0.4,-1,0.17032967,0.066666667,-1
2025-26,2026/1/6,West Ham,Nott'm Forest,Home,1,2,14,13,3,5,6,5,3,0,0,0.214285714,0.071428571,0.333333333,1,-0.17032967,-0.066666667,1
2025-26,2026/1/7,Aston Villa,Crystal Palace,Away,0,0,15,11,3,5,5,3,0,0,1,0.2,0,0,4,-0.254545455,0,2
2025-26,2026/1/7,Bournemouth,Tottenham,Home,3,2,11,16,3,4,3,7,3,0,3,0.272727273,0.272727273,1,-5,0.022727273,0.5,-4
2025-26,2026/1/7,Brentford,Sunderland,Home,3,0,18,11,6,3,7,4,2,0,3,0.333333333,0.166666667,0.5,7,0.060606061,0.5,3
2025-26,2026/1/7,Brighton,Man City,Away,1,1,6,22,3,6,2,6,6,0,1,0.5,0.166666667,0.333333333,-16,0.227272727,0.166666667,-4
2025-26,2026/1/7,Burnley,Man United,Home,2,2,7,30,1,10,2,6,2,0,1,0.142857143,0.285714286,2,-23,-0.19047619,1.8,-4
2025-26,2026/1/7,Chelsea,Fulham,Away,1,2,14,16,6,5,11,2,3,1,0,0.428571429,0.071428571,0.166666667,-2,0.116071429,-0.233333333,9
2025-26,2026/1/7,Crystal Palace,Aston Villa,Home,0,0,11,15,5,3,3,5,2,0,1,0.454545455,0,0,-4,0.254545455,0,-2
2025-26,2026/1/7,Everton,Wolves,Home,1,1,13,13,2,4,2,7,1,2,1,0.153846154,0.076923077,0.5,0,-0.153846154,0.25,-5
2025-26,2026/1/7,Fulham,Chelsea,Home,2,1,16,14,5,6,2,11,3,0,3,0.3125,0.125,0.4,2,-0.116071429,0.233333333,-9
2025-26,2026/1/7,Leeds,Newcastle,Away,3,4,14,18,6,8,4,8,2,0,0,0.428571429,0.214285714,0.5,-4,-0.015873016,0,-4
2025-26,2026/1/7,Man City,Brighton,Home,1,1,22,6,6,3,6,2,1,0,1,0.272727273,0.045454545,0.166666667,16,-0.227272727,-0.166666667,4
2025-26,2026/1/7,Man United,Burnley,Away,2,2,30,7,10,1,6,2,0,0,1,0.333333333,0.066666667,0.2,23,0.19047619,-1.8,4
2025-26,2026/1/7,Newcastle,Leeds,Home,4,3,18,14,8,6,8,4,3,0,3,0.444444444,0.222222222,0.5,4,0.015873016,0,4
2025-26,2026/1/7,Sunderland,Brentford,Away,0,3,11,18,3,6,4,7,1,0,0,0.272727273,0,0,-7,-0.060606061,-0.5,-3
2025-26,2026/1/7,Tottenham,Bournemouth,Away,2,3,16,11,4,3,7,3,3,0,0,0.25,0.125,0.5,5,-0.022727273,-0.5,4
2025-26,2026/1/7,Wolves,Everton,Away,1,1,13,13,4,2,7,2,3,0,1,0.307692308,0.076923077,0.25,0,0.153846154,-0.25,5
2025-26,2026/1/8,Arsenal,Liverpool,Home,0,0,9,8,4,0,3,0,2,0,1,0.444444444,0,0,1,0.444444444,0,3
2025-26,2026/1/8,Liverpool,Arsenal,Away,0,0,8,9,0,4,0,3,2,0,1,0,0,0,-1,-0.444444444,0,-3
2025-26,2026/1/17,Arsenal,Nott'm Forest,Away,0,0,15,6,3,0,9,4,1,0,1,0.2,0,0,9,0.2,0,5
2025-26,2026/1/17,Brentford,Chelsea,Away,0,2,15,6,5,2,9,3,2,0,0,0.333333333,0,0,9,0,-1,6
2025-26,2026/1/17,Burnley,Liverpool,Away,1,1,7,32,1,11,1,9,2,0,1,0.142857143,0.142857143,1,-25,-0.200892857,0.909090909,-8
2025-26,2026/1/17,Chelsea,Brentford,Home,2,0,6,15,2,5,3,9,3,0,3,0.333333333,0.333333333,1,-9,0,1,-6
2025-26,2026/1/17,Crystal Palace,Sunderland,Away,1,2,6,13,2,7,4,3,3,0,0,0.333333333,0.166666667,0.5,-7,-0.205128205,0.214285714,1
2025-26,2026/1/17,Fulham,Leeds,Away,0,1,8,14,1,5,3,7,5,0,0,0.125,0,0,-6,-0.232142857,-0.2,-4
2025-26,2026/1/17,Leeds,Fulham,Home,1,0,14,8,5,1,7,3,1,0,3,0.357142857,0.071428571,0.2,6,0.232142857,0.2,4
2025-26,2026/1/17,Liverpool,Burnley,Home,1,1,32,7,11,1,9,1,1,0,1,0.34375,0.03125,0.090909091,25,0.200892857,-0.909090909,8
2025-26,2026/1/17,Man City,Man United,Away,0,2,7,11,1,7,6,1,3,0,0,0.142857143,0,0,-4,-0.493506494,-0.285714286,5
2025-26,2026/1/17,Man United,Man City,Home,2,0,11,7,7,1,1,6,2,0,3,0.636363636,0.181818182,0.285714286,4,0.493506494,0.285714286,-5
2025-26,2026/1/17,Nott'm Forest,Arsenal,Home,0,0,6,15,0,3,4,9,1,0,1,0,0,0,-9,-0.2,0,-5
2025-26,2026/1/17,Sunderland,Crystal Palace,Home,2,1,13,6,7,2,3,4,3,0,3,0.538461538,0.153846154,0.285714286,7,0.205128205,-0.214285714,-1
2025-26,2026/1/17,Tottenham,West Ham,Home,1,2,21,17,6,4,11,5,5,0,0,0.285714286,0.047619048,0.166666667,4,0.050420168,-0.333333333,6
2025-26,2026/1/17,West Ham,Tottenham,Away,2,1,17,21,4,6,5,11,3,0,3,0.235294118,0.117647059,0.5,-4,-0.050420168,0.333333333,-6
2025-26,2026/1/18,Aston Villa,Everton,Home,0,1,18,9,5,3,6,4,1,0,0,0.277777778,0,0,9,-0.055555556,-0.333333333,2
2025-26,2026/1/18,Everton,Aston Villa,Away,1,0,9,18,3,5,4,6,2,0,3,0.333333333,0.111111111,0.333333333,-9,0.055555556,0.333333333,-2
2025-26,2026/1/18,Newcastle,Wolves,Away,0,0,12,6,2,2,7,4,2,0,1,0.166666667,0,0,6,-0.166666667,0,3
2025-26,2026/1/18,Wolves,Newcastle,Home,0,0,6,12,2,2,4,7,2,0,1,0.333333333,0,0,-6,0.166666667,0,-3
2025-26,2026/1/19,Bournemouth,Brighton,Away,1,1,11,17,2,5,6,11,3,0,1,0.181818182,0.090909091,0.5,-6,-0.112299465,0.3,-5
2025-26,2026/1/19,Brighton,Bournemouth,Home,1,1,17,11,5,2,11,6,2,0,1,0.294117647,0.058823529,0.2,6,0.112299465,-0.3,5
2025-26,2026/1/24,Bournemouth,Liverpool,Home,3,2,12,14,5,4,3,11,1,0,3,0.416666667,0.25,0.6,-2,0.130952381,0.1,-8
2025-26,2026/1/24,Brighton,Fulham,Away,1,2,13,12,5,4,6,6,1,0,0,0.384615385,0.076923077,0.2,1,0.051282051,-0.3,0
2025-26,2026/1/24,Burnley,Tottenham,Home,2,2,9,18,4,11,1,3,1,0,1,0.444444444,0.222222222,0.5,-9,-0.166666667,0.318181818,-2
2025-26,2026/1/24,Fulham,Brighton,Home,2,1,12,13,4,5,6,6,1,0,3,0.333333333,0.166666667,0.5,-1,-0.051282051,0.3,0
2025-26,2026/1/24,Liverpool,Bournemouth,Away,2,3,14,12,4,5,11,3,1,0,0,0.285714286,0.142857143,0.5,2,-0.130952381,-0.1,8
2025-26,2026/1/24,Man City,Wolves,Home,2,0,11,11,4,1,4,6,1,0,3,0.363636364,0.181818182,0.5,0,0.272727273,0.5,-2
2025-26,2026/1/24,Sunderland,West Ham,Away,1,3,7,13,2,5,3,3,4,0,0,0.285714286,0.142857143,0.5,-6,-0.098901099,-0.1,0
2025-26,2026/1/24,Tottenham,Burnley,Away,2,2,18,9,11,4,3,1,0,0,1,0.611111111,0.111111111,0.181818182,9,0.166666667,-0.318181818,2
2025-26,2026/1/24,West Ham,Sunderland,Home,3,1,13,7,5,2,3,3,2,0,3,0.384615385,0.230769231,0.6,6,0.098901099,0.1,0
2025-26,2026/1/24,Wolves,Man City,Away,0,2,11,11,1,4,6,4,3,0,0,0.090909091,0,0,0,-0.272727273,-0.5,2
2025-26,2026/1/25,Arsenal,Man United,Home,2,3,15,10,4,3,9,2,2,0,0,0.266666667,0.133333333,0.5,5,-0.033333333,-0.5,7
2025-26,2026/1/25,Aston Villa,Newcastle,Away,2,0,14,15,8,4,5,6,2,0,3,0.571428571,0.142857143,0.25,-1,0.304761905,0.25,-1
2025-26,2026/1/25,Brentford,Nott'm Forest,Home,0,2,10,7,1,2,6,5,1,0,0,0.1,0,0,3,-0.185714286,-1,1
2025-26,2026/1/25,Chelsea,Crystal Palace,Away,3,1,10,13,6,7,5,4,2,0,3,0.6,0.3,0.5,-3,0.061538462,0.357142857,1
2025-26,2026/1/25,Crystal Palace,Chelsea,Home,1,3,13,10,7,6,4,5,2,1,0,0.538461538,0.076923077,0.142857143,3,-0.061538462,-0.357142857,-1
2025-26,2026/1/25,Man United,Arsenal,Away,3,2,10,15,3,4,2,9,0,0,3,0.3,0.3,1,-5,0.033333333,0.5,-7
2025-26,2026/1/25,Newcastle,Aston Villa,Home,0,2,15,14,4,8,6,5,1,0,0,0.266666667,0,0,1,-0.304761905,-0.25,1
2025-26,2026/1/25,Nott'm Forest,Brentford,Away,2,0,7,10,2,1,5,6,0,0,3,0.285714286,0.285714286,1,-3,0.185714286,1,-1
2025-26,2026/1/26,Everton,Leeds,Home,1,1,10,14,3,4,4,4,0,0,1,0.3,0.1,0.333333333,-4,0.014285714,0.083333333,0
2025-26,2026/1/26,Leeds,Everton,Away,1,1,14,10,4,3,4,4,3,0,1,0.285714286,0.071428571,0.25,4,-0.014285714,-0.083333333,0
2025-26,2026/1/31,Arsenal,Leeds,Away,4,0,14,3,8,1,12,4,1,0,3,0.571428571,0.285714286,0.5,11,0.238095238,0.5,8
2025-26,2026/1/31,Bournemouth,Wolves,Away,2,0,9,17,4,7,6,5,3,0,3,0.444444444,0.222222222,0.5,-8,0.032679739,0.5,1
2025-26,2026/1/31,Brighton,Everton,Home,1,1,11,7,2,4,5,2,1,0,1,0.181818182,0.090909091,0.5,4,-0.38961039,0.25,3
2025-26,2026/1/31,Chelsea,West Ham,Home,3,2,14,11,6,6,9,3,3,0,3,0.428571429,0.214285714,0.5,3,-0.116883117,0.166666667,6
2025-26,2026/1/31,Everton,Brighton,Away,1,1,7,11,4,2,2,5,2,0,1,0.571428571,0.142857143,0.25,-4,0.38961039,-0.25,-3
2025-26,2026/1/31,Leeds,Arsenal,Home,0,4,3,14,1,8,4,12,1,0,0,0.333333333,0,0,-11,-0.238095238,-0.5,-8
2025-26,2026/1/31,Liverpool,Newcastle,Home,4,1,17,8,7,2,7,11,1,0,3,0.411764706,0.235294118,0.571428571,9,0.161764706,0.071428571,-4
2025-26,2026/1/31,Newcastle,Liverpool,Away,1,4,8,17,2,7,11,7,3,0,0,0.25,0.125,0.5,-9,-0.161764706,-0.071428571,4
2025-26,2026/1/31,West Ham,Chelsea,Away,2,3,11,14,6,6,3,9,2,1,0,0.545454545,0.181818182,0.333333333,-3,0.116883117,-0.166666667,-6
2025-26,2026/1/31,Wolves,Bournemouth,Home,0,2,17,9,7,4,5,6,3,0,0,0.411764706,0,0,8,-0.032679739,-0.5,-1
2025-26,2026/2/1,Aston Villa,Brentford,Home,0,1,27,6,5,2,12,1,0,0,0,0.185185185,0,0,21,-0.148148148,-0.5,11
2025-26,2026/2/1,Brentford,Aston Villa,Away,1,0,6,27,2,5,1,12,3,0,3,0.333333333,0.166666667,0.5,-21,0.148148148,0.5,-11
2025-26,2026/2/1,Crystal Palace,Nott'm Forest,Away,1,1,14,9,3,1,7,5,3,0,1,0.214285714,0.071428571,0.333333333,5,0.103174603,-0.666666667,2
2025-26,2026/2/1,Fulham,Man United,Away,2,3,14,13,6,6,7,3,1,0,0,0.428571429,0.142857143,0.333333333,1,-0.032967033,-0.166666667,4
2025-26,2026/2/1,Man City,Tottenham,Away,2,2,15,12,3,6,4,3,3,0,1,0.2,0.133333333,0.666666667,3,-0.3,0.333333333,1
2025-26,2026/2/1,Man United,Fulham,Home,3,2,13,14,6,6,3,7,2,0,3,0.461538462,0.230769231,0.5,-1,0.032967033,0.166666667,-4
2025-26,2026/2/1,Nott'm Forest,Crystal Palace,Home,1,1,9,14,1,3,5,7,1,0,1,0.111111111,0.111111111,1,-5,-0.103174603,0.666666667,-2
2025-26,2026/2/1,Tottenham,Man City,Home,2,2,12,15,6,3,3,4,3,0,1,0.5,0.166666667,0.333333333,-3,0.3,-0.333333333,-1
2025-26,2026/2/2,Burnley,Sunderland,Away,0,3,5,14,0,5,2,1,4,0,0,0,0,0,-9,-0.357142857,-0.6,1
2025-26,2026/2/2,Sunderland,Burnley,Home,3,0,14,5,5,0,1,2,1,0,3,0.357142857,0.214285714,0.6,9,0.357142857,0.6,-1
2025-26,2026/2/6,Leeds,Nott'm Forest,Home,3,1,14,16,5,6,5,10,1,0,3,0.357142857,0.214285714,0.6,-2,-0.017857143,0.433333333,-5
2025-26,2026/2/6,Nott'm Forest,Leeds,Away,1,3,16,14,6,5,10,5,1,0,0,0.375,0.0625,0.166666667,2,0.017857143,-0.433333333,5
2025-26,2026/2/7,Arsenal,Sunderland,Home,3,0,16,5,5,3,5,2,1,0,3,0.3125,0.1875,0.6,11,-0.2875,0.6,3
2025-26,2026/2/7,Aston Villa,Bournemouth,Away,1,1,7,20,4,9,4,11,1,0,1,0.571428571,0.142857143,0.25,-13,0.121428571,0.138888889,-7
2025-26,2026/2/7,Bournemouth,Aston Villa,Home,1,1,20,7,9,4,11,4,1,0,1,0.45,0.05,0.111111111,13,-0.121428571,-0.138888889,7
2025-26,2026/2/7,Brentford,Newcastle,Away,3,2,11,16,5,4,3,9,2,0,3,0.454545455,0.272727273,0.6,-5,0.204545455,0.1,-6
2025-26,2026/2/7,Burnley,West Ham,Home,0,2,18,6,5,4,5,2,3,0,0,0.277777778,0,0,12,-0.388888889,-0.5,3
2025-26,2026/2/7,Chelsea,Wolves,Away,3,1,15,11,6,3,4,3,1,0,3,0.4,0.2,0.5,4,0.127272727,0.166666667,1
2025-26,2026/2/7,Everton,Fulham,Away,2,1,16,13,3,3,6,6,5,0,3,0.1875,0.125,0.666666667,3,-0.043269231,0.333333333,0
2025-26,2026/2/7,Fulham,Everton,Home,1,2,13,16,3,3,6,6,1,0,0,0.230769231,0.076923077,0.333333333,-3,0.043269231,-0.333333333,0
2025-26,2026/2/7,Man United,Tottenham,Home,2,0,23,7,10,1,7,0,1,0,3,0.434782609,0.086956522,0.2,16,0.291925466,0.2,7
2025-26,2026/2/7,Newcastle,Brentford,Home,2,3,16,11,4,5,9,3,2,0,0,0.25,0.125,0.5,5,-0.204545455,-0.1,6
2025-26,2026/2/7,Sunderland,Arsenal,Away,0,3,5,16,3,5,2,5,2,0,0,0.6,0,0,-11,0.2875,-0.6,-3
2025-26,2026/2/7,Tottenham,Man United,Away,0,2,7,23,1,10,0,7,2,1,0,0.142857143,0,0,-16,-0.291925466,-0.2,-7
2025-26,2026/2/7,West Ham,Burnley,Away,2,0,6,18,4,5,2,5,1,0,3,0.666666667,0.333333333,0.5,-12,0.388888889,0.5,-3
2025-26,2026/2/7,Wolves,Chelsea,Home,1,3,11,15,3,6,3,4,1,0,0,0.272727273,0.090909091,0.333333333,-4,-0.127272727,-0.166666667,-1
2025-26,2026/2/8,Brighton,Crystal Palace,Home,0,1,7,7,2,4,3,4,1,0,0,0.285714286,0,0,0,-0.285714286,-0.25,-1
2025-26,2026/2/8,Crystal Palace,Brighton,Away,1,0,7,7,4,2,4,3,3,0,3,0.571428571,0.142857143,0.25,0,0.285714286,0.25,1
2025-26,2026/2/8,Liverpool,Man City,Home,1,2,15,17,4,7,5,4,2,1,0,0.266666667,0.066666667,0.25,-2,-0.145098039,-0.035714286,1
2025-26,2026/2/8,Man City,Liverpool,Away,2,1,17,15,7,4,4,5,4,0,3,0.411764706,0.117647059,0.285714286,2,0.145098039,0.035714286,-1
2025-26,2026/2/10,Bournemouth,Everton,Away,2,1,11,16,4,6,2,7,3,0,3,0.363636364,0.181818182,0.5,-5,-0.011363636,0.333333333,-5
2025-26,2026/2/10,Chelsea,Leeds,Home,2,2,19,4,4,2,4,1,4,0,1,0.210526316,0.105263158,0.5,15,-0.289473684,-0.5,3
2025-26,2026/2/10,Everton,Bournemouth,Home,1,2,16,11,6,4,7,2,1,1,0,0.375,0.0625,0.166666667,5,0.011363636,-0.333333333,5
2025-26,2026/2/10,Leeds,Chelsea,Away,2,2,4,19,2,4,1,4,4,0,1,0.5,0.5,1,-15,0.289473684,0.5,-3
2025-26,2026/2/10,Man United,West Ham,Away,1,1,9,7,3,3,3,5,1,0,1,0.333333333,0.111111111,0.333333333,2,-0.095238095,0,-2
2025-26,2026/2/10,Newcastle,Tottenham,Away,2,1,21,16,5,2,12,2,2,0,3,0.238095238,0.095238095,0.4,5,0.113095238,-0.1,10
2025-26,2026/2/10,Tottenham,Newcastle,Home,1,2,16,21,2,5,2,12,3,0,0,0.125,0.0625,0.5,-5,-0.113095238,0.1,-10
2025-26,2026/2/10,West Ham,Man United,Home,1,1,7,9,3,3,5,3,1,0,1,0.428571429,0.142857143,0.333333333,-2,0.095238095,0,2
2025-26,2026/2/11,Aston Villa,Brighton,Home,1,0,15,9,1,3,7,5,2,0,3,0.066666667,0.066666667,1,6,-0.266666667,1,2
2025-26,2026/2/11,Brighton,Aston Villa,Away,0,1,9,15,3,1,5,7,3,0,0,0.333333333,0,0,-6,0.266666667,-1,-2
2025-26,2026/2/11,Burnley,Crystal Palace,Away,3,2,8,21,3,3,2,8,1,0,3,0.375,0.375,1,-13,0.232142857,0.333333333,-6
2025-26,2026/2/11,Crystal Palace,Burnley,Home,2,3,21,8,3,3,8,2,2,0,0,0.142857143,0.095238095,0.666666667,13,-0.232142857,-0.333333333,6
2025-26,2026/2/11,Fulham,Man City,Away,0,3,14,13,3,5,4,4,1,0,0,0.214285714,0,0,1,-0.17032967,-0.6,0
2025-26,2026/2/11,Liverpool,Sunderland,Away,1,0,23,11,3,2,11,3,0,0,3,0.130434783,0.043478261,0.333333333,12,-0.051383399,0.333333333,8
2025-26,2026/2/11,Man City,Fulham,Home,3,0,13,14,5,3,4,4,3,0,3,0.384615385,0.230769231,0.6,-1,0.17032967,0.6,0
2025-26,2026/2/11,Nott'm Forest,Wolves,Home,0,0,35,7,10,3,8,2,0,0,1,0.285714286,0,0,28,-0.142857143,0,6
2025-26,2026/2/11,Sunderland,Liverpool,Home,0,1,11,23,2,3,3,11,1,0,0,0.181818182,0,0,-12,0.051383399,-0.333333333,-8
2025-26,2026/2/11,Wolves,Nott'm Forest,Away,0,0,7,35,3,10,2,8,2,0,1,0.428571429,0,0,-28,0.142857143,0,-6
2025-26,2026/2/12,Arsenal,Brentford,Away,1,1,7,12,2,3,4,6,2,0,1,0.285714286,0.142857143,0.5,-5,0.035714286,0.166666667,-2
2025-26,2026/2/12,Brentford,Arsenal,Home,1,1,12,7,3,2,6,4,3,0,1,0.25,0.083333333,0.333333333,5,-0.035714286,-0.166666667,2
2025-26,2026/2/18,Arsenal,Wolves,Away,2,2,10,5,4,2,3,1,1,0,1,0.4,0.2,0.5,5,0,-0.5,2
2025-26,2026/2/18,Wolves,Arsenal,Home,2,2,5,10,2,4,1,3,2,0,1,0.4,0.4,1,-5,0,0.5,-2
2025-26,2026/2/21,Aston Villa,Leeds,Home,1,1,16,14,4,4,7,2,1,0,1,0.25,0.0625,0.25,2,-0.035714286,0,5
2025-26,2026/2/21,Bournemouth,West Ham,Away,0,0,10,20,5,3,5,9,1,0,1,0.5,0,0,-10,0.35,0,-4
2025-26,2026/2/21,Brentford,Brighton,Home,0,2,13,11,3,7,6,4,1,0,0,0.230769231,0,0,2,-0.405594406,-0.285714286,2
2025-26,2026/2/21,Brighton,Brentford,Away,2,0,11,13,7,3,4,6,2,0,3,0.636363636,0.181818182,0.285714286,-2,0.405594406,0.285714286,-2
2025-26,2026/2/21,Burnley,Chelsea,Away,1,1,12,12,4,2,5,9,2,0,1,0.333333333,0.083333333,0.25,0,0.166666667,-0.25,-4
2025-26,2026/2/21,Chelsea,Burnley,Home,1,1,12,12,2,4,9,5,2,1,1,0.166666667,0.083333333,0.5,0,-0.166666667,0.25,4
2025-26,2026/2/21,Leeds,Aston Villa,Away,1,1,14,16,4,4,2,7,4,0,1,0.285714286,0.071428571,0.25,-2,0.035714286,0,-5
2025-26,2026/2/21,Man City,Newcastle,Home,2,1,15,13,7,7,5,5,2,0,3,0.466666667,0.133333333,0.285714286,2,-0.071794872,0.142857143,0
2025-26,2026/2/21,Newcastle,Man City,Away,1,2,13,15,7,7,5,5,5,0,0,0.538461538,0.076923077,0.142857143,-2,0.071794872,-0.142857143,0
2025-26,2026/2/21,West Ham,Bournemouth,Home,0,0,20,10,3,5,9,5,1,0,1,0.15,0,0,10,-0.35,0,4
2025-26,2026/2/22,Arsenal,Tottenham,Away,4,1,20,6,7,5,5,2,1,0,3,0.35,0.2,0.571428571,14,-0.483333333,0.371428571,3
2025-26,2026/2/22,Crystal Palace,Wolves,Home,1,0,14,12,3,7,7,3,5,0,3,0.214285714,0.071428571,0.333333333,2,-0.369047619,0.333333333,4
2025-26,2026/2/22,Fulham,Sunderland,Away,3,1,12,12,4,2,4,6,1,0,3,0.333333333,0.25,0.75,0,0.166666667,0.25,-2
2025-26,2026/2/22,Liverpool,Nott'm Forest,Away,1,0,10,18,4,2,2,7,0,0,3,0.4,0.1,0.25,-8,0.288888889,0.25,-5
2025-26,2026/2/22,Nott'm Forest,Liverpool,Home,0,1,18,10,2,4,7,2,2,0,0,0.111111111,0,0,8,-0.288888889,-0.25,5
2025-26,2026/2/22,Sunderland,Fulham,Home,1,3,12,12,2,4,6,4,1,0,0,0.166666667,0.083333333,0.5,0,-0.166666667,-0.25,2
2025-26,2026/2/22,Tottenham,Arsenal,Home,1,4,6,20,5,7,2,5,2,0,0,0.833333333,0.166666667,0.2,-14,0.483333333,-0.371428571,-3
2025-26,2026/2/22,Wolves,Crystal Palace,Away,0,1,12,14,7,3,3,7,1,1,0,0.583333333,0,0,-2,0.369047619,-0.333333333,-4
2025-26,2026/2/23,Everton,Man United,Home,0,1,12,11,4,3,10,1,2,0,0,0.333333333,0,0,1,0.060606061,-0.333333333,9
2025-26,2026/2/23,Man United,Everton,Away,1,0,11,12,3,4,1,10,3,0,3,0.272727273,0.090909091,0.333333333,-1,-0.060606061,0.333333333,-9
2025-26,2026/2/27,Aston Villa,Wolves,Away,0,2,14,9,5,2,5,0,3,0,0,0.357142857,0,0,5,0.134920635,-1,5
2025-26,2026/2/27,Wolves,Aston Villa,Home,2,0,9,14,2,5,0,5,3,0,3,0.222222222,0.222222222,1,-5,-0.134920635,1,-5
2025-26,2026/2/28,Bournemouth,Sunderland,Home,1,1,21,8,5,4,7,3,4,0,1,0.238095238,0.047619048,0.2,13,-0.261904762,-0.05,4
2025-26,2026/2/28,Brentford,Burnley,Away,4,3,16,12,7,3,8,4,2,0,3,0.4375,0.25,0.571428571,4,0.1875,-0.428571429,4
2025-26,2026/2/28,Burnley,Brentford,Home,3,4,12,16,3,7,4,8,2,0,0,0.25,0.25,1,-4,-0.1875,0.428571429,-4
2025-26,2026/2/28,Everton,Newcastle,Away,3,2,9,17,5,7,2,7,3,0,3,0.555555556,0.333333333,0.6,-8,0.14379085,0.314285714,-5
2025-26,2026/2/28,Leeds,Man City,Home,0,1,14,14,2,5,5,3,0,0,0,0.142857143,0,0,0,-0.214285714,-0.2,2
2025-26,2026/2/28,Liverpool,West Ham,Home,5,2,18,11,7,4,10,5,2,0,3,0.388888889,0.277777778,0.714285714,7,0.025252525,0.214285714,5
2025-26,2026/2/28,Man City,Leeds,Away,1,0,14,14,5,2,3,5,3,0,3,0.357142857,0.071428571,0.2,0,0.214285714,0.2,-2
2025-26,2026/2/28,Newcastle,Everton,Home,2,3,17,9,7,5,7,2,2,0,0,0.411764706,0.117647059,0.285714286,8,-0.14379085,-0.314285714,5
2025-26,2026/2/28,Sunderland,Bournemouth,Away,1,1,8,21,4,5,3,7,2,0,1,0.5,0.125,0.25,-13,0.261904762,0.05,-4
2025-26,2026/2/28,West Ham,Liverpool,Away,2,5,11,18,4,7,5,10,2,0,0,0.363636364,0.181818182,0.5,-7,-0.025252525,-0.214285714,-5
2025-26,2026/3/1,Arsenal,Chelsea,Home,2,1,12,9,5,3,5,10,1,0,3,0.416666667,0.166666667,0.4,3,0.083333333,0.066666667,-5
2025-26,2026/3/1,Brighton,Nott'm Forest,Home,2,1,14,13,7,4,4,4,3,0,3,0.5,0.142857143,0.285714286,1,0.192307692,0.035714286,0
2025-26,2026/3/1,Chelsea,Arsenal,Away,1,2,9,12,3,5,10,5,3,1,0,0.333333333,0.111111111,0.333333333,-3,-0.083333333,-0.066666667,5
2025-26,2026/3/1,Crystal Palace,Man United,Away,1,2,8,20,3,11,1,7,2,1,0,0.375,0.125,0.333333333,-12,-0.175,0.151515152,-6
2025-26,2026/3/1,Fulham,Tottenham,Home,2,1,18,13,4,1,5,8,3,0,3,0.222222222,0.111111111,0.5,5,0.145299145,-0.5,-3
2025-26,2026/3/1,Man United,Crystal Palace,Home,2,1,20,8,11,3,7,1,2,0,3,0.55,0.1,0.181818182,12,0.175,-0.151515152,6
2025-26,2026/3/1,Nott'm Forest,Brighton,Away,1,2,13,14,4,7,4,4,1,0,0,0.307692308,0.076923077,0.25,-1,-0.192307692,-0.035714286,0
2025-26,2026/3/1,Tottenham,Fulham,Away,1,2,13,18,1,4,8,5,3,0,0,0.076923077,0.076923077,1,-5,-0.145299145,0.5,3
2025-26,2026/3/3,Bournemouth,Brentford,Home,0,0,13,5,2,2,4,3,2,0,1,0.153846154,0,0,8,-0.246153846,0,1
2025-26,2026/3/3,Brentford,Bournemouth,Away,0,0,5,13,2,2,3,4,1,0,1,0.4,0,0,-8,0.246153846,0,-1
2025-26,2026/3/3,Burnley,Everton,Away,0,2,5,14,2,5,3,6,1,0,0,0.4,0,0,-9,0.042857143,-0.4,-3
2025-26,2026/3/3,Everton,Burnley,Home,2,0,14,5,5,2,6,3,0,0,3,0.357142857,0.142857143,0.4,9,-0.042857143,0.4,3
2025-26,2026/3/3,Leeds,Sunderland,Home,0,1,18,3,4,1,9,2,1,0,0,0.222222222,0,0,15,-0.111111111,-1,7
2025-26,2026/3/3,Liverpool,Wolves,Away,1,2,19,4,7,3,11,2,1,0,0,0.368421053,0.052631579,0.142857143,15,-0.381578947,-0.523809524,9
2025-26,2026/3/3,Sunderland,Leeds,Away,1,0,3,18,1,4,2,9,3,0,3,0.333333333,0.333333333,1,-15,0.111111111,1,-7
2025-26,2026/3/3,Wolves,Liverpool,Home,2,1,4,19,3,7,2,11,2,0,3,0.75,0.5,0.666666667,-15,0.381578947,0.523809524,-9
2025-26,2026/3/4,Arsenal,Brighton,Away,1,0,7,11,2,3,3,4,1,0,3,0.285714286,0.142857143,0.5,-4,0.012987013,0.5,-1
2025-26,2026/3/4,Aston Villa,Chelsea,Home,1,4,9,15,4,8,3,8,3,0,0,0.444444444,0.111111111,0.25,-6,-0.088888889,-0.25,-5
2025-26,2026/3/4,Brighton,Arsenal,Home,0,1,11,7,3,2,4,3,4,0,0,0.272727273,0,0,4,-0.012987013,-0.5,1
2025-26,2026/3/4,Chelsea,Aston Villa,Away,4,1,15,9,8,4,8,3,2,0,3,0.533333333,0.266666667,0.5,6,0.088888889,0.25,5
2025-26,2026/3/4,Fulham,West Ham,Home,0,1,13,9,5,3,7,5,2,0,0,0.384615385,0,0,4,0.051282051,-0.333333333,2
2025-26,2026/3/4,Man City,Nott'm Forest,Home,2,2,21,9,7,4,6,1,0,0,1,0.333333333,0.095238095,0.285714286,12,-0.111111111,-0.214285714,5
2025-26,2026/3/4,Man United,Newcastle,Away,1,2,14,12,5,5,4,2,3,0,0,0.357142857,0.071428571,0.2,2,-0.05952381,-0.2,2
2025-26,2026/3/4,Newcastle,Man United,Home,2,1,12,14,5,5,2,4,2,1,3,0.416666667,0.166666667,0.4,-2,0.05952381,0.2,-2
2025-26,2026/3/4,Nott'm Forest,Man City,Away,2,2,9,21,4,7,1,6,4,0,1,0.444444444,0.222222222,0.5,-12,0.111111111,0.214285714,-5
2025-26,2026/3/4,West Ham,Fulham,Away,1,0,9,13,3,5,5,7,4,0,3,0.333333333,0.111111111,0.333333333,-4,-0.051282051,0.333333333,-2
2025-26,2026/3/5,Crystal Palace,Tottenham,Away,3,1,9,12,4,4,3,6,2,0,3,0.444444444,0.333333333,0.75,-3,0.111111111,0.5,-3
2025-26,2026/3/5,Tottenham,Crystal Palace,Home,1,3,12,9,4,4,6,3,3,0,0,0.333333333,0.083333333,0.25,3,-0.111111111,-0.5,3
2025-26,2026/3/14,Arsenal,Everton,Home,2,0,25,9,7,3,8,3,0,0,3,0.28,0.08,0.285714286,16,-0.053333333,0.285714286,5
2025-26,2026/3/14,Bournemouth,Burnley,Away,0,0,22,15,3,2,8,5,0,0,1,0.136363636,0,0,7,0.003030303,0,3
2025-26,2026/3/14,Brighton,Sunderland,Away,1,0,12,14,4,4,3,7,2,0,3,0.333333333,0.083333333,0.25,-2,0.047619048,0.25,-4
2025-26,2026/3/14,Burnley,Bournemouth,Home,0,0,15,22,2,3,5,8,1,0,1,0.133333333,0,0,-7,-0.003030303,0,-3
2025-26,2026/3/14,Chelsea,Newcastle,Home,0,1,22,7,3,5,8,1,2,0,0,0.136363636,0,0,15,-0.577922078,-0.2,7
2025-26,2026/3/14,Everton,Arsenal,Away,0,2,9,25,3,7,3,8,0,0,0,0.333333333,0,0,-16,0.053333333,-0.285714286,-5
2025-26,2026/3/14,Man City,West Ham,Away,1,1,24,1,6,1,15,1,2,0,1,0.25,0.041666667,0.166666667,23,-0.75,-0.833333333,14
2025-26,2026/3/14,Newcastle,Chelsea,Away,1,0,7,22,5,3,1,8,2,0,3,0.714285714,0.142857143,0.2,-15,0.577922078,0.2,-7
2025-26,2026/3/14,Sunderland,Brighton,Home,0,1,14,12,4,4,7,3,1,0,0,0.285714286,0,0,2,-0.047619048,-0.25,4
2025-26,2026/3/14,West Ham,Man City,Home,1,1,1,24,1,6,1,15,2,0,1,1,1,1,-23,0.75,0.833333333,-14
2025-26,2026/3/15,Aston Villa,Man United,Away,1,3,9,16,2,6,6,6,2,0,0,0.222222222,0.111111111,0.5,-7,-0.152777778,0,0
2025-26,2026/3/15,Crystal Palace,Leeds,Home,0,0,12,10,0,3,8,3,2,0,1,0,0,0,2,-0.3,0,5
2025-26,2026/3/15,Fulham,Nott'm Forest,Away,0,0,5,11,0,2,4,5,3,0,1,0,0,0,-6,-0.181818182,0,-1
2025-26,2026/3/15,Leeds,Crystal Palace,Away,0,0,10,12,3,0,3,8,1,1,1,0.3,0,0,-2,0.3,0,-5
2025-26,2026/3/15,Liverpool,Tottenham,Home,1,1,17,13,4,7,3,4,0,0,1,0.235294118,0.058823529,0.25,4,-0.303167421,0.107142857,-1
2025-26,2026/3/15,Man United,Aston Villa,Home,3,1,16,9,6,2,6,6,3,0,3,0.375,0.1875,0.5,7,0.152777778,0,0
2025-26,2026/3/15,Nott'm Forest,Fulham,Home,0,0,11,5,2,0,5,4,2,0,1,0.181818182,0,0,6,0.181818182,0,1
2025-26,2026/3/15,Tottenham,Liverpool,Away,1,1,13,17,7,4,4,3,0,0,1,0.538461538,0.076923077,0.142857143,-4,0.303167421,-0.107142857,1
2025-26,2026/3/16,Brentford,Wolves,Home,2,2,10,13,3,4,1,5,2,0,1,0.3,0.2,0.666666667,-3,-0.007692308,0.166666667,-4
2025-26,2026/3/16,Wolves,Brentford,Away,2,2,13,10,4,3,5,1,4,0,1,0.307692308,0.153846154,0.5,3,0.007692308,-0.166666667,4
2025-26,2026/3/20,Bournemouth,Man United,Home,2,2,16,14,5,5,6,8,2,0,1,0.3125,0.125,0.4,2,-0.044642857,0,-2
2025-26,2026/3/20,Man United,Bournemouth,Away,2,2,14,16,5,5,8,6,2,1,1,0.357142857,0.142857143,0.4,-2,0.044642857,0,2
2025-26,2026/3/21,Brentford,Leeds,Away,0,0,6,14,2,4,2,6,0,0,1,0.333333333,0,0,-8,0.047619048,0,-4
2025-26,2026/3/21,Brighton,Liverpool,Home,2,1,16,12,7,5,4,8,5,0,3,0.4375,0.125,0.285714286,4,0.020833333,0.085714286,-4
2025-26,2026/3/21,Burnley,Fulham,Away,1,3,9,22,5,6,6,6,2,1,0,0.555555556,0.111111111,0.2,-13,0.282828283,-0.3,0
2025-26,2026/3/21,Chelsea,Everton,Away,0,3,12,10,4,9,9,3,2,0,0,0.333333333,0,0,2,-0.566666667,-0.333333333,6
2025-26,2026/3/21,Everton,Chelsea,Home,3,0,10,12,9,4,3,9,0,0,3,0.9,0.3,0.333333333,-2,0.566666667,0.333333333,-6
2025-26,2026/3/21,Fulham,Burnley,Home,3,1,22,9,6,5,6,6,2,0,3,0.272727273,0.136363636,0.5,13,-0.282828283,0.3,0
2025-26,2026/3/21,Leeds,Brentford,Home,0,0,14,6,4,2,6,2,2,0,1,0.285714286,0,0,8,-0.047619048,0,4
2025-26,2026/3/21,Liverpool,Brighton,Away,1,2,12,16,5,7,8,4,5,0,0,0.416666667,0.083333333,0.2,-4,-0.020833333,-0.085714286,4
2025-26,2026/3/22,Aston Villa,West Ham,Home,2,0,23,9,7,1,6,6,0,0,3,0.304347826,0.086956522,0.285714286,14,0.193236715,0.285714286,0
2025-26,2026/3/22,Newcastle,Sunderland,Home,1,2,16,17,4,7,9,5,1,0,0,0.25,0.0625,0.25,-1,-0.161764706,-0.035714286,4
2025-26,2026/3/22,Nott'm Forest,Tottenham,Away,3,0,8,14,7,3,3,13,2,0,3,0.875,0.375,0.428571429,-6,0.660714286,0.428571429,-10
2025-26,2026/3/22,Sunderland,Newcastle,Away,2,1,17,16,7,4,5,9,6,0,3,0.411764706,0.117647059,0.285714286,1,0.161764706,0.035714286,-4
2025-26,2026/3/22,Tottenham,Nott'm Forest,Home,0,3,14,8,3,7,13,3,1,0,0,0.214285714,0,0,6,-0.660714286,-0.428571429,10
2025-26,2026/3/22,West Ham,Aston Villa,Away,0,2,9,23,1,7,6,6,1,0,0,0.111111111,0,0,-14,-0.193236715,-0.285714286,0
2025-26,2026/4/10,West Ham,Wolves,Home,4,0,18,14,7,3,5,2,2,0,3,0.388888889,0.222222222,0.571428571,4,0.174603175,0.571428571,3
2025-26,2026/4/10,Wolves,West Ham,Away,0,4,14,18,3,7,2,5,2,0,0,0.214285714,0,0,-4,-0.174603175,-0.571428571,-3
2025-26,2026/4/11,Arsenal,Bournemouth,Home,1,2,15,8,3,3,10,1,1,0,0,0.2,0.066666667,0.333333333,7,-0.175,-0.333333333,9
2025-26,2026/4/11,Bournemouth,Arsenal,Away,2,1,8,15,3,3,1,10,3,0,3,0.375,0.25,0.666666667,-7,0.175,0.333333333,-9
2025-26,2026/4/11,Brentford,Everton,Home,2,2,17,14,4,7,2,3,0,0,1,0.235294118,0.117647059,0.5,3,-0.264705882,0.214285714,-1
2025-26,2026/4/11,Brighton,Burnley,Away,2,0,13,10,6,5,2,8,1,0,3,0.461538462,0.153846154,0.333333333,3,-0.038461538,0.333333333,-6
2025-26,2026/4/11,Burnley,Brighton,Home,0,2,10,13,5,6,8,2,2,0,0,0.5,0,0,-3,0.038461538,-0.333333333,6
2025-26,2026/4/11,Everton,Brentford,Away,2,2,14,17,7,4,3,2,2,0,1,0.5,0.142857143,0.285714286,-3,0.264705882,-0.214285714,1
2025-26,2026/4/11,Fulham,Liverpool,Away,0,2,19,18,4,5,9,6,0,0,0,0.210526316,0,0,1,-0.067251462,-0.4,3
2025-26,2026/4/11,Liverpool,Fulham,Home,2,0,18,19,5,4,6,9,0,0,3,0.277777778,0.111111111,0.4,-1,0.067251462,0.4,-3
2025-26,2026/4/12,Aston Villa,Nott'm Forest,Away,1,1,12,15,5,4,3,7,2,0,1,0.416666667,0.083333333,0.2,-3,0.15,-0.05,-4
2025-26,2026/4/12,Chelsea,Man City,Home,0,3,12,18,3,8,4,12,3,0,0,0.25,0,0,-6,-0.194444444,-0.375,-8
2025-26,2026/4/12,Crystal Palace,Newcastle,Home,2,1,11,7,5,3,2,4,0,0,3,0.454545455,0.181818182,0.4,4,0.025974026,0.066666667,-2
2025-26,2026/4/12,Man City,Chelsea,Away,3,0,18,12,8,3,12,4,1,0,3,0.444444444,0.166666667,0.375,6,0.194444444,0.375,8
2025-26,2026/4/12,Newcastle,Crystal Palace,Away,1,2,7,11,3,5,4,2,3,0,0,0.428571429,0.142857143,0.333333333,-4,-0.025974026,-0.066666667,2
2025-26,2026/4/12,Nott'm Forest,Aston Villa,Home,1,1,15,12,4,5,7,3,2,0,1,0.266666667,0.066666667,0.25,3,-0.15,0.05,4
2025-26,2026/4/12,Sunderland,Tottenham,Home,1,0,13,11,2,7,2,6,3,0,3,0.153846154,0.076923077,0.5,2,-0.482517483,0.5,-4
2025-26,2026/4/12,Tottenham,Sunderland,Away,0,1,11,13,7,2,6,2,3,0,0,0.636363636,0,0,-2,0.482517483,-0.5,4
2025-26,2026/4/13,Leeds,Man United,Away,2,1,15,20,6,9,4,11,2,0,3,0.4,0.133333333,0.333333333,-5,-0.05,0.222222222,-7
2025-26,2026/4/13,Man United,Leeds,Home,1,2,20,15,9,6,11,4,3,1,0,0.45,0.05,0.111111111,5,0.05,-0.222222222,7
2025-26,2026/4/18,Bournemouth,Newcastle,Away,2,1,12,12,3,3,3,2,4,0,3,0.25,0.166666667,0.666666667,0,0,0.333333333,1
2025-26,2026/4/18,Brentford,Fulham,Home,0,0,13,11,4,0,9,3,0,0,1,0.307692308,0,0,2,0.307692308,0,6
2025-26,2026/4/18,Brighton,Tottenham,Away,2,2,10,13,3,6,5,7,1,0,1,0.3,0.2,0.666666667,-3,-0.161538462,0.333333333,-2
2025-26,2026/4/18,Chelsea,Man United,Home,0,1,21,4,3,1,7,1,1,0,0,0.142857143,0,0,17,-0.107142857,-1,6
2025-26,2026/4/18,Fulham,Brentford,Away,0,0,11,13,0,4,3,9,1,0,1,0,0,0,-2,-0.307692308,0,-6
2025-26,2026/4/18,Leeds,Wolves,Home,3,0,17,7,6,2,5,6,2,0,3,0.352941176,0.176470588,0.5,10,0.067226891,0.5,-1
2025-26,2026/4/18,Man United,Chelsea,Away,1,0,4,21,1,3,1,7,3,0,3,0.25,0.25,1,-17,0.107142857,1,-6
2025-26,2026/4/18,Newcastle,Bournemouth,Home,1,2,12,12,3,3,2,3,2,0,0,0.25,0.083333333,0.333333333,0,0,-0.333333333,-1
2025-26,2026/4/18,Tottenham,Brighton,Home,2,2,13,10,6,3,7,5,3,0,1,0.461538462,0.153846154,0.333333333,3,0.161538462,-0.333333333,2
2025-26,2026/4/18,Wolves,Leeds,Away,0,3,7,17,2,6,6,5,1,0,0,0.285714286,0,0,-10,-0.067226891,-0.5,1
2025-26,2026/4/19,Arsenal,Man City,Away,1,2,9,15,3,5,5,8,2,0,0,0.333333333,0.111111111,0.333333333,-6,0,-0.066666667,-3
2025-26,2026/4/19,Aston Villa,Sunderland,Home,4,3,15,10,7,7,4,5,1,0,3,0.466666667,0.266666667,0.571428571,5,-0.233333333,0.142857143,-1
2025-26,2026/4/19,Burnley,Nott'm Forest,Away,1,4,4,10,3,4,4,4,2,0,0,0.75,0.25,0.333333333,-6,0.35,-0.666666667,0
2025-26,2026/4/19,Everton,Liverpool,Home,1,2,10,14,4,6,1,6,2,0,0,0.4,0.1,0.25,-4,-0.028571429,-0.083333333,-5
2025-26,2026/4/19,Liverpool,Everton,Away,2,1,14,10,6,4,6,1,0,0,3,0.428571429,0.142857143,0.333333333,4,0.028571429,0.083333333,5
2025-26,2026/4/19,Man City,Arsenal,Home,2,1,15,9,5,3,8,5,2,0,3,0.333333333,0.133333333,0.4,6,0,0.066666667,3
2025-26,2026/4/19,Nott'm Forest,Burnley,Home,4,1,10,4,4,3,4,4,0,0,3,0.4,0.4,1,6,-0.35,0.666666667,0
2025-26,2026/4/19,Sunderland,Aston Villa,Away,3,4,10,15,7,7,5,4,3,0,0,0.7,0.3,0.428571429,-5,0.233333333,-0.142857143,1
2025-26,2026/4/20,Crystal Palace,West Ham,Home,0,0,9,9,1,4,4,6,2,0,1,0.111111111,0,0,0,-0.333333333,0,-2
2025-26,2026/4/20,West Ham,Crystal Palace,Away,0,0,9,9,4,1,6,4,1,0,1,0.444444444,0,0,0,0.333333333,0,2
2025-26,2026/4/21,Brighton,Chelsea,Home,3,0,15,6,9,0,6,5,1,0,3,0.6,0.2,0.333333333,9,0.6,0.333333333,1
2025-26,2026/4/21,Chelsea,Brighton,Away,0,3,6,15,0,9,5,6,1,0,0,0,0,0,-9,-0.6,-0.333333333,-1
2025-26,2026/4/22,Bournemouth,Leeds,Home,2,2,17,10,7,3,12,1,3,0,1,0.411764706,0.117647059,0.285714286,7,0.111764706,-0.380952381,11
2025-26,2026/4/22,Burnley,Man City,Home,0,1,9,28,1,9,3,11,0,0,0,0.111111111,0,0,-19,-0.21031746,-0.111111111,-8
2025-26,2026/4/22,Leeds,Bournemouth,Away,2,2,10,17,3,7,1,12,0,0,1,0.3,0.2,0.666666667,-7,-0.111764706,0.380952381,-11
2025-26,2026/4/22,Man City,Burnley,Away,1,0,28,9,9,1,11,3,0,0,3,0.321428571,0.035714286,0.111111111,19,0.21031746,0.111111111,8
2025-26,2026/4/24,Nott'm Forest,Sunderland,Away,5,0,10,14,6,4,6,3,5,0,3,0.6,0.5,0.833333333,-4,0.314285714,0.833333333,3
2025-26,2026/4/24,Sunderland,Nott'm Forest,Home,0,5,14,10,4,6,3,6,2,0,0,0.285714286,0,0,4,-0.314285714,-0.833333333,-3
2025-26,2026/4/25,Arsenal,Newcastle,Home,1,0,11,13,4,3,7,2,2,0,3,0.363636364,0.090909091,0.25,-2,0.132867133,0.25,5
2025-26,2026/4/25,Aston Villa,Fulham,Away,0,1,10,13,1,6,5,2,2,0,0,0.1,0,0,-3,-0.361538462,-0.166666667,3
2025-26,2026/4/25,Crystal Palace,Liverpool,Away,1,3,14,9,7,3,8,5,3,0,0,0.5,0.071428571,0.142857143,5,0.166666667,-0.857142857,3
2025-26,2026/4/25,Everton,West Ham,Away,1,2,11,10,3,3,4,3,4,0,0,0.272727273,0.090909091,0.333333333,1,-0.027272727,-0.333333333,1
2025-26,2026/4/25,Fulham,Aston Villa,Home,1,0,13,10,6,1,2,5,2,0,3,0.461538462,0.076923077,0.166666667,3,0.361538462,0.166666667,-3
2025-26,2026/4/25,Liverpool,Crystal Palace,Home,3,1,9,14,3,7,5,8,1,0,3,0.333333333,0.333333333,1,-5,-0.166666667,0.857142857,-3
2025-26,2026/4/25,Newcastle,Arsenal,Away,0,1,13,11,3,4,2,7,2,0,0,0.230769231,0,0,2,-0.132867133,-0.25,-5
2025-26,2026/4/25,Tottenham,Wolves,Away,1,0,11,11,2,2,5,5,4,0,3,0.181818182,0.090909091,0.5,0,0,0.5,0
2025-26,2026/4/25,West Ham,Everton,Home,2,1,10,11,3,3,3,4,3,0,3,0.3,0.2,0.666666667,-1,0.027272727,0.333333333,-1
2025-26,2026/4/25,Wolves,Tottenham,Home,0,1,11,11,2,2,5,5,3,0,0,0.181818182,0,0,0,0,-0.5,0
2025-26,2026/4/27,Brentford,Man United,Away,1,2,12,11,4,6,8,7,4,0,0,0.333333333,0.083333333,0.25,1,-0.212121212,-0.083333333,1
2025-26,2026/4/27,Man United,Brentford,Home,2,1,11,12,6,4,7,8,2,0,3,0.545454545,0.181818182,0.333333333,-1,0.212121212,0.083333333,-1
2025-26,2026/5/1,Burnley,Leeds,Away,1,3,9,18,3,8,0,5,3,0,0,0.333333333,0.111111111,0.333333333,-9,-0.111111111,-0.041666667,-5
2025-26,2026/5/1,Leeds,Burnley,Home,3,1,18,9,8,3,5,0,4,0,3,0.444444444,0.166666667,0.375,9,0.111111111,0.041666667,5
2025-26,2026/5/2,Arsenal,Fulham,Home,3,0,18,10,9,1,3,4,0,0,3,0.5,0.166666667,0.333333333,8,0.4,0.333333333,-1
2025-26,2026/5/2,Brentford,West Ham,Home,3,0,14,13,6,4,2,6,1,0,3,0.428571429,0.214285714,0.5,1,0.120879121,0.5,-4
2025-26,2026/5/2,Brighton,Newcastle,Away,1,3,13,13,4,6,10,2,3,0,0,0.307692308,0.076923077,0.25,0,-0.153846154,-0.25,8
2025-26,2026/5/2,Fulham,Arsenal,Away,0,3,10,18,1,9,4,3,1,0,0,0.1,0,0,-8,-0.4,-0.333333333,1
2025-26,2026/5/2,Newcastle,Brighton,Home,3,1,13,13,6,4,2,10,3,0,3,0.461538462,0.230769231,0.5,0,0.153846154,0.25,-8
2025-26,2026/5/2,Sunderland,Wolves,Away,1,1,10,20,2,7,3,6,4,1,1,0.2,0.1,0.5,-10,-0.15,0.357142857,-3
2025-26,2026/5/2,West Ham,Brentford,Away,0,3,13,14,4,6,6,2,3,0,0,0.307692308,0,0,-1,-0.120879121,-0.5,4
2025-26,2026/5/2,Wolves,Sunderland,Home,1,1,20,10,7,2,6,3,0,0,1,0.35,0.05,0.142857143,10,0.15,-0.357142857,3
2025-26,2026/5/3,Aston Villa,Tottenham,Home,1,2,5,10,1,5,5,5,2,0,0,0.2,0.2,1,-5,-0.3,0.6,0
2025-26,2026/5/3,Bournemouth,Crystal Palace,Home,3,0,16,7,5,1,7,1,0,0,3,0.3125,0.1875,0.6,9,0.169642857,0.6,6
2025-26,2026/5/3,Crystal Palace,Bournemouth,Away,0,3,7,16,1,5,1,7,2,0,0,0.142857143,0,0,-9,-0.169642857,-0.6,-6
2025-26,2026/5/3,Liverpool,Man United,Away,2,3,13,18,5,6,2,3,2,0,0,0.384615385,0.153846154,0.4,-5,0.051282051,-0.1,-1
2025-26,2026/5/3,Man United,Liverpool,Home,3,2,18,13,6,5,3,2,2,0,3,0.333333333,0.166666667,0.5,5,-0.051282051,0.1,1
2025-26,2026/5/3,Tottenham,Aston Villa,Away,2,1,10,5,5,1,5,5,5,0,3,0.5,0.2,0.4,5,0.3,-0.6,0
2025-26,2026/5/4,Chelsea,Nott'm Forest,Home,1,3,21,6,5,4,10,1,3,0,0,0.238095238,0.047619048,0.2,15,-0.428571429,-0.55,9
2025-26,2026/5/4,Everton,Man City,Home,3,3,14,21,6,4,5,9,4,0,1,0.428571429,0.214285714,0.5,-7,0.238095238,-0.25,-4
2025-26,2026/5/4,Man City,Everton,Away,3,3,21,14,4,6,9,5,1,0,1,0.19047619,0.142857143,0.75,7,-0.238095238,0.25,4
2025-26,2026/5/4,Nott'm Forest,Chelsea,Away,3,1,6,21,4,5,1,10,1,0,3,0.666666667,0.5,0.75,-15,0.428571429,0.55,-9
2025-26,2026/5/9,Bournemouth,Fulham,Away,1,0,10,14,5,2,2,11,2,1,3,0.5,0.1,0.2,-4,0.357142857,0.2,-9
2025-26,2026/5/9,Brentford,Man City,Away,0,3,4,25,2,10,2,10,2,0,0,0.5,0,0,-21,0.1,-0.3,-8
2025-26,2026/5/9,Brighton,Wolves,Home,3,0,14,5,6,1,7,1,1,0,3,0.428571429,0.214285714,0.5,9,0.228571429,0.5,6
2025-26,2026/5/9,Chelsea,Liverpool,Away,1,1,6,8,3,3,2,5,4,0,1,0.5,0.166666667,0.333333333,-2,0.125,0,-3
2025-26,2026/5/9,Fulham,Bournemouth,Home,0,1,14,10,2,5,11,2,4,1,0,0.142857143,0,0,4,-0.357142857,-0.2,9
2025-26,2026/5/9,Liverpool,Chelsea,Home,1,1,8,6,3,3,5,2,2,0,1,0.375,0.125,0.333333333,2,-0.125,0,3
2025-26,2026/5/9,Man City,Brentford,Home,3,0,25,4,10,2,10,2,4,0,3,0.4,0.12,0.3,21,-0.1,0.3,8
2025-26,2026/5/9,Man United,Sunderland,Away,0,0,11,15,1,4,8,7,3,0,1,0.090909091,0,0,-4,-0.175757576,0,1
2025-26,2026/5/9,Sunderland,Man United,Home,0,0,15,11,4,1,7,8,0,0,1,0.266666667,0,0,4,0.175757576,0,-1
2025-26,2026/5/9,Wolves,Brighton,Away,0,3,5,14,1,6,1,7,2,0,0,0.2,0,0,-9,-0.228571429,-0.5,-6
2025-26,2026/5/10,Arsenal,West Ham,Away,1,0,15,9,4,3,3,4,4,0,3,0.266666667,0.066666667,0.25,6,-0.066666667,0.25,-1
2025-26,2026/5/10,Aston Villa,Burnley,Away,2,2,18,15,7,6,8,2,1,0,1,0.388888889,0.111111111,0.285714286,3,-0.011111111,-0.047619048,6
2025-26,2026/5/10,Burnley,Aston Villa,Home,2,2,15,18,6,7,2,8,1,0,1,0.4,0.133333333,0.333333333,-3,0.011111111,0.047619048,-6
2025-26,2026/5/10,Crystal Palace,Everton,Home,2,2,21,13,8,6,5,10,0,0,1,0.380952381,0.095238095,0.25,8,-0.080586081,-0.083333333,-5
2025-26,2026/5/10,Everton,Crystal Palace,Away,2,2,13,21,6,8,10,5,2,0,1,0.461538462,0.153846154,0.333333333,-8,0.080586081,0.083333333,5
2025-26,2026/5/10,Newcastle,Nott'm Forest,Away,1,1,16,17,6,6,1,2,0,0,1,0.375,0.0625,0.166666667,-1,0.022058824,0,-1
2025-26,2026/5/10,Nott'm Forest,Newcastle,Home,1,1,17,16,6,6,2,1,2,0,1,0.352941176,0.058823529,0.166666667,1,-0.022058824,0,1
2025-26,2026/5/10,West Ham,Arsenal,Home,0,1,9,15,3,4,4,3,3,0,0,0.333333333,0,0,-6,0.066666667,-0.25,1
2025-26,2026/5/11,Leeds,Tottenham,Away,1,1,11,16,4,3,2,14,1,0,1,0.363636364,0.090909091,0.25,-5,0.176136364,-0.083333333,-12
2025-26,2026/5/11,Tottenham,Leeds,Home,1,1,16,11,3,4,14,2,3,0,1,0.1875,0.0625,0.333333333,5,-0.176136364,0.083333333,12
2025-26,2026/5/13,Crystal Palace,Man City,Away,0,3,6,15,2,4,4,9,2,0,0,0.333333333,0,0,-9,0.066666667,-0.75,-5
2025-26,2026/5/13,Man City,Crystal Palace,Home,3,0,15,6,4,2,9,4,0,0,3,0.266666667,0.2,0.75,9,-0.066666667,0.75,5
2025-26,2026/5/15,Aston Villa,Liverpool,Home,4,2,14,16,9,5,4,9,3,0,3,0.642857143,0.285714286,0.444444444,-2,0.330357143,0.044444444,-5
2025-26,2026/5/15,Liverpool,Aston Villa,Away,2,4,16,14,5,9,9,4,1,0,0,0.3125,0.125,0.4,2,-0.330357143,-0.044444444,5
2025-26,2026/5/17,Brentford,Crystal Palace,Home,2,2,14,16,3,5,9,4,1,0,1,0.214285714,0.142857143,0.666666667,-2,-0.098214286,0.266666667,5
2025-26,2026/5/17,Brighton,Leeds,Away,0,1,19,7,8,1,8,7,0,0,0,0.421052632,0,0,12,0.278195489,-1,1
2025-26,2026/5/17,Crystal Palace,Brentford,Away,2,2,16,14,5,3,4,9,3,0,1,0.3125,0.125,0.4,2,0.098214286,-0.266666667,-5
2025-26,2026/5/17,Everton,Sunderland,Home,1,3,10,7,4,3,3,2,3,0,0,0.4,0.1,0.25,3,-0.028571429,-0.75,1
2025-26,2026/5/17,Fulham,Wolves,Away,1,1,13,11,5,3,6,3,0,0,1,0.384615385,0.076923077,0.2,2,0.111888112,-0.133333333,3
2025-26,2026/5/17,Leeds,Brighton,Home,1,0,7,19,1,8,7,8,1,0,3,0.142857143,0.142857143,1,-12,-0.278195489,1,-1
2025-26,2026/5/17,Man United,Nott'm Forest,Home,3,2,29,11,8,4,7,6,2,0,3,0.275862069,0.103448276,0.375,18,-0.087774295,-0.125,1
2025-26,2026/5/17,Newcastle,West Ham,Home,3,1,15,15,7,8,9,1,1,0,3,0.466666667,0.2,0.428571429,0,-0.066666667,0.303571429,8
2025-26,2026/5/17,Nott'm Forest,Man United,Away,2,3,11,29,4,8,6,7,1,0,0,0.363636364,0.181818182,0.5,-18,0.087774295,0.125,-1
2025-26,2026/5/17,Sunderland,Everton,Away,3,1,7,10,3,4,2,3,0,0,3,0.428571429,0.428571429,1,-3,0.028571429,0.75,-1
2025-26,2026/5/17,West Ham,Newcastle,Away,1,3,15,15,8,7,1,9,3,0,0,0.533333333,0.066666667,0.125,0,0.066666667,-0.303571429,-8
2025-26,2026/5/17,Wolves,Fulham,Home,1,1,11,13,3,5,3,6,1,0,1,0.272727273,0.090909091,0.333333333,-2,-0.111888112,0.133333333,-3
2025-26,2026/5/18,Arsenal,Burnley,Home,1,0,13,5,3,0,3,3,1,0,3,0.230769231,0.076923077,0.333333333,8,0.230769231,0.333333333,0
2025-26,2026/5/18,Burnley,Arsenal,Away,0,1,5,13,0,3,3,3,3,0,0,0,0,0,-8,-0.230769231,-0.333333333,0
2025-26,2026/5/19,Bournemouth,Man City,Home,1,1,10,14,2,5,7,6,4,0,1,0.2,0.1,0.5,-4,-0.157142857,0.3,1
2025-26,2026/5/19,Chelsea,Tottenham,Home,2,1,9,9,4,3,3,4,4,0,3,0.444444444,0.222222222,0.5,0,0.111111111,0.166666667,-1
2025-26,2026/5/19,Man City,Bournemouth,Away,1,1,14,10,5,2,6,7,2,0,1,0.357142857,0.071428571,0.2,4,0.157142857,-0.3,-1
2025-26,2026/5/19,Tottenham,Chelsea,Away,1,2,9,9,3,4,4,3,3,0,0,0.333333333,0.111111111,0.333333333,0,-0.111111111,-0.166666667,1
2025-26,2026/5/24,Arsenal,Crystal Palace,Away,2,1,17,8,7,3,4,3,1,0,3,0.411764706,0.117647059,0.285714286,9,0.036764706,-0.047619048,1
2025-26,2026/5/24,Aston Villa,Man City,Away,2,1,12,16,5,3,4,9,0,0,3,0.416666667,0.166666667,0.4,-4,0.229166667,0.066666667,-5
2025-26,2026/5/24,Bournemouth,Nott'm Forest,Away,1,1,17,15,4,5,3,6,1,0,1,0.235294118,0.058823529,0.25,2,-0.098039216,0.05,-3
2025-26,2026/5/24,Brentford,Liverpool,Away,1,1,11,24,2,8,2,14,3,0,1,0.181818182,0.090909091,0.5,-13,-0.151515152,0.375,-12
2025-26,2026/5/24,Brighton,Man United,Home,0,3,13,11,2,7,0,3,0,0,0,0.153846154,0,0,2,-0.482517483,-0.428571429,-3
2025-26,2026/5/24,Burnley,Wolves,Home,1,1,16,16,8,4,7,7,2,0,1,0.5,0.0625,0.125,0,0.25,-0.125,0
2025-26,2026/5/24,Chelsea,Sunderland,Away,1,2,10,20,1,2,7,7,2,0,0,0.1,0.1,1,-10,0,0,0
2025-26,2026/5/24,Crystal Palace,Arsenal,Home,1,2,8,17,3,7,3,4,0,0,0,0.375,0.125,0.333333333,-9,-0.036764706,0.047619048,-1
2025-26,2026/5/24,Everton,Tottenham,Away,0,1,8,21,3,6,2,6,3,1,0,0.375,0,0,-13,0.089285714,-0.166666667,-4
2025-26,2026/5/24,Fulham,Newcastle,Home,2,0,21,7,6,2,6,6,2,0,3,0.285714286,0.095238095,0.333333333,14,0,0.333333333,0
2025-26,2026/5/24,Leeds,West Ham,Away,0,3,13,16,3,9,4,6,3,0,0,0.230769231,0,0,-3,-0.331730769,-0.333333333,-2
2025-26,2026/5/24,Liverpool,Brentford,Home,1,1,24,11,8,2,14,2,2,0,1,0.333333333,0.041666667,0.125,13,0.151515152,-0.375,12
2025-26,2026/5/24,Man City,Aston Villa,Home,1,2,16,12,3,5,9,4,1,0,0,0.1875,0.0625,0.333333333,4,-0.229166667,-0.066666667,5
2025-26,2026/5/24,Man United,Brighton,Away,3,0,11,13,7,2,3,0,1,0,3,0.636363636,0.272727273,0.428571429,-2,0.482517483,0.428571429,3
2025-26,2026/5/24,Newcastle,Fulham,Away,0,2,7,21,2,6,6,6,2,0,0,0.285714286,0,0,-14,0,-0.333333333,0
2025-26,2026/5/24,Nott'm Forest,Bournemouth,Home,1,1,15,17,5,4,6,3,1,0,1,0.333333333,0.066666667,0.2,-2,0.098039216,-0.05,3
2025-26,2026/5/24,Sunderland,Chelsea,Home,2,1,20,10,2,1,7,7,3,0,3,0.1,0.1,1,10,0,0,0
2025-26,2026/5/24,Tottenham,Everton,Home,1,0,21,8,6,3,6,2,5,0,3,0.285714286,0.047619048,0.166666667,13,-0.089285714,0.166666667,4
2025-26,2026/5/24,West Ham,Leeds,Home,3,0,16,13,9,3,6,4,0,0,3,0.5625,0.1875,0.333333333,3,0.331730769,0.333333333,2
2025-26,2026/5/24,Wolves,Burnley,Away,1,1,16,16,4,8,7,7,2,0,1,0.25,0.0625,0.25,0,-0.25,0.125,0
